seed,split,n_train,n_test,identity_full_test_molecules,identity_full_distinct_keys,identity_connectivity_test_molecules,identity_connectivity_distinct_keys,fingerprint_test_molecules,fingerprint_distinct_keys,scaffold_test_molecules,scaffold_distinct,any_document_test_molecules,primary_document_test_molecules
42,random,1613,403,0,0,20,20,22,22,280,136,386,383
42,scaffold,1613,403,0,0,0,0,1,1,0,0,383,376
42,paper,1613,403,0,0,2,2,2,2,112,20,166,0
43,random,1613,403,0,0,28,28,33,33,260,130,388,381
43,scaffold,1613,403,0,0,0,0,0,0,0,0,359,346
43,paper,1613,403,0,0,8,8,8,8,148,26,117,0
44,random,1613,403,0,0,29,27,30,28,259,127,387,383
44,scaffold,1613,403,0,0,0,0,1,1,0,0,340,333
44,paper,1613,403,0,0,1,1,1,1,93,18,100,0
45,random,1613,403,0,0,21,21,25,25,281,135,384,378
45,scaffold,1613,403,0,0,0,0,0,0,0,0,389,382
45,paper,1613,403,0,0,3,3,3,3,60,18,52,0
46,random,1613,403,0,0,27,27,31,31,272,141,385,376
46,scaffold,1613,403,0,0,0,0,0,0,0,0,383,379
46,paper,1613,403,0,0,4,4,4,4,103,19,178,0
47,random,1613,403,0,0,24,24,29,29,265,134,387,378
47,scaffold,1613,403,0,0,0,0,0,0,0,0,378,343
47,paper,1613,403,0,0,3,3,3,3,68,23,90,0
48,random,1613,403,0,0,20,19,24,23,266,142,389,382
48,scaffold,1613,403,0,0,0,0,0,0,0,0,385,372
48,paper,1613,403,0,0,3,3,3,3,76,23,137,0
49,random,1613,403,0,0,25,25,29,29,249,127,388,381
49,scaffold,1613,403,0,0,0,0,1,1,0,0,364,355
49,paper,1613,403,0,0,10,10,10,10,55,17,109,0
50,random,1613,403,0,0,22,22,25,25,267,144,388,382
50,scaffold,1613,403,0,0,0,0,0,0,0,0,382,359
50,paper,1613,403,0,0,3,3,3,3,44,16,119,0
51,random,1613,403,0,0,16,16,21,21,266,138,388,384
51,scaffold,1613,403,0,0,0,0,1,1,0,0,358,351
51,paper,1613,403,0,0,3,3,3,3,106,16,82,0
