set,n,pass,fail,unevaluable,no_audit_result,pass_rate
P:training_top_decile,100,99,1,0,0,0.99
M:heldout_actives,100,99,1,0,0,0.99
S:heldout_actives,93,93,0,0,0,1.0
P:random_training,100,99,1,0,0,0.99
M:random_remaining,100,96,4,0,0,0.96
S:random_remaining,100,99,1,0,0,0.99
P:multi_real,100,98,2,0,0,0.98
P:multi_scrambled,100,99,1,0,0,0.99
P:activity_only,100,98,1,1,0,0.98
P:druglike_only,100,100,0,0,0,1.0
P:pareto_front,87,87,0,0,0,1.0
P:decoys,100,99,1,0,0,0.99
M:multi_real,100,99,0,1,0,0.99
M:multi_scrambled,100,99,1,0,0,0.99
M:activity_only,100,93,4,3,0,0.93
M:druglike_only,100,100,0,0,0,1.0
M:decoys,100,99,0,0,1,0.99
S:multi_real,100,99,1,0,0,0.99
S:multi_scrambled,100,98,2,0,0,0.98
S:activity_only,100,99,0,1,0,0.99
S:druglike_only,100,98,2,0,0,0.98
S:decoys,93,90,1,0,2,0.967741935483871
