inchikey,n_heavy_atoms,loo_max_tanimoto
AACAOIDOQXDMCI-UHFFFAOYSA-N,37,0.74390244
AAKJLRGGTJKAMG-UHFFFAOYSA-N,29,0.53571427
AALKGMAUAAHNQK-HDJSIYSDSA-N,30,0.82758623
AAUJENUAEZGRJZ-UHFFFAOYSA-N,30,0.8095238
AAYPLLWGPJQWCC-UHFFFAOYSA-N,25,0.53731346
AAYWXOINDKYXKL-UHFFFAOYSA-N,38,0.8101266
ABRBNWJYESXFLE-PWSAKUHLSA-N,32,0.6721311
ABXYGMKNQJBBKL-UHFFFAOYSA-N,19,0.61702126
ABZXRAQIVBXXPG-UHFFFAOYSA-N,36,0.9607843
ACASJCMNZMOGPH-AWEZNQCLSA-N,30,0.734375
ACCHERNYKNJQCA-UHFFFAOYSA-N,28,0.78688526
ACISHMVGWWWZAU-UHFFFAOYSA-N,30,0.84
ACNJMIYZGUUYIE-UHFFFAOYSA-N,32,0.91071427
ACWKGTGIJRCOOM-HHHXNRCGSA-N,27,0.7419355
ACXOEEATUCCUJW-HOTGVXAUSA-N,27,0.7692308
ADNQLYCKDLXBLL-UHFFFAOYSA-N,23,0.6727273
AEMJGAHADFWBRW-UHFFFAOYSA-N,31,0.72727275
AEQVIUQQIMQNRU-UHFFFAOYSA-N,23,0.81395346
AEZMHSFAAKOLNC-UHFFFAOYSA-N,33,0.8
AFTBNZZMNUUEFO-UHFFFAOYSA-N,42,0.59302324
AGGGWZCOULSEER-ATNAJCNCSA-N,29,1.0
AGGGWZCOULSEER-PYUWXLGESA-N,29,1.0
AGIIDJZSMZSLJN-UHFFFAOYSA-N,23,0.39506173
AGKFRSBXJJPUFG-UHFFFAOYSA-N,16,0.6486486
AHERCVYSASKJDT-UHFFFAOYSA-N,30,0.7936508
AHFARWUGWOGTLO-UHFFFAOYSA-N,34,0.68
AHIGNMOICQUWNV-UHFFFAOYSA-N,29,0.79310346
AHJRHEGDXFFMBM-UHFFFAOYSA-N,33,0.8208955
AHNKZHOSFCUALJ-HIFRSBDPSA-N,27,0.8363636
AHVALJRQHQNXRG-UHFFFAOYSA-N,22,0.7818182
AIEKRKAVLKYXDY-UHFFFAOYSA-N,25,0.8301887
AILLCBRMQPBNQN-UHFFFAOYSA-N,35,0.77922076
AILSZRQGUSMGLC-UHFFFAOYSA-N,31,0.7352941
AJGWZNNOCKCXMO-UHFFFAOYSA-N,24,0.7924528
AJLPDJZYNSSQJO-UHFFFAOYSA-N,33,0.6875
AJNPBOWCTJZTHG-SANMLTNESA-N,40,0.7894737
AKDZNPFQMDRCMU-UHFFFAOYSA-N,40,0.79761904
AKEMXASAMBDUOC-UHFFFAOYSA-N,27,0.6545454
AKGTYSYXMRZPBV-UHFFFAOYSA-N,38,0.9324324
AKIIIZOJWRPEPQ-UHFFFAOYSA-N,31,0.84615386
AKKYFIFRTKACRF-UHFFFAOYSA-N,37,0.74285716
AKQOBHZKBDHWQI-BZEFIUHZSA-N,31,0.8923077
AKQOBHZKBDHWQI-HUUCEWRRSA-N,31,0.8923077
AKUJQCDZMJSNMC-UHFFFAOYSA-N,37,0.7692308
ALIGWJQALOEVKJ-UHFFFAOYSA-N,24,0.84615386
ALNJIRVGTQKZMG-UHFFFAOYSA-N,26,0.7090909
AMDWMDLEIXAHBS-UHFFFAOYSA-N,28,0.6567164
AMVGGNXTABOYMX-UHFFFAOYSA-N,30,0.82539684
ANELMUPUYRZVHZ-UHFFFAOYSA-N,34,0.8428571
ANQDQWWAMYOUDW-UHFFFAOYSA-N,28,0.76363635
AOMMPEGZDRAGRC-UHFFFAOYSA-N,26,0.21111111
AOSKHAXBGHJEBD-XYPYZODXSA-N,27,0.83928573
APLSHXFBXOJEDP-UHFFFAOYSA-N,32,0.8194444
APPNGZTWXMXGRZ-UHFFFAOYSA-N,30,0.9411765
APWGKQAYROBBCL-UHFFFAOYSA-N,29,0.47540984
ARBBEKDOCAENFF-UHFFFAOYSA-N,30,1.0
ARMFMDYRYOKSOW-UHFFFAOYSA-N,28,0.9032258
ARRKXMMPNGFEAU-UHFFFAOYSA-N,22,0.60714287
ARWADAMVSZOLNL-UHFFFAOYSA-N,30,0.84615386
ASHIKBJIMQAXRA-UHFFFAOYSA-N,18,0.7619048
ATFLVTOQJPRCSY-UHFFFAOYSA-N,25,0.7894737
ATVWBFJVDAHZRG-UHFFFAOYSA-N,25,0.67346936
AUAUBVTWWCYNPP-UHFFFAOYSA-N,29,0.703125
AUEDZAHHSVPOOC-UHFFFAOYSA-N,25,0.7
AVBAKIPEZOKYCC-UHFFFAOYSA-N,28,0.88135594
AVIWDYSJSPOOAR-YSSOQSIOSA-N,30,0.60273975
AVKHUGZDSUKIKQ-UHFFFAOYSA-N,39,0.88461536
AWCHMFGQIYZKHQ-UHFFFAOYSA-N,22,0.84090906
AWSGLYKKQMTOCZ-UHFFFAOYSA-N,36,0.88
AWSLSQGTMWLKRH-UHFFFAOYSA-N,18,0.33333334
AWSQADBSXFTFKL-UHFFFAOYSA-N,22,0.2857143
AWTKTGLFVCACHC-UHFFFAOYSA-N,28,0.72727275
AWYIDZJUHWGVPJ-WDZFZDKYSA-N,24,0.7413793
AWZRGPIFBNJODY-UHFFFAOYSA-N,47,0.84090906
AXRLMUXJHUDPKS-UHFFFAOYSA-N,29,0.78688526
AXTGGTFVALFVDO-UHFFFAOYSA-N,33,0.8507463
AXTMWNUGUQHTGO-UHFFFAOYSA-N,22,0.68
AXWDQRXGOKDXJT-UHFFFAOYSA-N,22,0.76
AYAUBPBWQRHWHG-UHFFFAOYSA-N,29,0.8367347
AYHWTHWMLDRSHF-GOSISDBHSA-N,37,1.0
AYHWTHWMLDRSHF-UHFFFAOYSA-N,37,1.0
AYOMJWCPTKKGCF-UHFFFAOYSA-N,22,0.85714287
AZENZYQBDCPVQO-UHFFFAOYSA-N,35,0.8873239
AZHXFKCTCUPFGL-UHFFFAOYSA-N,26,0.6851852
AZVXQMYRGLZWMS-UHFFFAOYSA-N,34,0.85915494
BACSZMCLZIDTIO-IBGZPJMESA-N,33,1.0
BACSZMCLZIDTIO-LJQANCHMSA-N,33,1.0
BAFFTSARAOAHFW-UHFFFAOYSA-N,38,0.84415585
BAOWDLOLYGOWOE-GHMZBOCLSA-N,29,0.9285714
BAPMZESGRJMZNL-UHFFFAOYSA-N,40,0.9864865
BASWGBOBVOPWNF-UHFFFAOYSA-N,32,1.0
BAUPLMMFMLNKKB-UHFFFAOYSA-N,36,0.880597
BAXOFTOLAUCFNW-UHFFFAOYSA-N,9,0.27027026
BBACZASSMOBONU-UHFFFAOYSA-N,30,1.0
BBQOARXEMKNYLC-UHFFFAOYSA-N,20,0.7083333
BBUVDDPUURMFOX-MAEOIBBWSA-N,35,0.5104167
BCFGMOOMADDAQU-UHFFFAOYSA-N,40,0.6547619
BDKLBVUOSJBBMO-UHFFFAOYSA-N,25,0.62068963
BDPITHPBMLTQRJ-UHFFFAOYSA-N,24,0.73333335
BDRDBXXWQDFXEC-UHFFFAOYSA-N,26,0.61538464
BDRPEEVXRRASAS-UHFFFAOYSA-N,32,0.86567163
BDSZDRUCZASOJD-UHFFFAOYSA-N,35,0.76811594
BDYPUORSRWNQAZ-UHFFFAOYSA-N,18,0.7619048
BEFVJTSMLGHNEY-UHFFFAOYSA-N,31,0.96
BENAWDZPBLPFCU-UHFFFAOYSA-N,37,0.82051283
BETBNWGUKZUUAX-OTVXOJSOSA-N,26,0.25555557
BEUXYMIIIBPCKC-UHFFFAOYSA-N,24,0.8076923
BEYPVZLSMWIZRD-UHFFFAOYSA-N,50,0.4494382
BFEVMCZTMCQMQX-UHFFFAOYSA-N,28,0.84
BHEDZIRZEYUIFN-UHFFFAOYSA-N,31,0.8333333
BHZSNUSFIUCOCH-UHFFFAOYSA-N,25,0.7894737
BIIVYFLTOXDAOV-PXAZEXFGSA-N,28,1.0
BIIVYFLTOXDAOV-TYJDENFWSA-N,28,1.0
BIIVYFLTOXDAOV-YVEFUNNKSA-N,28,1.0
BIOJVWLNPPOUGW-AIGWJHGLSA-N,26,1.0
BIOJVWLNPPOUGW-RRSIMWOXSA-N,26,1.0
BIUSOGXDWCLKOI-WJDWOHSUSA-N,28,0.7241379
BJCMPHPEECZLCT-LSDHQDQOSA-N,29,0.24210526
BJDCORPGTMJYTL-UHFFFAOYSA-N,25,0.7586207
BJNLYPVJPNQSND-UHFFFAOYSA-N,32,0.859375
BJQYAIRJKXXIOH-UHFFFAOYSA-N,26,0.85714287
BKBYGIARQARTNG-UHFFFAOYSA-N,28,0.84615386
BKDUVKJYBJDZQW-UHFFFAOYSA-N,28,0.8
BKUMVXIXUVYKDQ-GHXNOFRVSA-N,23,0.78723407
BLGAPWCYLDPMFH-UHFFFAOYSA-N,33,0.8194444
BLILWBDSCDHCKK-UHFFFAOYSA-N,30,0.86440676
BLUORUUGUNHQIW-HXUWFJFHSA-N,36,1.0
BLUORUUGUNHQIW-UHFFFAOYSA-N,36,1.0
BLVLYWOLAOAKQM-GOSISDBHSA-N,38,1.0
BLVLYWOLAOAKQM-UHFFFAOYSA-N,38,1.0
BMBFWSJTQOPTEI-UHFFFAOYSA-N,39,0.58536583
BMCMBYDRKUTWFB-UHFFFAOYSA-N,23,0.7222222
BMFODXAZKLMRNP-UHFFFAOYSA-N,29,0.7758621
BMPXFYMECYEYOL-UHFFFAOYSA-N,39,0.7083333
BMXGRFBSHSEZOP-UHFFFAOYSA-N,34,0.7916667
BNDYIYYKEIXHNK-UHFFFAOYSA-N,22,0.53571427
BNXUVHSQMZRHIA-UHFFFAOYSA-N,27,0.84210527
BONJLZFNDLMWRE-UHFFFAOYSA-N,33,0.7826087
BOPIEFLHGAQWGB-KRWDZBQOSA-N,28,0.62903225
BPFRWNTWHHVPFL-UHFFFAOYSA-N,33,0.8142857
BPJJVLZTUAVNKR-UHFFFAOYSA-N,30,0.95652175
BPLVKTXNSGOTOW-UHFFFAOYSA-N,40,0.72727275
BRBRKNBXGRFQOJ-UHFFFAOYSA-N,25,0.8
BRNNWQGRVMEXRL-UHFFFAOYSA-N,29,0.64285713
BRROKWAZCDMWEU-UHFFFAOYSA-N,41,0.89041096
BRTIFMBVAUCZIX-HNNXBMFYSA-N,29,0.8103448
BSGQHAMZJBZCDP-UHFFFAOYSA-N,34,0.8235294
BSIBGXRENHGRJA-UHFFFAOYSA-N,30,0.7962963
BSNLHQAHNBSHIX-UHFFFAOYSA-N,39,0.9230769
BSQNZDHZPYKQMW-UHFFFAOYSA-N,32,0.34666666
BTEZMGVGCNGXKJ-UHFFFAOYSA-N,32,0.5753425
BTIHMVBBUGXLCJ-HNNXBMFYSA-N,26,1.0
BTIHMVBBUGXLCJ-OAHLLOKOSA-N,26,1.0
BUHOUIDYEMVBPL-UHFFFAOYSA-N,34,0.9846154
BULBBWSMORELAY-HXUWFJFHSA-N,37,1.0
BULBBWSMORELAY-UHFFFAOYSA-N,37,1.0
BUWKEFCPLBPYPS-UHFFFAOYSA-N,20,0.79545456
BUXUEPKVOZSCGP-UHFFFAOYSA-N,24,0.7169811
BVZZSEVVEDNIOM-UHFFFAOYSA-N,35,0.8873239
BWJDMRPMFRWAOP-UHFFFAOYSA-N,28,0.8305085
BXCQAEHFWJFGAT-YVLHZVERSA-N,27,0.75
BXNJHAXVSOCGBA-UHFFFAOYSA-N,16,0.3392857
BXOSDELNTKJOFY-UHFFFAOYSA-N,25,0.7
BYMFSZLMPVZBJV-UHFFFAOYSA-N,29,0.72131145
BYUAPXZEZUYLJI-QGZVFWFLSA-N,28,0.8309859
BZUYVWAZFWOBLI-CJNGLKHVSA-N,28,0.73134327
BZYZLWXWWROSRX-UHFFFAOYSA-N,32,0.49315068
CAGHIASAHLPQMS-UHFFFAOYSA-N,19,0.6458333
CAGQJBIABPQRCU-UHFFFAOYSA-N,29,0.8548387
CBAKEHNEEJTUGB-UHFFFAOYSA-N,33,0.76811594
CBARNMHMGRVVLO-SRQXXRKNSA-N,29,0.703125
CBFCBMJPNCKBPX-UHFFFAOYSA-N,31,0.7962963
CBLSWPLVIPVELR-UHFFFAOYSA-N,29,0.73846155
CCCPUPRKQZVNNE-UHFFFAOYSA-N,23,0.7755102
CCEAKNFETFDIHE-UHFFFAOYSA-N,31,0.59375
CCHCEDJEDOOBOI-UHFFFAOYSA-N,28,0.7692308
CCQSGDMLTCISMB-HXUWFJFHSA-N,32,0.7307692
CCYZUUUAWLVFFY-UHFFFAOYSA-N,28,0.7719298
CDKIUTDNGTUHKC-RKDXNWHRSA-N,29,0.8679245
CDNIYBIKHDLGMT-UHFFFAOYSA-N,31,0.7936508
CDPMBNCYGOAWNG-UHFFFAOYSA-N,30,0.88095236
CDQQTKCDLMOQJT-UHFFFAOYSA-N,43,0.7076923
CDSZKWUUDLFLDE-UHFFFAOYSA-N,17,0.68292683
CEIAWFVLEUQXHI-UHFFFAOYSA-N,39,0.8780488
CENYIRCGHXZATJ-UHFFFAOYSA-N,32,0.7619048
CEXBEGBNDJVZPK-UHFFFAOYSA-N,28,0.84210527
CFBXWHPXNROFFK-UHFFFAOYSA-N,26,0.78688526
CFCFOHDIBWRIJY-LLVKDONJSA-N,30,0.78333336
CFPNWWZAVOZYGZ-UHFFFAOYSA-N,31,0.8115942
CFVOAVDAPUQRNK-UHFFFAOYSA-N,34,0.8088235
CGECJCJUHCZZGO-UHFFFAOYSA-N,37,0.31683168
CGHADMRBCNGDHX-UWJYYQICSA-N,34,0.5405405
CHCQXFQJHTYEHC-UHFFFAOYSA-N,31,0.78125
CIBIVMWDVTYWNT-PMACEKPBSA-N,28,1.0
CIBXXWUKOQTXNE-UHFFFAOYSA-N,29,0.72727275
CJEPQTSCKKXACU-UHFFFAOYSA-N,29,0.7236842
CJGRDNJVZKGEBB-UHFFFAOYSA-N,22,0.7916667
CJOCXJOHQLURIU-UHFFFAOYSA-N,40,0.9493671
CJPMSUUANYLPET-UHFFFAOYSA-N,33,0.6666667
CKAYFBSKGOPXBW-UHFFFAOYSA-N,26,0.8030303
CLOQRRBPZHLSQE-UHFFFAOYSA-N,32,0.4027778
CLPCOIGXIBZTFX-UHFFFAOYSA-N,17,0.80487806
CLPJINDFWLTLAW-JLHYYAGUSA-N,25,0.6037736
CLRWMPFUTCKUQH-UHFFFAOYSA-N,22,0.65384614
CLSSTGLQHZQBJO-AWEZNQCLSA-N,27,0.7966102
CMEKRUHUVGTVLK-UHFFFAOYSA-N,30,0.84615386
CMKYBUFVJSEEFL-UHFFFAOYSA-N,26,0.84210527
CMMFUTDFYILBCW-UHFFFAOYSA-N,31,0.86440676
CMVLDSZYDWJTCG-UHFFFAOYSA-N,39,0.5714286
CMZSDEFKYDBOOO-UHFFFAOYSA-N,27,0.7719298
CNOCMZIRTIXMIA-UHFFFAOYSA-N,26,0.85714287
CNSXYUZUUPJMQL-UHFFFAOYSA-N,31,0.7941176
COALBSOMQOGPKG-NRFANRHFSA-N,39,1.0
COALBSOMQOGPKG-UHFFFAOYSA-N,39,1.0
COAWUQNGTGZZLZ-UHFFFAOYSA-N,24,0.76086956
COCSQCRETSHJCO-UHFFFAOYSA-N,36,0.7826087
COGUZYALRYMQTD-UHFFFAOYSA-N,36,0.9189189
COZXWPYGNVMBST-UHFFFAOYSA-N,35,0.7567568
CPJULNXNBQMSHF-HCGLCNNCSA-N,41,0.92753625
CQCXWWWNUFQYJS-UHFFFAOYSA-N,23,0.877551
CQHOSPMLVTXHPG-UHFFFAOYSA-N,23,0.82608694
CQRIAAFLHSDGDT-JSYYRVNXSA-N,50,0.82758623
CQTLZLNINBOMGH-UHFFFAOYSA-N,22,0.7619048
CRSRQGVEEUYTNA-UHFFFAOYSA-N,30,0.84745765
CRXBYOWJISXKAI-LCYFTJDESA-N,32,1.0
CRXBYOWJISXKAI-UKTHLTGXSA-N,32,1.0
CSDWDUQSLKTTMK-ZIAGYGMSSA-N,32,0.8
CSEWCIIPSWNSJT-UHFFFAOYSA-N,19,0.78571427
CSGCDMVLAQPKKB-UHFFFAOYSA-N,22,0.6226415
CSLDJIQXODIGOA-UHFFFAOYSA-N,18,0.65909094
CSLZMUNSYBEMJM-UHFFFAOYSA-N,25,0.66101694
CTBIJMZOVXFZMW-UHFFFAOYSA-N,26,0.76785713
CTVGUZZYYBOQJM-ONEGZZNKSA-N,32,0.82191783
CVIBDXQYFNZNMA-ZBFHGGJFSA-N,27,0.8363636
CVNQRFZZFGTWIK-UHFFFAOYSA-N,41,0.9
CWQKPKYIMQTGJK-UHFFFAOYSA-N,19,0.7209302
CWRTWFWDDAJOMG-UHFFFAOYSA-N,24,0.78846157
CWZJACZPSOWPBL-UYAOXDASSA-N,35,0.8243243
CXBHMSHVCKEEGW-UHFFFAOYSA-N,25,0.8627451
CXCNOMPSSIJKDE-XYOKQWHBSA-N,40,0.8604651
CXDXSBLYPKFPLO-VXMTXHJISA-N,26,1.0
CXDXSBLYPKFPLO-WSQDCVBFSA-N,26,1.0
CXNXFUAHKZOVID-UHFFFAOYSA-N,30,0.8032787
CXQJGJMKSNFPQC-UHFFFAOYSA-N,18,0.8
CYDLLVRGTOAFHG-UHFFFAOYSA-N,32,1.0
CYEPJSLJPCILCR-UHFFFAOYSA-N,24,0.76785713
CYGFBAYJGHPNBO-UHFFFAOYSA-N,39,0.83116883
CYNLHOIMJSFAKV-XYPYZODXSA-N,27,0.83928573
CZCUSHJQJWKYTD-UHFFFAOYSA-N,23,0.4528302
CZDONRYGQBBPBK-UHFFFAOYSA-N,29,0.8245614
CZGMEOAMQWAJOY-UHFFFAOYSA-N,28,0.41935483
CZJUVDUMFZEZIA-UHFFFAOYSA-N,25,0.8235294
CZQMPFCNIINMMC-UHFFFAOYSA-N,39,0.9864865
CZZAPCPWFCGOCC-GHXNOFRVSA-N,22,0.54385966
DARUYCQCOQATNX-UHFFFAOYSA-N,22,0.6481481
DAWLRKYDSIQUEZ-UHFFFAOYSA-N,34,0.8245614
DAZBLQDQZWHNQD-UHFFFAOYSA-N,16,0.6756757
DBAYOMQZYDSJKV-UHFFFAOYSA-N,33,0.92
DBMDDPPJNJATQH-UHFFFAOYSA-N,33,0.84313726
DCQUEYKYABNNDA-VIFPVBQESA-N,26,0.7758621
DCRIEDZZYPOGPK-UHFFFAOYSA-N,39,0.7948718
DDPXHKZKKGHHCY-UHFFFAOYSA-N,40,0.74285716
DEHIJMMDFWASMK-UHFFFAOYSA-N,27,0.78333336
DENIPLMYQYHPPA-UHFFFAOYSA-N,25,0.7962963
DENRRAMLWBYAGF-AWEZNQCLSA-N,30,0.78688526
DEQKSXYLYYLTSY-UHFFFAOYSA-N,31,0.85294116
DESNULOADHHAOA-UHFFFAOYSA-N,36,0.77922076
DFCUTNCAGIEUFG-UHFFFAOYSA-N,28,0.72131145
DFFKHQMOSUXPAS-HDJSIYSDSA-N,26,0.67741936
DFGYFXJMFRWQGT-GOSISDBHSA-N,31,1.0
DFGYFXJMFRWQGT-SFHVURJKSA-N,31,1.0
DFIVVEORDIGFRH-UHFFFAOYSA-N,36,0.85
DGGPZPWZNMDOFP-UHFFFAOYSA-N,27,0.7258065
DGKDQGNOYZSJDK-UHFFFAOYSA-N,33,0.8648649
DGMWYGXZHPOYKH-UHFFFAOYSA-N,29,0.7924528
DGPFURGWWCIZHR-UHFFFAOYSA-N,23,0.7755102
DGUMNVQVABBBNL-UHFFFAOYSA-N,26,0.7777778
DGWXOLHKVGDQLN-UHFFFAOYSA-N,18,0.60784316
DHFSWODVDVUGGC-INIZCTEOSA-N,35,0.8169014
DHMHGKLKKIGMHX-UHFFFAOYSA-N,39,0.84615386
DHWHLFAGRRCACI-UHFFFAOYSA-N,31,0.82258064
DICCZNJWXHXBSD-UHFFFAOYSA-N,25,0.8113208
DIGPJWWRUONFBO-UHFFFAOYSA-N,35,0.8428571
DILAVBXKBLNCME-UHFFFAOYSA-N,24,0.75510204
DIWXPXNCGSGMLS-UHFFFAOYSA-N,29,0.7966102
DJOPDQNHJUNVIQ-UHFFFAOYSA-N,35,0.9074074
DJXFMECMJJONCX-UHFFFAOYSA-N,27,0.84210527
DKGCKUUOPCFNNH-UHFFFAOYSA-N,32,0.8507463
DKLSGSVYDCGNPU-UHFFFAOYSA-N,31,0.95652175
DKTHMZUTCUNQAZ-UHFFFAOYSA-N,39,0.8780488
DKXHSOUZPMHNIZ-UHFFFAOYSA-N,16,0.30508474
DLFSESWOWKXVMD-UHFFFAOYSA-N,27,0.8333333
DLIDUXYWQPLFEM-UHFFFAOYSA-N,34,0.4473684
DLKLSEQEOIJHQF-UHFFFAOYSA-N,34,0.8648649
DLNVXQGIVOPKFV-KTDAUSLXSA-N,30,0.84375
DLPIYBKBHMZCJI-DOTOQJQBSA-N,29,1.0
DLPIYBKBHMZCJI-WBVHZDCISA-N,29,1.0
DLSGMAQHSIRVJJ-UHFFFAOYSA-N,37,0.83076924
DLYVGVOGPLQZFG-UHFFFAOYSA-N,27,0.74509805
DMBVYCDISNAJPU-INIZCTEOSA-N,28,0.6956522
DNBJCVYANBEAGR-UHFFFAOYSA-N,26,0.2535211
DNFNQGHGGVBVSY-UHFFFAOYSA-N,40,0.8076923
DNGHYRYQEMRIDG-UHFFFAOYSA-N,37,0.8783784
DNPAFFFLKNOGHD-UHFFFAOYSA-N,35,0.98507464
DNSNIVPZDDXYEL-UHFFFAOYSA-N,29,0.8095238
DNXLFICBXNMUNW-NSHDSACASA-N,26,0.66101694
DNYBIOICMDTDAP-UHFFFAOYSA-N,28,0.609375
DNZGEPPZYMAFLN-MRXNPFEDSA-N,38,0.8108108
DNZYOZKYEXTOPJ-UHFFFAOYSA-N,36,0.75949365
DODVGTHDEMMYPW-UHFFFAOYSA-N,29,0.73770493
DOEBKADJUANKHT-UHFFFAOYSA-N,40,0.42682928
DPPNUGHHPDHVMX-SFGWALBWSA-N,36,0.73913044
DQHGXHGUNOSYSE-UHFFFAOYSA-N,25,0.7096774
DQPJVNQWPBLBAB-UHFFFAOYSA-N,43,0.68604654
DREJCZYHSLQQGT-UHFFFAOYSA-N,29,0.8448276
DSAZIMVNBOYSQB-UHFFFAOYSA-N,33,0.74626863
DSMBDRWDECFDNR-NRFANRHFSA-N,39,1.0
DSMBDRWDECFDNR-OAQYLSRUSA-N,39,1.0
DTNXNLFOABWGKC-UHFFFAOYSA-N,38,0.7692308
DTOOAXMGUHDYNM-UHFFFAOYSA-N,30,0.9137931
DTRNBPVOMBKUTK-UHFFFAOYSA-N,18,0.2542373
DTTIISYOYISNJH-UHFFFAOYSA-N,23,0.7777778
DULGHLDQYKRXTJ-UHFFFAOYSA-N,24,0.7777778
DULLSEQKLNMVJV-UHFFFAOYSA-N,26,0.91071427
DUNAJBJGTYHHFR-UHFFFAOYSA-N,28,0.6666667
DUPIINAVKMGMHG-UHFFFAOYSA-N,28,0.6031746
DUPJERCDKVJCCS-UHFFFAOYSA-N,32,0.85915494
DUQLWBPQEZFAKS-UHFFFAOYSA-N,30,0.6212121
DUTKJVVQSQITCC-UHFFFAOYSA-N,30,0.8103448
DVBJHZDVRNGXLE-QAQDUYKDSA-N,32,0.75
DVDLZLUKYIFIOR-UHFFFAOYSA-N,28,0.58666664
DVJXBMQCLHDFIV-UHFFFAOYSA-N,24,0.36507937
DWBSENKAVBVZEJ-GOSISDBHSA-N,35,0.9189189
DWCBCNDYPFILIY-UHFFFAOYSA-N,18,0.73333335
DWJBOQXBZKRPLV-UHFFFAOYSA-N,29,0.625
DWLVUAOJOFAURW-UHFFFAOYSA-N,42,0.7906977
DWMYQJBUFRLTQG-GORDUTHDSA-N,36,0.77922076
DWVMFMWELQFMNJ-UHFFFAOYSA-N,39,0.85365856
DXIAHMIZSNQSST-HNNXBMFYSA-N,26,0.8214286
DXSFSGMRGCIRSG-UHFFFAOYSA-N,16,0.5952381
DXYJEPWQHDFWKC-UHFFFAOYSA-N,32,0.75
DXZFQTAPRSQZBA-UHFFFAOYSA-N,27,0.9285714
DYNJFQAYZGECBV-UHFFFAOYSA-N,19,0.67391306
DYNVDYWVVYCHHR-UHFFFAOYSA-N,37,0.8684211
DYRKHLOFLBMAGH-UHFFFAOYSA-N,24,0.8979592
DZSDYDGUHYPYPC-UHFFFAOYSA-N,26,0.8780488
FADBFXGGKHHVNR-HHHXNRCGSA-N,39,0.7866667
FAJUKMUPSMAZEK-UHFFFAOYSA-N,34,0.73333335
FBFCEASGGVTKEY-UHFFFAOYSA-N,31,0.75
FBMRMTHKZVMVDV-UHFFFAOYSA-N,32,0.86885244
FDEXXQUKUXAVRQ-ROUUACIJSA-N,28,0.9791667
FEBXDTFBHZJUJT-UHFFFAOYSA-N,39,0.8072289
FEEKGGYBLXCKCC-UHFFFAOYSA-N,29,0.79310346
FGFWZFYILZKNBW-UHFFFAOYSA-N,44,0.75
FHDPQTHZTKXVCW-UHFFFAOYSA-N,30,0.5151515
FHEKOHYCVBZJPQ-UHFFFAOYSA-N,33,0.91780823
FHTOFDBQMPQMLQ-UHFFFAOYSA-N,29,0.82608694
FHUULRWYKIDOHF-UHFFFAOYSA-N,42,0.9324324
FIRZNFNHYVXQPP-IBGZPJMESA-N,33,0.8636364
FISPOMCKBOYLEG-JOCQHMNTSA-N,25,0.6779661
FITNLFQULPJFRL-UHFFFAOYSA-N,23,0.82222223
FJEXBYVIDPXIBM-HSZRJFAPSA-N,35,1.0
FJEXBYVIDPXIBM-QHCPKHFHSA-N,35,1.0
FJJJERLTHDXEPT-JYRVWZFOSA-N,24,0.74509805
FLAQHSSOAXIOIA-HNNXBMFYSA-N,31,0.7121212
FLDQRJGKJVDZNA-UHFFFAOYSA-N,28,0.6935484
FLYNZEXUURBXAW-JTQLQIEISA-N,26,0.7758621
FMYDWZBWZKJPCK-UHFFFAOYSA-N,40,0.80263156
FNECORBUMBYEPJ-UHFFFAOYSA-N,23,0.81395346
FNZRNRPNWVXECL-UHFFFAOYSA-N,22,0.78
FOBQDUDIHLWHMU-UHFFFAOYSA-N,36,0.6857143
FOESVLPZMGVWBM-JOCQHMNTSA-N,23,0.609375
FOFHDVOENOAIGR-UHFFFAOYSA-N,37,0.828125
FOKOZXITMRFJDN-UHFFFAOYSA-N,36,0.6857143
FONRCZUZCHXWBD-VGOFMYFVSA-N,41,0.56122446
FPFZKLQQOCTYKM-IBGZPJMESA-N,37,0.98571426
FPKSFXFWECAIBR-UHFFFAOYSA-N,23,0.73913044
FPRLDACYCIWFIM-UHFFFAOYSA-N,23,0.71428573
FPZYYCPZIIPVNT-IBGZPJMESA-N,32,0.8181818
FQJFTSMSJXOYME-UHFFFAOYSA-N,24,0.8604651
FQTJEZMOBVVNAD-UHFFFAOYSA-N,26,0.8
FQXIPYVUOFUNCY-UHFFFAOYSA-N,27,0.75
FRHDZWLQTMKUPC-UHFFFAOYSA-N,31,0.26923078
FRMUVPUWSPBSID-UHFFFAOYSA-N,28,0.704918
FRPNTLUZPVREQA-UHFFFAOYSA-N,28,0.7741935
FRUDYEUOYPWKKU-UHFFFAOYSA-N,36,0.85714287
FSACDFYOLXPJSX-UHFFFAOYSA-N,27,0.8076923
FSBZLMWCSXRVNQ-UHFFFAOYSA-N,34,0.4390244
FSSNONJREOQPMO-UHFFFAOYSA-N,35,0.8169014
FTFDOZLQPLTYBX-UHFFFAOYSA-N,23,0.25641027
FTFHCSWIOVPGGS-UHFFFAOYSA-N,38,0.8780488
FTRPIMYLRVCHMY-UHFFFAOYSA-N,25,0.75
FTVSRDXTCVDLNI-UHFFFAOYSA-N,24,0.80701756
FUMJKSZLZJFCAQ-UHFFFAOYSA-N,27,0.8947368
FUTLJNOGKQFKCL-UHFFFAOYSA-N,22,0.58
FUUWOHHJIKTUIR-UHFFFAOYSA-N,25,0.8301887
FVTBNLXYEQBKLR-UHFFFAOYSA-N,34,0.984375
FWEOQOXTVHGIFQ-UHFFFAOYSA-N,21,0.44680852
FWVDYURMNWRTHU-UHFFFAOYSA-N,26,0.82758623
FWXFLHLNXMUVDC-UHFFFAOYSA-N,25,0.8301887
FXDWNCFVVOSWKM-UHFFFAOYSA-N,34,0.5151515
FXIMIJCGTDGDFQ-UHFFFAOYSA-N,33,0.41538462
FXNYFKNNCUKUAE-UHFFFAOYSA-N,31,0.82857144
FYHSDKCDJZHNOM-UHFFFAOYSA-N,31,0.7222222
FYPBWYRJVFZUDM-UHFFFAOYSA-N,25,0.84210527
FYTKRHWUZSNWFH-UHFFFAOYSA-N,22,0.75
FYYYMEMZRSXLIX-UHFFFAOYSA-N,28,0.625
FZIXLWQFVIFLAF-UHFFFAOYSA-N,28,0.9302326
FZPJYIIJUFGDEH-UHFFFAOYSA-N,28,0.63380283
FZTJERAWWYKCDB-UHFFFAOYSA-N,34,0.7012987
GAQZTUHMZFHHGQ-PWSUYJOCSA-N,23,0.9183673
GASKLLGYESCIOX-UHFFFAOYSA-N,12,0.67741936
GAVACURIHQESLA-UHFFFAOYSA-N,26,0.84
GAVPKFXPGFHFSY-UHFFFAOYSA-N,29,0.79310346
GAWLYGKVBBQKJR-UHFFFAOYSA-N,24,0.8076923
GAYYZQYKXQJXQA-UHFFFAOYSA-N,36,0.84
GBFWZCHKVJJGKE-ONEGZZNKSA-N,32,0.8333333
GBRORGYPYNNDGL-UHFFFAOYSA-N,36,0.5
GCELNWHYDYQJHB-UHFFFAOYSA-N,38,0.8051948
GCIMHCJOZUYMTH-UHFFFAOYSA-N,31,0.703125
GCKFVYKOXJCXQH-UHFFFAOYSA-N,22,0.21052632
GCNSUXMONRYRHL-UHFFFAOYSA-N,35,0.7916667
GCNUHXYSZTZUGC-UHFFFAOYSA-N,32,0.765625
GCWMGQFAGIVZCJ-UHFFFAOYSA-N,35,0.7704918
GDKFMMHDPYDGQS-JCMHNJIXSA-N,33,0.7818182
GDMFHZWESGTFGR-UHFFFAOYSA-N,24,0.64285713
GDQXJQSQYMMKRA-UHFFFAOYSA-N,25,0.63461536
GDSQVLMYYCNAGP-UHFFFAOYSA-N,27,0.5753425
GDZULWKNFKCRJP-UHFFFAOYSA-N,32,0.46031746
GDZVTFLLGJNTRE-UHFFFAOYSA-N,36,0.7916667
GEICEYBJACBCSI-CPYOLTPOSA-N,25,0.78846157
GFAOBTBGGGZDLI-UHFFFAOYSA-N,31,0.86567163
GFHRPONHRZBFNC-UHFFFAOYSA-N,28,0.93333334
GFPPHSHWJZFXOY-UHFFFAOYSA-N,19,0.75609756
GFTNFPLXWATKRF-UHFFFAOYSA-N,27,0.63793105
GGQSOEXSCZITMC-HNNXBMFYSA-N,30,0.82258064
GGTPTLANFCGFPU-UHFFFAOYSA-N,31,0.75
GGYDJNHAXDHSOW-UHFFFAOYSA-N,26,0.6896552
GHBIFDBGDNHWRO-OWOJBTEDSA-N,28,0.6376812
GHRNSZVMIARHIS-UHFFFAOYSA-N,32,0.5277778
GHZHWLNSNHLNPM-UHFFFAOYSA-N,25,0.78333336
GIDICEDQVLRALE-AWEZNQCLSA-N,30,0.64615387
GILWXCHDCXNXEJ-NSCUHMNNSA-N,28,0.8032787
GIOKUJORFDKSSG-UHFFFAOYSA-N,40,0.88461536
GIXFRBHZNMDGTA-UHFFFAOYSA-N,36,0.8196721
GIZPFVOLECDOMF-UHFFFAOYSA-N,19,0.65957445
GJEWTVQXBHSVAU-UHFFFAOYSA-N,32,0.9402985
GJHVXBPCYTULDM-UHFFFAOYSA-N,25,0.81632656
GJVPWZGJUOVEBA-CPYOLTPOSA-N,25,0.779661
GJWREBSBNVGINK-UHFFFAOYSA-N,23,0.8367347
GJWWXUHHULUCNL-UHFFFAOYSA-N,23,0.7777778
GJYYBRPTBQFCBQ-UHFFFAOYSA-N,23,0.5625
GKJRCQIJVHMRJB-AIGWJHGLSA-N,26,1.0
GKJRCQIJVHMRJB-RRSIMWOXSA-N,26,1.0
GKMHWPHQBQHBKR-UHFFFAOYSA-N,27,0.6363636
GKWZHZVUJVOVJN-FQEVSTJZSA-N,27,0.7586207
GKYWYTPELQGBKI-UHFFFAOYSA-N,23,0.75555557
GKYYTSZOQJZHGT-UHFFFAOYSA-N,23,0.9
GLDNWRDDANDORD-UHFFFAOYSA-N,27,0.7777778
GLHAYKFNIDJXMB-UHFFFAOYSA-N,24,0.7777778
GLRKPAPXDMFPQG-UHFFFAOYSA-N,36,0.7866667
GLYHKPNATCXTDU-UHFFFAOYSA-N,34,0.983871
GLZATFDWZHAPRP-UHFFFAOYSA-N,30,1.0
GMZMBNHSARXFJO-UHFFFAOYSA-N,32,0.7846154
GNEARXSVRDSWKT-UHFFFAOYSA-N,40,0.84810126
GNHNRVSQWNAGHC-UHFFFAOYSA-N,25,0.70689654
GNKBIOXXCOOUOE-UHFFFAOYSA-N,19,0.7659575
GNLAGGCSJGJECE-UHFFFAOYSA-N,30,0.84745765
GNNITDMBZFNNES-SEJPIABJSA-N,38,0.84210527
GNODSQUZRSUVER-MVVIKVQCSA-N,26,1.0
GNODSQUZRSUVER-QILFFNKJSA-N,26,1.0
GNWQPICFCPORII-UHFFFAOYSA-N,33,0.983871
GNWYRGSZYKTRDA-UHFFFAOYSA-N,35,0.734375
GOMFPMNFGUSIKQ-UHFFFAOYSA-N,24,0.84615386
GOSZNPGORCKQLX-UHFFFAOYSA-N,26,0.7777778
GOTKZROZHBWZJH-UHFFFAOYSA-N,32,0.8245614
GOWOIXBMOFKIQJ-YVLHZVERSA-N,30,0.7818182
GOXVDXLRXMYVPC-INIZCTEOSA-N,30,1.0
GOXVDXLRXMYVPC-MRXNPFEDSA-N,30,1.0
GOXWKSGPJSRKKD-UHFFFAOYSA-N,33,0.8181818
GPJNTQGFTWMDLA-UHFFFAOYSA-N,33,0.8730159
GRIONNZJVZNNLU-UHFFFAOYSA-N,31,0.78688526
GRRNIYUPAMFHIY-UHFFFAOYSA-N,26,0.8103448
GRRRTSYISZLDQL-UHFFFAOYSA-N,28,0.6615385
GRTUMJJZJZNLTJ-UHFFFAOYSA-N,24,0.7090909
GSEWODUYOOBDMD-UHFFFAOYSA-N,32,0.22988506
GSQNTGGWLBUZMI-XGAFWQRZSA-N,35,0.91935486
GSQSUXUGIZIZKM-UHFFFAOYSA-N,20,0.6904762
GSZZPZBMJBFRPF-UHFFFAOYSA-N,16,0.5102041
GTVPOLSIJWJJNY-UHFFFAOYSA-N,22,0.74509805
GUFBPMJFZODEDT-UHFFFAOYSA-N,31,1.0
GUKYWSVRGDINLN-UHFFFAOYSA-N,27,0.75
GULJQUMNCSFQCO-UHFFFAOYSA-N,29,0.779661
GUPLVXQEYAKBCK-UHFFFAOYSA-N,32,0.8181818
GUQGKTHAOXNYHX-UHFFFAOYSA-N,24,0.877551
GUQGZGWZZNIUIH-LXAPUOBYSA-N,36,0.8
GUWIPPRZYFNPFL-UHFFFAOYSA-N,31,0.9574468
GVBSYPNRBBBGNI-UHFFFAOYSA-N,33,0.82191783
GVDFEEWXDDADBG-UHFFFAOYSA-N,26,0.8135593
GVLNOGGRKFWOTC-UHFFFAOYSA-N,33,0.8636364
GWBAJFXUTFQGQH-UHFFFAOYSA-N,22,0.8333333
GWTAEVKZCDFFEX-UHFFFAOYSA-N,20,0.6923077
GWZYVJHBZJZRJD-UHFFFAOYSA-N,35,0.984127
GXDMNAKMJVMWKQ-UHFFFAOYSA-N,31,0.73239434
GXLXGKDGYHMQHG-AZFZMOAFSA-N,35,0.8
GXSHOVGORXNAQT-UHFFFAOYSA-N,33,0.95238096
GXZJLHQMNOLIAB-UHFFFAOYSA-N,23,0.72
GXZUVRUIKBPARL-UHFFFAOYSA-N,28,0.779661
GYDXFTMHNUETBY-UHFFFAOYSA-N,38,0.92
GYHRPYWPGXCVOY-INIZCTEOSA-N,31,1.0
GYHRPYWPGXCVOY-MRXNPFEDSA-N,31,1.0
GYNZGXINUJMHPX-UHFFFAOYSA-N,32,0.57894737
GYXIWAUJTCPXPZ-UHFFFAOYSA-N,35,0.98507464
GYZWOONBQFZWQO-UHFFFAOYSA-N,33,0.7777778
GZAGBRPFBCDRDL-UHFFFAOYSA-N,35,0.875
GZCPTOJBBPEFMY-UHFFFAOYSA-N,31,0.8115942
GZCREURYZWXRHS-UHFFFAOYSA-N,32,0.67142856
GZEWMDYKYJQWHT-UHFFFAOYSA-N,34,0.91780823
GZVCTQMUVXOZHD-UHFFFAOYSA-N,29,0.7413793
GZVRXEGFMOGBKP-QAQDUYKDSA-N,34,0.7619048
HAFBFLQYRSRGDY-UHFFFAOYSA-N,23,0.7017544
HARCNHPDYDKMHE-UHFFFAOYSA-N,30,0.84782606
HATXFEHOSXEUOA-BWFPZVSSSA-N,31,0.84375
HBGBNRBGCBVAFP-UHFFFAOYSA-N,25,0.7719298
HBLUJJRKHYEUPJ-UHFFFAOYSA-N,31,0.73015875
HCAPKVUYVLOOHA-UHFFFAOYSA-N,40,0.8271605
HCCNJLKJQAHREN-UHFFFAOYSA-N,41,0.987013
HCDMTAFKVSYHRC-OEMAIJDKSA-N,27,0.74626863
HCZOVFUFNUCZIL-NRSAYIQQSA-N,30,0.83870965
HDCDSMRDFBKWMT-UHFFFAOYSA-N,23,0.85714287
HEFHQIBQGOCQAF-UHFFFAOYSA-N,25,0.6481481
HENSNQXDVSMDLC-UHFFFAOYSA-N,31,1.0
HERHKHDLLDTTOJ-UHFFFAOYSA-N,26,0.8135593
HERLPXJOFZEMRL-UHFFFAOYSA-N,26,0.60655737
HESTVKKGEPAUNN-UHFFFAOYSA-N,27,0.8076923
HFIXLXXNEZMSGH-UHFFFAOYSA-N,26,0.76785713
HFKACECLQSWOGF-UHFFFAOYSA-N,25,0.76086956
HFKMNAUFISJBSK-UHFFFAOYSA-N,32,0.8428571
HFTLYNKTSANXFA-UHFFFAOYSA-N,16,0.5849057
HFXIFLRPECMUAU-UHFFFAOYSA-N,22,0.7818182
HFXTVBKCYHMPRP-LFIBNONCSA-N,33,0.30864197
HGBNXMUZCGQMOG-UHFFFAOYSA-N,29,0.7924528
HGEJNHUGVPFHIF-UHFFFAOYSA-N,20,0.7804878
HGFLDVQTDYSNRS-BOPFTXTBSA-N,26,0.7818182
HGHDRKJHOUHEHA-UHFFFAOYSA-N,28,0.6666667
HHNFRVFYHNQUPY-HNNXBMFYSA-N,27,0.8135593
HHPDSXQOWLZSJM-UHFFFAOYSA-N,24,0.75438595
HHSIUHRARDLCPM-UHFFFAOYSA-N,37,0.85507244
HIKMYPBLGKUYLS-UHFFFAOYSA-N,29,0.76666665
HIMUEIQDEDWCOT-UHFFFAOYSA-N,32,0.82191783
HJLQTCJLJAJRFH-ONEGZZNKSA-N,34,0.7714286
HJQWAOOLYPCQMS-UHFFFAOYSA-N,29,0.8947368
HKSZLNNOFSGOKW-FYTWVXJKSA-N,35,0.72602737
HKTRJIILONQAFK-UHFFFAOYSA-N,30,0.8032787
HLOKDQHOCMHLLI-UHFFFAOYSA-N,36,0.8933333
HLPOAKREBSMEOL-UHFFFAOYSA-N,29,0.83870965
HLSOKPIRBWPIEF-KRWDZBQOSA-N,30,0.7164179
HMAJGFYNRRZUJX-UHFFFAOYSA-N,30,0.9230769
HNMARRTVPIAGPR-GZWOMBDOSA-N,29,0.83870965
HOCNIFWVFFJCFT-UHFFFAOYSA-N,23,0.68
HOIDDIAWOSDERZ-QHCPKHFHSA-N,35,0.64788735
HOOQLZPFGONGJY-UHFFFAOYSA-N,29,0.421875
HOPYTUITHBXQSC-UHFFFAOYSA-N,32,0.8787879
HPCOUXPDYAOAFD-UHFFFAOYSA-N,25,0.8627451
HPMKMPNNTLGDLY-UHFFFAOYSA-N,25,0.6721311
HQGMRHNRHQZULO-UHFFFAOYSA-N,37,0.7567568
HQHSJJZIICGOIX-UHFFFAOYSA-N,16,0.5625
HQXQQINRSRUUEJ-UHFFFAOYSA-N,21,0.76086956
HQYBJDBTJVHYKB-UHFFFAOYSA-N,32,0.35897437
HRCGSBHCRJQDMC-NWDGAFQWSA-N,28,0.84375
HRIQVCCRXNQUAH-KPKJPENVSA-N,39,0.90140843
HRJWTAWVFDCTGO-UHFFFAOYSA-N,38,0.8055556
HRLAEVMLTWVMMY-UHFFFAOYSA-N,23,0.66071427
HRNCZTCMTNQKPN-UHFFFAOYSA-N,24,0.6666667
HRZWXMORMBRUEE-UHFFFAOYSA-N,36,0.8082192
HSEUQWUJSFQRHV-IRXDYDNUSA-N,27,0.9791667
HTBKVAJZYRVZSW-UHFFFAOYSA-N,33,0.85714287
HTFBNTYFTGIOEK-UHFFFAOYSA-N,38,0.8227848
HUUCUGRZFSMNOH-UHFFFAOYSA-N,31,0.7794118
HUUHWIKDYLSDJJ-UHFFFAOYSA-N,34,0.85294116
HUUYQUKEWGQKGJ-UHFFFAOYSA-N,30,0.7704918
HUXYBQXJVXOMKX-UHFFFAOYSA-N,26,0.3409091
HVFVQLFPRQYJTR-ZDUSSCGKSA-N,33,0.8
HVKMMDVZQKUXML-IBGZPJMESA-N,30,0.72131145
HVMRLFSFHWCUCG-UHFFFAOYSA-N,11,0.23404256
HVRRMJKBJSKZOK-UHFFFAOYSA-N,34,0.86567163
HVTYFANOGPVRAE-UHFFFAOYSA-N,38,0.8666667
HVWXMQOSMQSZLU-UHFFFAOYSA-N,25,0.7234042
HWOAQZBIJPMRLH-UHFFFAOYSA-N,18,0.52
HWSNASOWCNIMEX-UHFFFAOYSA-N,26,0.8103448
HWUQUQZRNDZMLC-AWEZNQCLSA-N,36,1.0
HWUQUQZRNDZMLC-CQSZACIVSA-N,36,1.0
HXETYVYQZULBML-ONEGZZNKSA-N,34,0.8428571
HXHDANBBZJXJAF-GDNBJRDFSA-N,26,0.34666666
HXJZLLNYPHBNSR-UHFFFAOYSA-N,22,0.72727275
HXKORJQOSCRLJP-UHFFFAOYSA-N,41,0.8765432
HXLBSRYLXTTYQD-UHFFFAOYSA-N,33,0.8333333
HXLFOHIDCPNVHE-UHFFFAOYSA-N,34,0.880597
HXOQBWYSGHJGAI-UHFFFAOYSA-N,29,0.8448276
HYBCPKCAHCAFSQ-UHFFFAOYSA-N,31,0.78125
HYCASJGOJJSHLV-GUYCJALGSA-N,30,0.7846154
HYCRTUWVJJGNKA-UHFFFAOYSA-N,36,0.81333333
HYJXGLGQVHGUAQ-UHFFFAOYSA-N,28,0.7692308
HYNZVOLLNHBFQJ-UHFFFAOYSA-N,28,0.8125
HYQWMHHQUXUURL-FUBQLUNQSA-N,32,0.7714286
HZEDOBNROFBZAQ-HXUWFJFHSA-N,30,0.72131145
HZNQONMMEIJNNU-UHFFFAOYSA-N,29,0.796875
IADKHXRZAFUCSV-NSCUHMNNSA-N,31,0.71014494
IAGKTSFTVZCTOS-UHFFFAOYSA-N,23,0.85714287
IAHVSHNBRRKKBX-UHFFFAOYSA-N,32,0.8305085
IARGFZHXWHLMNG-UHFFFAOYSA-N,30,0.90163934
IATKMBHPUAENLP-UHFFFAOYSA-N,30,0.7096774
IBFFTYPPDPEPLJ-IYBDPMFKSA-N,33,0.9836066
IBQDZKBTVFJMSQ-UHFFFAOYSA-N,33,0.73134327
IBUAKKIEDFKTKJ-RVDMUPIBSA-N,44,0.8023256
ICEZFAGZFCHSIY-UHFFFAOYSA-N,30,0.8372093
IDCRJWFFCASEPM-UHFFFAOYSA-N,28,0.7692308
IDSUOWSRHKZENY-UHFFFAOYSA-N,23,0.6792453
IERADWKVXKEABW-UHFFFAOYSA-N,29,0.7692308
IEZVBDUJVUPHKM-UHFFFAOYSA-N,22,0.7307692
IFAKQBBVXIIUEC-UXBLZVDNSA-N,43,0.7882353
IFKBZXCALDVHTD-UHFFFAOYSA-N,27,0.6363636
IFRYUGXGLYZVSY-AXFCNIPNSA-N,27,1.0
IFRYUGXGLYZVSY-LOMOHKHYSA-N,27,1.0
IFWRXHDSVNMZIT-UHFFFAOYSA-N,19,0.95
IGXYXCWSBYCRDU-UHFFFAOYSA-N,28,0.8103448
IHKGTVZWLMITRF-UHFFFAOYSA-N,22,0.76
IHSJJFRMGGAMME-UILWBTOOSA-N,41,0.94666666
IHTIFKUCLCXNDN-LJQANCHMSA-N,30,0.7096774
IHXLYYIQXFWVCK-UHFFFAOYSA-N,24,0.627451
IIBNWMLKRSXDKD-UHFFFAOYSA-N,27,0.6785714
IIHKFIWSMAISST-UHFFFAOYSA-N,39,0.83950615
IITFTNRBVADYMI-UHFFFAOYSA-N,28,0.7627119
IIZQAPDECJYKDK-UHFFFAOYSA-N,32,0.6122449
IJMSMJUUYYSKBT-UHFFFAOYSA-N,20,0.68
IKTSXTHXYZRAPU-UHFFFAOYSA-N,20,0.7446808
IKUYWTLLGLHBDR-NRSAYIQQSA-N,30,0.8088235
ILMIYDPNAZCUKV-UHFFFAOYSA-N,27,0.7457627
ILMQREGUORVTSS-UHFFFAOYSA-N,31,0.8103448
IMACCNVRJOXLEO-UHFFFAOYSA-N,14,0.5945946
IMYMNIYFOVENLL-UHFFFAOYSA-N,31,0.86764705
INJUVNWOFHYUIN-UHFFFAOYSA-N,37,0.85507244
IOCPGDFUHJLQTO-ROUUACIJSA-N,26,0.97727275
IOKHECWXZNKBBH-UHFFFAOYSA-N,32,0.93333334
IONNIVUSNDKSMT-UHFFFAOYSA-N,33,0.6666667
IPAXTZAGMDYSHM-UHFFFAOYSA-N,34,0.9322034
IPMYMEWFZKHGAX-ZKSIBHASSA-N,41,0.22727273
IQMPZJYDZWUWHT-UHFFFAOYSA-N,36,0.84
IQPNAANSBPBGFQ-UHFFFAOYSA-N,21,0.5952381
IQTQYWDGDRKZSH-XMMPIXPASA-N,34,0.7878788
IRBHAVXRXYJMRS-UHFFFAOYSA-N,28,0.7413793
IRHOQMGOYMQRJB-UHFFFAOYSA-N,44,0.8227848
ISFRHUBPXUQPEV-UHFFFAOYSA-N,24,0.8214286
ISHSOFVJNNNVCJ-YSSOQSIOSA-N,30,0.4698795
ISOFTVGEVPDPPK-UHFFFAOYSA-N,35,0.8769231
ISWNVTVWJJQFQV-UHFFFAOYSA-N,40,0.86585367
ITFLOJJAVYXCTM-OAHLLOKOSA-N,26,0.5873016
ITPMJBWIUZYXDS-UHFFFAOYSA-N,36,0.9848485
ITTPODBQPIXMDP-UHFFFAOYSA-N,24,0.71929824
IUCLAKBWNSRBAI-UHFFFAOYSA-N,26,0.75438595
IUDBEIQBJIEKNX-UHFFFAOYSA-N,38,0.81333333
IUYBREVMXPBARL-UHFFFAOYSA-N,25,0.7222222
IUYLNMPIDQAYSG-UHFFFAOYSA-N,38,0.84415585
IVKYJVDFJKEXIH-UHFFFAOYSA-N,41,0.85365856
IVOOTFUQQDDILX-UHFFFAOYSA-N,22,0.7241379
IVSLHVMDZYSVFA-UHFFFAOYSA-N,35,0.8305085
IVVSBEQDCAZLFY-UHFFFAOYSA-N,32,0.7058824
IVWJZINWGOSNLM-UHFFFAOYSA-N,30,0.7592593
IWDDMLCHUYBHHD-UHFFFAOYSA-N,23,0.82222223
IWQIIBKBBPPPCF-UHFFFAOYSA-N,33,0.84313726
IWSDTEGBQVXXON-UHFFFAOYSA-N,36,0.875
IWXVPEORISOBQZ-SAIGFBBZSA-N,39,0.983871
IXWVFGNWJLEFIG-AQYVVDRMSA-N,37,0.8208955
IXZMFISRHHRXRQ-UHFFFAOYSA-N,32,0.8125
IYLDFGXTNQSFHI-UHFFFAOYSA-O,35,0.7058824
IYLZLRHLJPCJMN-UHFFFAOYSA-N,23,0.6721311
IYTGPPNUOLLGBE-UHFFFAOYSA-N,14,0.4390244
IZIPWCFRXVNDNX-MGCOHNPYSA-N,26,0.82
IZMRGDJABMFQQG-UHFFFAOYSA-N,25,0.62068963
IZSLXRORDBBGDE-UHFFFAOYSA-N,41,0.80487806
IZVADJXWZKIYOV-UHFFFAOYSA-N,28,0.82758623
JABUMBYVIQWISU-UHFFFAOYSA-N,27,0.8030303
JAZHDXRHOSJZHB-UHFFFAOYSA-N,36,0.9402985
JBILJNLULSNZND-UHFFFAOYSA-N,35,0.8305085
JBKFSYGZKCTBDB-UHFFFAOYSA-N,26,0.7719298
JBKMTXNTOPCVOT-UHFFFAOYSA-N,26,0.8
JBLZWJCKPDQCNX-UHFFFAOYSA-N,20,0.7
JBRXERAIDOFGSA-UHFFFAOYSA-N,26,0.40298507
JBYFOPPGLVHSDJ-UHFFFAOYSA-N,38,0.7894737
JBYQAIUKYVTEFI-IRXDYDNUSA-N,28,0.7692308
JBZSHFMYVGCDBI-UHFFFAOYSA-N,29,0.9285714
JCJAEEODSKNKTC-UHFFFAOYSA-N,24,0.44067797
JCPZVGATKUQPOE-GFCCVEGCSA-N,30,0.7619048
JDIAYVMOUUKPNK-UHFFFAOYSA-N,37,0.8933333
JDOKMDILBRSOLL-UHFFFAOYSA-N,30,0.84615386
JDVCOPUEQIAVNW-UHFFFAOYSA-N,41,0.8625
JDXDUTOQTGQWJD-UHFFFAOYSA-N,31,0.90163934
JECHSYMSTXETFI-UHFFFAOYSA-N,24,0.7307692
JEJQCXCBSIHCGU-CYBMUJFWSA-N,25,0.7962963
JFDFHRDTOSTHPU-SNVBAGLBSA-N,27,0.71929824
JFKPCBJEJGPBFI-GOSISDBHSA-N,31,1.0
JFKPCBJEJGPBFI-SFHVURJKSA-N,31,1.0
JFSGUSJACVSEKX-HAQNSBGRSA-N,24,1.0
JFSGUSJACVSEKX-TXEJJXNPSA-N,24,1.0
JFXBJZCDBBMRSA-YSSOQSIOSA-N,29,0.6486486
JIINJBBLYOFRPP-UHFFFAOYSA-N,27,0.47142857
JIQRMBNAYWCUEG-UHFFFAOYSA-N,31,0.5846154
JITNHYKCFBSHCI-IBGZPJMESA-N,31,0.7419355
JJPAZEYTVSKMAD-UHFFFAOYSA-N,39,0.8333333
JKEUUKRCNVYFCW-UHFFFAOYSA-N,22,0.6792453
JKKUZTDMJDZHEB-CYBMUJFWSA-N,34,0.7605634
JKNBNAZZNVQNBP-QGZVFWFLSA-N,30,0.7794118
JKTDPJGOPWGJLD-UHFFFAOYSA-N,42,0.8472222
JLLFLJDJZNJSTE-LBPRGKRZSA-N,29,0.6666667
JLMIHNJHBAEFKC-NXEZZACHSA-N,27,0.8301887
JLRKRQCTYQGDKJ-GHXNOFRVSA-N,22,0.80851066
JLVZDHKSMGCACD-UHFFFAOYSA-N,27,0.78571427
JMBGZDQTEDTGBR-UHFFFAOYSA-N,22,0.85714287
JMOMBPSAYLGZAN-CYBMUJFWSA-N,28,0.8208955
JMPFSEBWVLAJKM-UHFFFAOYSA-N,30,0.21621622
JMPLGCVMPMVPMF-UHFFFAOYSA-N,31,0.8
JNCFUVQWIVLATB-UHFFFAOYSA-N,40,0.88461536
JNKXYDCPHHUMKG-UHFFFAOYSA-N,31,0.6119403
JNPRTUHVCHGFHJ-GHXNOFRVSA-N,23,0.78723407
JNZTWAOEOYBNNP-UHFFFAOYSA-N,36,0.84415585
JONIGSIXPCHLPF-UHFFFAOYSA-N,34,0.8169014
JOSDAWJORYYQIX-UHFFFAOYSA-N,21,0.65384614
JOVKKVDNLDKENF-KBPBESRZSA-N,24,0.7291667
JPEZXBCEWYKFBS-KRWDZBQOSA-N,29,0.828125
JPOSFPUHBHRUAX-UHFFFAOYSA-N,31,0.225
JPPZQBFIHPEKKB-GFCCVEGCSA-N,30,0.7536232
JQBISHBIDUIUDU-QGZVFWFLSA-N,31,0.8507463
JQERPJPPYOGLLF-UHFFFAOYSA-N,23,0.8039216
JQLOWVFMFQYNIP-LFYNBYACSA-N,26,0.7241379
JQPRYVRLQIAUKN-UHFFFAOYSA-N,19,0.7659575
JRGMQQCQWFMKLA-UHFFFAOYSA-N,36,0.83116883
JRNXAQINDCOHGS-CBINBANVSA-N,25,0.3611111
JRTSBKRFLSGRIV-UHFFFAOYSA-N,33,0.8484849
JRXHBWDCJDGWTA-UHFFFAOYSA-N,27,0.6666667
JSEXADIMPQQDMW-UHFFFAOYSA-N,28,0.6923077
JSKUWFIZUALZLX-UHFFFAOYSA-N,33,0.5753425
JSPJZRZQPACRSQ-UHFFFAOYSA-N,37,0.8309859
JSYVMXAHYRRFOQ-UHFFFAOYSA-N,25,0.6923077
JTBIKPSVKQZGLW-UHFFFAOYSA-N,27,0.703125
JTBZUSIDMCXPIU-ZYHUDNBSSA-N,19,0.6851852
JTPXVCKCLBROOJ-UHFFFAOYSA-N,8,0.375
JTVILUUAQWQWBK-IYARVYRRSA-N,30,0.7413793
JUCGBCAPXDBWDV-UHFFFAOYSA-N,29,0.79310346
JURAKDUDMWGHDP-UHFFFAOYSA-N,25,0.7258065
JUSBGYZKUCMHQQ-UHFFFAOYSA-N,32,0.75
JUTKIHOLXQFFON-UHFFFAOYSA-N,31,0.8333333
JUWVGQDRIAVTIK-UHFFFAOYSA-N,30,0.93333334
JVFLXTNKVBOVBS-UHFFFAOYSA-N,29,0.75714284
JVJOVGZWOUPWTG-UHFFFAOYSA-N,35,0.8309859
JWOJZWRKDLDOEO-KOAHPMOKSA-N,27,1.0
JWOJZWRKDLDOEO-MECYXVKMSA-N,27,1.0
JWOJZWRKDLDOEO-XGJBOMSMSA-N,27,1.0
JXKQPAFSJBFUHW-GFCCVEGCSA-N,25,0.8135593
JXSGQHRSUUOSAF-UHFFFAOYSA-N,27,0.84210527
JXZDETNFHHPYMT-UHFFFAOYSA-N,27,0.7659575
JYDCSNUDYUATTI-UHFFFAOYSA-N,26,0.9
JYEZPRTUGSHLCK-UHFFFAOYSA-N,25,0.6964286
JYFOMGSUMMIIPE-UHFFFAOYSA-N,25,0.7692308
JYGNOLIKBUTZNC-UHFFFAOYSA-N,17,0.5
JYLHONINWOWQPB-ZBFHGGJFSA-N,28,0.73333335
JYPAWUMVEPMZMD-UHFFFAOYSA-N,31,0.75
JYXOSIVDNXWNLM-UHFFFAOYSA-N,26,0.8135593
JZGPEQNPASOUFO-UHFFFAOYSA-N,35,0.8028169
JZIBYQSTSSPYNE-UHFFFAOYSA-N,18,0.75
JZXFOFIIRIBORV-ROUUACIJSA-N,30,0.6557377
JZXIDVJITODWRO-UHFFFAOYSA-N,30,0.75409836
KAAFPSZABFPQAX-CPYOLTPOSA-N,25,1.0
KAAFPSZABFPQAX-KFFJFEDVSA-N,25,1.0
KAEBPVNZHCYYSN-UHFFFAOYSA-N,27,0.7121212
KAJIDAUQCMSGGN-XQASTXFUSA-N,30,0.23958333
KAQTYVZQFWHKBB-UHFFFAOYSA-N,32,0.85
KBLPHMRCKHFBJB-OLZOCXBDSA-N,30,1.0
KBLPHMRCKHFBJB-QWHCGFSZSA-N,30,1.0
KBXGRHZPYVSAOL-UHFFFAOYSA-N,23,0.81395346
KBXYDHLQCHHCKO-UHFFFAOYSA-N,27,0.71875
KCANZFMNTNHING-UHFFFAOYSA-N,25,0.7307692
KCBBKYDLIADLOS-UHFFFAOYSA-N,26,0.78723407
KCKWQKDFLCMFNR-OYKVQYDMSA-N,29,0.6883117
KCTDSUFNGUGTOM-UHFFFAOYSA-N,34,0.6666667
KCTYPUKDSRNILF-JOCQHMNTSA-N,28,0.87096775
KDKUVYLMPJIGKA-UHFFFAOYSA-N,27,0.72727275
KDLIWXJGIZBHKK-VXGBXAGGSA-N,29,0.8679245
KDTSSKKTVGNZJD-UHFFFAOYSA-N,26,0.61403507
KDXCZWWTDMYEDB-UHFFFAOYSA-N,21,0.7916667
KDYHYRKDQJLNGS-UHFFFAOYSA-N,25,0.47457626
KEDOBGISUFYCKN-UHFFFAOYSA-N,21,0.8666667
KEVSDOAMFUXCEG-UHFFFAOYSA-N,35,0.8428571
KFLLCGLJRIFHBA-UHFFFAOYSA-N,24,0.78571427
KGHKTEALHPGTKH-UHFFFAOYSA-N,34,0.8103448
KGIDFBNHNUZTPT-UHFFFAOYSA-N,28,0.7407407
KGMVZSJAPXYTKH-UHFFFAOYSA-N,37,0.8684211
KGPDSYGBPTVYJV-WBVHZDCISA-N,29,0.779661
KGPGWJDNPGCBFQ-UHFFFAOYSA-N,25,0.7307692
KGWSQGUVJUGIPF-UHFFFAOYSA-N,29,0.78333336
KHIKNBAQPNFRJV-UHFFFAOYSA-N,22,0.7818182
KHTQGWKOTJZKCD-UHFFFAOYSA-N,37,0.84210527
KHUWOOWXQFGVBZ-UHFFFAOYSA-N,35,0.8243243
KHVVJKLNKLQLJZ-UHFFFAOYSA-N,31,0.67164177
KIBQAHRNVOBWRT-UHFFFAOYSA-N,31,0.8064516
KICIHZWOGVIVMX-UHFFFAOYSA-N,25,0.8
KISZMOFCHHISIV-JOCQHMNTSA-N,32,0.77272725
KIXOBYUEJWGOEY-UHFFFAOYSA-N,30,0.42465752
KJKOBDWTGMVEHK-UHFFFAOYSA-N,26,0.25757575
KJLKMQRZXPBHID-UHFFFAOYSA-N,24,0.78431374
KJMALBRUCRDMTE-JTQLQIEISA-N,25,0.7758621
KJSJBGZSEZVHMS-CTCMXSBHSA-N,26,1.0
KJSJBGZSEZVHMS-ZNTSSAEJSA-N,26,1.0
KKMLIJHOUUKCSW-UHFFFAOYSA-N,34,0.83076924
KLBPVYAMTJCVSW-UHFFFAOYSA-N,26,0.67346936
KLHSJLSXMSEODL-UHFFFAOYSA-N,31,1.0
KLVYMYQTRZCMLE-CYBMUJFWSA-N,23,0.5405405
KMOIDYHHPHGHBT-MEDUHNTESA-N,29,1.0
KMOIDYHHPHGHBT-UHFFFAOYSA-N,29,1.0
KMVBIPSQSSTTCJ-UHFFFAOYSA-N,36,0.77922076
KNBMQUZJLISDFQ-INIZCTEOSA-N,33,1.0
KNBMQUZJLISDFQ-MRXNPFEDSA-N,33,1.0
KNDPXYAMINMLED-UHFFFAOYSA-N,31,0.39759037
KNXDMFACKQCJPS-UHFFFAOYSA-N,23,0.6862745
KNZQDNDPUYJIQG-UHFFFAOYSA-N,21,0.6666667
KOCGMVOWSRIEAZ-UHFFFAOYSA-N,29,0.6351351
KOFUCJJVAIILNY-UHFFFAOYSA-N,32,0.86764705
KOMNQBZWMCFDTQ-VIFPVBQESA-N,25,0.78846157
KOOSKJVCROTXBQ-UHFFFAOYSA-N,38,0.8227848
KOQSEURLFTUQRS-UHFFFAOYSA-N,23,0.44444445
KPABJHHKKJIDGX-JOCHJYFZSA-N,38,0.84415585
KPCVCNZJVUSNOC-UHFFFAOYSA-N,39,0.97402596
KPEABKWUJCTBRM-UHFFFAOYSA-N,38,0.98507464
KPGMHZQXQVDYNT-UHFFFAOYSA-N,20,0.71794873
KPHZQZOEATXSQO-UHFFFAOYSA-N,26,0.8135593
KPLDUFFSXVTMOF-LJQANCHMSA-N,31,0.87142855
KPPLCUYUCVJBTH-UHFFFAOYSA-N,27,0.5492958
KPQLRNNPRYBTLP-UHFFFAOYSA-N,14,0.62222224
KPUBBCGAMBGWSV-UHFFFAOYSA-N,31,0.8
KPVDACWQNCRKTG-UHFFFAOYSA-N,20,0.7234042
KPYFHKXGOZSVEX-UHFFFAOYSA-N,39,0.8108108
KQCNFTQXQFIITD-SOAUALDESA-N,42,0.92957747
KQQOVCCCJDXXLJ-UHFFFAOYSA-N,26,0.754717
KRIWIRSMQRQYJG-DLBZAZTESA-N,28,1.0
KRIWIRSMQRQYJG-IRXDYDNUSA-N,28,1.0
KRKDQSSYLDUOBP-HNNXBMFYSA-N,30,0.82258064
KRPKKDOBBAEXNM-UHFFFAOYSA-N,29,0.8103448
KRVKNVPEZJKGOV-UHFFFAOYSA-N,28,0.66101694
KSGRHPFFOUUFPR-UHFFFAOYSA-N,31,0.85714287
KSIRCFGDZWDBAM-UHFFFAOYSA-N,33,0.8115942
KSNJAABLKBXTJG-UHFFFAOYSA-N,26,0.29333332
KSQYDVJSFQHSCE-UHFFFAOYSA-N,21,0.39130434
KSWHFEKZCFYTPR-UHFFFAOYSA-N,31,0.7846154
KTEUANCPUUWBLK-UHFFFAOYSA-N,23,0.76086956
KTHMSZIGCQCCFJ-UHFFFAOYSA-N,19,0.73913044
KTIAVDWJHSVFJO-UHFFFAOYSA-N,20,0.975
KULPPFCRBINTBS-AWEZNQCLSA-N,34,0.8
KUOVCBYFBMMJGI-UHFFFAOYSA-N,26,0.96153843
KUPYSMGYFLHPHG-UHFFFAOYSA-N,23,0.7407407
KUQKNRWKCUBLRL-OALUTQOASA-N,27,0.78431374
KVCWGWGQOGKCFH-UHFFFAOYSA-N,25,0.7090909
KVJXNCXRESCVKS-UHFFFAOYSA-N,29,0.82258064
KVPNOQAXVUMKFJ-UHFFFAOYSA-N,33,0.8208955
KVSIJRIBZQPYQR-UHFFFAOYSA-N,25,0.8301887
KXNZPASCSDMHFQ-UHFFFAOYSA-N,32,0.86885244
KYEOZKUGBAEJRO-UHFFFAOYSA-N,27,0.74545455
KYMNNSMBWCZWCF-UHFFFAOYSA-N,40,0.7764706
KYTXZKLSVMDSST-UHFFFAOYSA-N,30,1.0
KZHHXCCLGNIRRE-YVEFUNNKSA-N,29,0.7941176
KZHUDHDVXIZFPR-UHFFFAOYSA-N,35,0.8030303
KZLNMNBKUXXLSY-UHFFFAOYSA-N,38,0.8701299
KZQIFEGNIUKQLQ-UHFFFAOYSA-N,26,0.8780488
KZTJASZKBUWOAR-LOTLZRDFSA-N,32,0.8507463
KZZDDXBCJROTIP-UHFFFAOYSA-N,42,0.8765432
LAAXCJUGGGGBEQ-UHFFFAOYSA-N,16,0.8
LAFXEUQJIIHQOD-UHFFFAOYSA-N,25,0.8148148
LCBAQTCTQXHTJG-ZETCQYMHSA-N,20,0.32786885
LCDCVRYMEWMBEV-UHFFFAOYSA-N,38,0.8055556
LCQRNLSJVMJXSZ-UHFFFAOYSA-N,23,0.75
LCTGDIGFDXPBRR-UHFFFAOYSA-N,18,0.80487806
LCYDFIUWKWJIDS-IBGZPJMESA-N,32,0.6944444
LDJNLOZYHRVQME-UHFFFAOYSA-N,35,0.8088235
LDWUDAGYQNRJLN-UHFFFAOYSA-N,31,0.859375
LDXLQEXLXZCYSR-UHFFFAOYSA-N,30,0.8032787
LDYXBLNHACBPJZ-UHFFFAOYSA-N,38,0.8194444
LEFGJNMAJJYGGQ-UHFFFAOYSA-N,27,0.8103448
LEFKZSWCBZBDLU-UHFFFAOYSA-N,18,0.73913044
LEPCIRKHMJHAPC-HZCBDIJESA-N,38,0.92957747
LFOFPAVIHNJEGB-INIZCTEOSA-N,30,0.7741935
LFQMLGQIYUNNLN-UHFFFAOYSA-N,36,0.8356164
LGCAIPXMWBZXAJ-UHFFFAOYSA-N,29,0.73770493
LGZIKBZSCRORQN-UHFFFAOYSA-N,24,0.7017544
LHIUZPIDLZYPRL-MXVIHJGJSA-N,33,0.4871795
LIJUCWLALFXGCL-UHFFFAOYSA-N,33,0.80597013
LIPCBHIBAKMSAU-UHFFFAOYSA-N,24,0.71428573
LIYXXFOSHNQSRD-UHFFFAOYSA-N,22,0.7708333
LKPSCTJYYAVIIL-UHFFFAOYSA-N,36,0.72289157
LLEOOSLUHRQCHZ-AFNCTOJWSA-N,34,1.0
LLEOOSLUHRQCHZ-LMVHVUTASA-N,34,1.0
LLFOBMRPWNABCB-UHFFFAOYSA-N,33,0.42857143
LLHGACFYBCCFIW-UHFFFAOYSA-N,31,1.0
LLHGFGUOUWJTLQ-UHFFFAOYSA-N,37,0.8783784
LMIPCDJYZXYYLQ-UHFFFAOYSA-N,37,0.4871795
LMOGABSWSZHKQR-UHFFFAOYSA-N,28,0.63793105
LMRBJOUAEXZHHL-SNAWJCMRSA-N,37,0.75949365
LMRZWFITLLJWPB-UHFFFAOYSA-N,31,0.84313726
LMTSMIQNBKUPBR-UHFFFAOYSA-N,30,0.9574468
LMWWKOWQEHLVFX-UHFFFAOYSA-N,28,0.8103448
LNWXGYVVZJDLCP-UHFFFAOYSA-N,33,0.73770493
LOTLHAUOJRZXNQ-GOSISDBHSA-N,32,0.8507463
LOUYPYUMEQLFIO-UHFFFAOYSA-N,26,0.71875
LOXABGFYQLXZMY-UHFFFAOYSA-N,28,0.7222222
LPMINUZUMUXWKI-UHFFFAOYSA-N,24,0.5147059
LPPPFWQCXCFAAN-NEDPPGOKSA-N,24,0.7241379
LPSCCOBGZSKECZ-UHFFFAOYSA-N,32,0.87931037
LQHMJVOJVOLFTJ-FQEVSTJZSA-N,40,1.0
LQHMJVOJVOLFTJ-HXUWFJFHSA-N,40,1.0
LQKBDFWBLIOIGB-UHFFFAOYSA-N,36,0.85915494
LQPLEEYQXIQYSE-UHFFFAOYSA-N,24,0.82608694
LRNZETHOQYGLNM-UHFFFAOYSA-N,24,0.8076923
LRTVAHMMILMPNA-IBGZPJMESA-N,34,0.3
LRXFEHJUJZDISP-FGBWHXJSSA-N,40,1.0
LRXFEHJUJZDISP-VQHVLOKHSA-N,40,1.0
LSEAQLOYCHTEOK-OKILXGFUSA-N,31,0.5857143
LSGRZENCFIIHNV-UHFFFAOYSA-N,32,0.6097561
LSHHTTHIUZQLLM-UHFFFAOYSA-N,26,0.8214286
LSQFFRJLLOWWOG-UHFFFAOYSA-N,28,0.75
LSXXISAPRYZBDC-MSOLQXFVSA-N,36,1.0
LSXXISAPRYZBDC-ZWKOTPCHSA-N,36,1.0
LSYKAZDUIZMLHK-UHFFFAOYSA-N,27,0.7241379
LTEOAXVFLCXKFR-UHFFFAOYSA-N,32,0.82608694
LTJQUBUPNMQGJL-UHFFFAOYSA-N,22,0.72727275
LTNIHYAIRMIXOL-UHFFFAOYSA-N,37,0.82857144
LUCORKWTQSQFFU-UHFFFAOYSA-N,17,0.82051283
LVHNHGTWHQOKPD-UHFFFAOYSA-N,37,0.83076924
LVRKQJAEQWVSCM-HAQNSBGRSA-N,28,0.83928573
LWCQVHGNSZVWQE-UHFFFAOYSA-N,37,0.9848485
LWHMSHBMCRYSON-UHFFFAOYSA-N,32,0.8769231
LWZGGYIOLDKNFI-UHFFFAOYSA-N,26,0.6530612
LXICPRRLAICBCA-UHFFFAOYSA-N,30,0.9574468
LYADGAGFYYXXIO-ZWKOTPCHSA-N,30,0.47058824
LYDDQDABXBIFGQ-UHFFFAOYSA-N,26,0.7692308
LYRJEVGXXUHVHG-UHFFFAOYSA-N,35,0.87142855
LYSVMDJSAMSOKD-FQEVSTJZSA-N,33,0.7746479
LZCHLXVPHWVKTF-UHFFFAOYSA-N,26,0.70689654
LZHSIINQOGIBJP-UHFFFAOYSA-N,35,0.9846154
LZIMDAVLHJHTBU-UHFFFAOYSA-N,31,0.6393443
LZKPGMAQYKQMKG-UHFFFAOYSA-N,23,0.7916667
LZURCICLQQQODJ-UHFFFAOYSA-N,17,0.63829786
MAHFVAHPQSLLJF-UHFFFAOYSA-N,30,0.7058824
MBFRPRCYZAVISU-UHFFFAOYSA-N,30,0.6119403
MCHYSTQTMONBPK-SNAWJCMRSA-N,34,0.67164177
MDHHYPFBVYJHPN-UHFFFAOYSA-N,33,0.8787879
MDIWBYRNTPTYQI-QAQDUYKDSA-N,33,0.8181818
MDLZFWHQTJGZMT-UHFFFAOYSA-N,39,0.75308645
MDWVZPYTEKJUEK-UHFFFAOYSA-N,27,0.71666664
MDXKUBVNBVFUOJ-CALCHBBNSA-N,34,0.9836066
MDZCVSJGYQSCCO-HSZRJFAPSA-N,35,1.0
MDZCVSJGYQSCCO-QHCPKHFHSA-N,35,1.0
MEIJADBULOETOV-UHFFFAOYSA-N,29,0.7962963
MEKPYYSXKWGWRX-UHFFFAOYSA-N,33,0.7164179
MEKQZIRNPYPHGO-UHFFFAOYSA-N,27,0.85714287
MENVSADYTLLXLP-UHFFFAOYSA-N,31,0.25301206
MENVZXUPTOFKRC-JCNLHEQBSA-N,32,0.7627119
MEXRTWCANVVSBH-AWEZNQCLSA-N,27,0.8135593
MFFUZTBYSYJSTO-UHFFFAOYSA-N,38,0.75949365
MFMLSRTXWSRZJT-UHFFFAOYSA-N,27,0.2580645
MGLSXXJUCASPKK-UHFFFAOYSA-N,29,0.7758621
MHAJGINRQAEMIM-UHFFFAOYSA-N,32,0.80597013
MHAZFQTWVWWROD-HNNXBMFYSA-N,28,0.6857143
MHDUXNMHCRWOIT-UHFFFAOYSA-N,16,0.64285713
MHSMKEQLFFWYOS-UHFFFAOYSA-N,29,0.81395346
MIFAIQVSQMDIEY-UHFFFAOYSA-N,23,0.8367347
MIFKOPLXBUQROK-UHFFFAOYSA-N,32,0.71428573
MIGKKDVNMPOUSL-UHFFFAOYSA-N,27,0.6981132
MJIALGDLOLWBRQ-MRVPVSSYSA-N,23,0.6721311
MJMXHOMSRGAWAM-UHFFFAOYSA-N,32,0.8636364
MJQVDJSEAMOVCO-UHFFFAOYSA-N,24,0.40243903
MJRPKDKGAYBJSG-UHFFFAOYSA-N,30,0.9411765
MKCHHXTWUNRKMA-UHFFFAOYSA-N,25,0.7777778
MKDYTOGJVAOMKI-VQHVLOKHSA-N,41,1.0
MKDYTOGJVAOMKI-WFNSPDMASA-N,41,1.0
MKEZXJZAKPJGKM-UHFFFAOYSA-N,32,0.8142857
MLJSLRKQDZHWEX-UHFFFAOYSA-N,27,0.74603176
MLRFEYKWKAWGAL-NRFANRHFSA-N,36,1.0
MLRFEYKWKAWGAL-OAQYLSRUSA-N,36,1.0
MLRODODNCCTIOL-UHFFFAOYSA-N,26,0.85714287
MNEKYKJSTRPKKY-UHFFFAOYSA-N,23,0.7169811
MNGXBJAUUYRGET-UHFFFAOYSA-N,28,0.7413793
MNHCYTKOZZNQIL-UHFFFAOYSA-N,28,0.6865672
MNHPHKFLWAPNOV-UHFFFAOYSA-N,22,0.70731705
MNMACALOHIRIIT-UHFFFAOYSA-N,24,0.6551724
MNPXDFVGSLMIRV-KDURUIRLSA-N,36,0.8472222
MNYUOPLMNNYIFQ-UHFFFAOYSA-N,11,0.5151515
MQTACRYTEYGQLN-UHFFFAOYSA-N,28,0.7413793
MRPGRAKIAJJGMM-OCCSQVGLSA-N,32,0.53333336
MSIYPAKNNNBUFM-UHFFFAOYSA-N,30,0.80597013
MTNBRBDFNSGQKB-TYZXPVIJSA-N,29,0.7746479
MTNUEJMJUDNRFN-UHFFFAOYSA-N,23,0.42372882
MTYBEFAXRMHIIW-UHFFFAOYSA-N,33,0.7903226
MUASSOXJDXNHOV-UHFFFAOYSA-N,28,0.84782606
MUJNGTCNOBZJOC-UHFFFAOYSA-N,35,0.6666667
MVAAFWQKSLBVDG-UHFFFAOYSA-N,31,0.7936508
MVDJPUVLCKJATA-UHFFFAOYSA-N,31,0.7164179
MVLHZSCONJMXFJ-UHFFFAOYSA-N,29,0.8032787
MWGXGTJJAOZBNW-UHFFFAOYSA-N,18,0.6511628
MXCVVCABILAXTR-AWKYBWMHSA-N,30,0.7746479
MXOKGWUJNGEKBH-UHFFFAOYSA-N,22,0.7058824
MXQMYWXBECXGHZ-UHFFFAOYSA-N,24,0.75438595
MYIYDTISJDJCKB-UHFFFAOYSA-N,18,0.8604651
MYKPWRUVZULGRH-UHFFFAOYSA-N,38,0.77922076
MYTXIMZXJZWJKG-UHFFFAOYSA-N,17,0.61538464
MZDVXECOCKJZLD-UHFFFAOYSA-N,27,0.66101694
MZGANASDMYZAGW-UHFFFAOYSA-N,39,0.88461536
MZPDPRITYJNRSG-ZEQRLZLVSA-N,36,0.31578946
NAGRAHWEIBPVTR-UHFFFAOYSA-N,28,0.84126985
NAGXMQRFQOVRBT-UHFFFAOYSA-N,24,0.7
NAMNDYOCPPYNFK-NSCUHMNNSA-N,27,0.7758621
NAXHLQWKWRGFOK-UHFFFAOYSA-N,25,0.7407407
NBEJIOMDWFNHOW-UHFFFAOYSA-N,10,0.46153846
NBFGYDJKTHENDP-UHFFFAOYSA-N,24,0.6727273
NBTIJTDAEXPUCZ-UHFFFAOYSA-N,40,0.7356322
NBWQLTANUJBFJB-UHFFFAOYSA-N,27,0.72
NCACIGFDMRLLIY-UHFFFAOYSA-N,32,0.9830508
NCAQNCOMJJVZLQ-UHFFFAOYSA-N,37,0.8333333
NCAQSQYHTSCOCV-UHFFFAOYSA-N,37,0.8630137
NCJKZPXFXOMPSP-UHFFFAOYSA-N,22,0.7173913
NDBJFFCSTXBTFV-UHFFFAOYSA-N,24,0.42647058
NDLAFOKSJSLKGG-UHFFFAOYSA-N,29,0.47674417
NDXJIXWTFPGHAI-UHFFFAOYSA-N,23,0.75
NECPZRGQLGYEAG-YSAJCMGZSA-N,25,0.2682927
NEOUGQSZLHGZRA-UHFFFAOYSA-N,20,0.6875
NEWXQDRWGLAOAY-UHFFFAOYSA-N,24,0.65384614
NFBXAEBBIROPOO-IAGOWNOFSA-N,35,0.63380283
NFLNGTZCZDPIPL-UHFFFAOYSA-N,21,0.6785714
NFSKEXQRNDSSAN-UHFFFAOYSA-N,23,0.68
NFVBVKHGDDDCEA-UHFFFAOYSA-N,15,0.34615386
NGFGTMFVWSDFPS-UKRRQHHQSA-N,28,0.42168674
NGGAHECCHDZGJU-UHFFFAOYSA-N,24,0.73333335
NGHCWGJHYFQFOG-WGSAOQKQSA-N,35,0.8208955
NHCKWRFRGQYSQI-HNNXBMFYSA-N,26,0.8214286
NHOACLCXCKJMAK-UHFFFAOYSA-N,18,0.25757575
NHXUMHPIKLWBMN-PNDARSKBSA-N,50,0.82758623
NIKDKNHGEBMTNT-AWEZNQCLSA-N,30,0.734375
NINIJRDUJSFATI-UHFFFAOYSA-N,28,0.703125
NJEGTXWDENZTOP-UHFFFAOYSA-N,33,0.86567163
NJQJCBOOCSJMMO-UHFFFAOYSA-N,23,0.7407407
NJVQQTPQKOLKDZ-UHFFFAOYSA-N,32,0.6486486
NKORVPQBJCGYEC-UHFFFAOYSA-N,26,0.68421054
NLDYQHKBIFMHJC-UHFFFAOYSA-N,24,0.6779661
NLHJLMBCNCNHRL-UHFFFAOYSA-N,31,0.7826087
NLNZVMKXWYYCKF-UHFFFAOYSA-N,26,0.8214286
NMAZGYDYIYLSLJ-UHFFFAOYSA-N,28,0.7627119
NMGNSIMSXTWPBG-UHFFFAOYSA-N,27,0.82978725
NMIBTJKGMMFLAN-UHFFFAOYSA-N,25,0.6792453
NMLLDEVPZUKFBQ-OALUTQOASA-N,27,1.0
NMLSMKNXYWXSKI-VOTSOKGWSA-N,33,0.7794118
NNAYMZZCUHMCGB-UHFFFAOYSA-N,32,0.75714284
NNKPEAVJHRIXJX-UHFFFAOYSA-N,22,0.8333333
NNPBFSPJFKAAAF-UHFFFAOYSA-N,26,0.62903225
NNPPLWRLBHWXNQ-UHFFFAOYSA-N,36,0.98507464
NNRGQYRRIKHXND-UHFFFAOYSA-N,24,0.7358491
NNXDIGHYPZHXTR-ONEGZZNKSA-N,34,0.8428571
NOCXREGHIRXAHY-LBPRGKRZSA-N,26,0.5890411
NPBWMMRUXMTIRC-UHFFFAOYSA-N,27,0.5714286
NPJXEUKGIZEGCB-UHFFFAOYSA-N,31,0.9310345
NPPBDFFMJNUJRY-UHFFFAOYSA-N,26,0.53968257
NQGZGEDGGMEYQG-UHFFFAOYSA-N,35,0.62666667
NQKAFIFFMXPFFK-ZDUSSCGKSA-N,28,0.7966102
NQOBQXGFENCWJP-UHFFFAOYSA-N,25,0.7924528
NREXZVOJRVRMAI-LICLKQGHSA-N,45,0.9113924
NRMPHDDNVXWXEK-UHFFFAOYSA-N,36,0.7638889
NSBUFSWCDJEGDQ-UHFFFAOYSA-N,29,0.8235294
NSJOYQIOHVHMCZ-UHFFFAOYSA-N,29,0.88135594
NSKVOJSVXKFYHW-FQEVSTJZSA-N,32,0.6944444
NSRQMGVNAQLUID-UHFFFAOYSA-N,15,0.3442623
NTOXNDUPXCOGPS-UHFFFAOYSA-N,31,1.0
NTQUCCVMCHSPRQ-UHFFFAOYSA-N,31,0.77272725
NTSDIJMNXYJJNG-SFHVURJKSA-N,32,0.78571427
NTUMJMHWGWBERQ-UHFFFAOYSA-N,24,0.8035714
NUDSGDYZHKNNPW-UHFFFAOYSA-N,18,0.9
NUTHTHBJRHLFCA-UHFFFAOYSA-N,25,0.84210527
NVRIZFZJZGOIOM-UHFFFAOYSA-N,30,0.8730159
NVVASLWKXTZLJN-UHFFFAOYSA-N,42,0.7529412
NVVRIZGTMNCPSN-NSCUHMNNSA-N,29,0.67164177
NWIYVWKNSRTHFA-UHFFFAOYSA-N,23,0.77272725
NWMOJGWJNSLCBU-UHFFFAOYSA-N,42,0.88
NWQHTOFIQMYFRC-UHFFFAOYSA-N,35,0.8333333
NWXGFDVFXJMUDD-UHFFFAOYSA-N,25,0.2857143
NXJKCQVESZBNDC-CJNGLKHVSA-N,28,0.8064516
NXJOGINZFZUJPP-JXMROGBWSA-N,34,0.82857144
NXMIQKJGFTVADM-UHFFFAOYSA-N,41,0.8375
NXZVLIWBXMLTSL-UHFFFAOYSA-N,27,0.8
NYAGCZSLJIRCHU-UHFFFAOYSA-N,27,0.8181818
NYDFVFWQQZXRJN-JOCQHMNTSA-N,28,0.7966102
NYJBTSYJXIHYOP-UHFFFAOYSA-N,30,0.88135594
NYMCPPOTJXQMEJ-UHFFFAOYSA-N,31,1.0
NYOFHLULMCQJHO-UHFFFAOYSA-N,27,0.7580645
NYQAYVWQCAKOAI-UHFFFAOYSA-N,33,0.8484849
NYYMLWAYQLILSL-UHFFFAOYSA-N,25,0.8214286
NYYOXMWJWCGLQX-UHFFFAOYSA-N,29,0.6181818
NZUWPUWPWYAAFJ-GHXNOFRVSA-N,22,0.80851066
NZVVXITYPLCRRD-UHFFFAOYSA-N,30,0.76666665
NZYLQCXLZVYEQE-UHFFFAOYSA-N,23,0.8333333
OAAHCIALZYFQLH-UHFFFAOYSA-N,30,0.85
OAAPSDVPLURZJC-UHFFFAOYSA-N,18,0.52272725
OAFSEOBYSMNKHG-UHFFFAOYSA-N,32,0.85714287
OAHVODOTYKJQAZ-IBGZPJMESA-N,35,0.7714286
OALHHIHQOFIMEF-UHFFFAOYSA-N,29,0.22222222
OAPSKQCSGQNNJG-UHFFFAOYSA-N,25,0.7894737
OCBFHTQGXPIABP-UHFFFAOYSA-N,25,0.72131145
OCBSRJOAZOWGSW-UHFFFAOYSA-N,34,0.8484849
ODCJFPOGXDCLCK-UHFFFAOYSA-N,39,0.7356322
ODCSBSWHVYIKSJ-UHFFFAOYSA-N,28,0.73333335
ODDISVVZPVDGCA-UHFFFAOYSA-N,28,0.3253012
ODZNFTDJLNIURO-UHFFFAOYSA-N,27,0.84210527
OEMURATYWKELKJ-UHFFFAOYSA-N,33,0.8115942
OEOVBBKVSXNPSX-ONEGZZNKSA-N,36,0.75949365
OFEARPZEWOLQGZ-UHFFFAOYSA-N,30,0.7285714
OFKPBSZSSNDQJL-WGSAOQKQSA-N,35,0.7936508
OFOKNGAIALWCMY-UHFFFAOYSA-N,39,0.7209302
OGLNGEVLSGWBEB-UHFFFAOYSA-N,33,0.75714284
OGQLDQMZYSIOND-UHFFFAOYSA-N,29,0.852459
OGRGRBGYCZWQRA-UHFFFAOYSA-N,30,0.82539684
OHDQHRAKDCCIMS-UHFFFAOYSA-N,36,0.6231884
OHNWBGGGJMOKIX-SFHVURJKSA-N,33,0.984127
OIQZLVBXHSEFQP-UHFFFAOYSA-N,38,0.94871795
OIWYLNVPMZPVEK-UHFFFAOYSA-N,28,0.6923077
OJRJASQFNLOAKZ-LJQANCHMSA-N,31,0.8873239
OKVAXHZNBTZJCB-GHMZBOCLSA-N,29,0.7719298
OLIMHWOZGCDGAN-QAQDUYKDSA-N,33,0.8103448
OLSJFKRZJSIFMG-UHFFFAOYSA-N,25,0.6034483
OLSYHLURTGEIBH-UHFFFAOYSA-N,15,0.44
OLUKILHGKRVDCT-UHFFFAOYSA-N,22,0.36507937
OMCNPZUKTXGTFK-UHFFFAOYSA-N,23,0.77272725
OMJIKMBHYTTXTC-UHFFFAOYSA-N,16,0.8
ONAKMDBQGGEZMO-UHFFFAOYSA-N,27,0.78333336
ONAOYFWOLYWDEY-UHFFFAOYSA-N,22,0.56666666
ONDLPAJKNFWPJO-UHFFFAOYSA-N,32,0.78571427
OPBOOIFXQHPAPJ-UHFFFAOYSA-N,28,0.81395346
OPQGFIAVPSXOBO-UHFFFAOYSA-N,25,0.88
OPZCPKBSWZFNRM-UHFFFAOYSA-N,37,0.8
OPZYOZIXBOTMIQ-IBGZPJMESA-N,36,1.0
OPZYOZIXBOTMIQ-LJQANCHMSA-N,36,1.0
OPZYOZIXBOTMIQ-UHFFFAOYSA-N,36,1.0
OQEFZDKDXVHSRX-UHFFFAOYSA-N,32,1.0
OQUASBDHCWBKGD-UHFFFAOYSA-N,36,0.8196721
ORZSTHMXZBZWIN-UHFFFAOYSA-N,30,0.8305085
OSCWQKTUILTARV-UHFFFAOYSA-N,33,0.779661
OSOVLHOKGZLVLY-UHFFFAOYSA-N,29,0.72727275
OSTSMXLBOZDZHJ-RUZDIDTESA-N,34,1.0
OSTSMXLBOZDZHJ-VWLOTQADSA-N,34,1.0
OSYGWSQOIPWVAM-UHFFFAOYSA-N,32,0.73913044
OTCJMZXMPRAJEN-UHFFFAOYSA-N,28,0.8666667
OTCLOCMUCBILAR-UHFFFAOYSA-N,38,0.8507463
OTEUBDUXVNFEFC-UHFFFAOYSA-N,25,0.8113208
OTPNDVKVEAIXTI-IYBDPMFKSA-N,30,0.4
OTYOSKLKYVXQAT-UHFFFAOYSA-N,28,0.6315789
OUFGAEIXDBKNPC-UHFFFAOYSA-N,29,0.671875
OUKYUETWWIPKQR-UHFFFAOYSA-N,38,0.2857143
OUSFTKFNBAZUKL-UHFFFAOYSA-N,25,0.8103448
OVACCXPNQSWBBB-UHFFFAOYSA-N,21,0.7058824
OVPNQJVDAFNBDN-UHFFFAOYSA-N,25,0.8627451
OVSXVWXYBBOHGF-UHFFFAOYSA-N,37,0.8873239
OVYIYNNLJLEXCW-GOSISDBHSA-N,32,1.0
OVYIYNNLJLEXCW-SFHVURJKSA-N,32,1.0
OWHMMNCEQSPPJR-UHFFFAOYSA-N,21,0.8
OWLZQWZFSLKVIT-SFHVURJKSA-N,30,0.6825397
OWXORKPNCHJYOF-UHFFFAOYSA-N,28,0.8
OXICUMLYVMEXBW-UHFFFAOYSA-N,27,0.78333336
OXTDGTVIBFENNG-DAFODLJHSA-N,35,0.77922076
OXUJEFSIVFXBIB-ROUUACIJSA-N,27,0.81632656
OXVRYVDABLVQCW-UHFFFAOYSA-N,23,0.4920635
OZHSZLCNRSFFOM-UHFFFAOYSA-N,37,0.76811594
OZOUTOVDXHHQIZ-UHFFFAOYSA-N,28,0.8103448
OZWPBBYNOKRDFB-LFIBNONCSA-N,45,0.9113924
PADIFGYTAXNCRK-UHFFFAOYSA-N,26,0.68333334
PAEDTQQTYBULPN-SNVBAGLBSA-N,28,0.7758621
PAICWQZQWHFNIR-UHFFFAOYSA-N,25,0.7222222
PAJUGXUVYBQAGG-UHFFFAOYSA-N,33,0.78571427
PBCZSGKMGDDXIJ-KRUBCLEUSA-N,36,0.72602737
PBDNNWWYSHCMCH-NRFANRHFSA-N,41,1.0
PBDNNWWYSHCMCH-OAQYLSRUSA-N,41,1.0
PCSKJPPAHVCSPT-UHFFFAOYSA-N,29,0.8113208
PCSNHSCJJFGAOB-UHFFFAOYSA-N,27,0.6567164
PDGKHKMBHVFCMG-UHFFFAOYSA-N,33,0.9830508
PEMNVVTZKGRLSX-UHFFFAOYSA-N,40,0.75
PEOPNFFYHMAVJA-UHFFFAOYSA-N,30,0.7076923
PFCAHEMJANLCHH-UHFFFAOYSA-N,21,0.7169811
PFRMQZGBTCACGO-LSDHHAIUSA-N,28,0.8135593
PFXGXKFPTAJYHV-UHFFFAOYSA-N,21,0.5471698
PGHDEZZAJHSYTK-UHFFFAOYSA-N,22,0.7777778
PGSHABRJZCOCPJ-UHFFFAOYSA-N,18,0.6296296
PGWURUYAKNYOPM-SUMWQHHRSA-N,27,0.7627119
PHKLPPLFTQEZFS-UHFFFAOYSA-N,26,0.6721311
PHSSTQVIBIMDLX-UHFFFAOYSA-N,26,0.7924528
PHWHNHYZZNJPLB-QMMMGPOBSA-N,25,0.46153846
PIGVRBXVSCGJKI-UHFFFAOYSA-N,25,0.8235294
PIMQWRZWLQKKBJ-GOSISDBHSA-N,29,1.0
PIMQWRZWLQKKBJ-SFHVURJKSA-N,29,1.0
PIRRYRRDDTYFPP-VIFPVBQESA-N,25,0.7758621
PIVLHBNDKATOGM-UHFFFAOYSA-N,25,0.6034483
PJROIFLISSJQQQ-SFHVURJKSA-N,37,0.75
PKSFLOGCPXWJIU-MEDUHNTESA-N,29,1.0
PKSFLOGCPXWJIU-UHFFFAOYSA-N,29,1.0
PLDZLKXHZTZEPC-HDJSIYSDSA-N,31,0.8064516
PLXAEHIIAZHAND-RNHBAAACSA-N,29,0.9285714
PMCGYDRAUVMLBE-UHFFFAOYSA-N,38,0.83950615
PMIUHCUGSNZOBV-UHFFFAOYSA-N,30,0.8382353
PMXCMJLOPOFPBT-HNNXBMFYSA-N,27,0.7076923
PNLPHGXRRNXSNB-UHFFFAOYSA-N,36,0.7846154
PNMIKKBZSAFSGY-UHFFFAOYSA-N,39,0.8472222
POHPLECFWMXLII-UHFFFAOYSA-N,34,0.8873239
POMYHNIMGZPDRA-NSCUHMNNSA-N,30,0.6376812
POTKDJWRAMHALZ-UHFFFAOYSA-N,39,0.8684211
POTXVFDXGOEAHO-UHFFFAOYSA-N,20,0.7777778
POVBNEVJRAXZQO-UHFFFAOYSA-N,38,0.84931505
PPMGWZOVBXDTHU-UHFFFAOYSA-N,21,0.8
PPVMYMZOVUTVPA-UHFFFAOYSA-N,30,0.779661
PPWJHBUYVAYYHW-UHFFFAOYSA-N,34,0.9423077
PQDMZMITVLVBIU-UHFFFAOYSA-N,29,0.84
PQIBENCOUWMQIQ-UHFFFAOYSA-N,27,0.9782609
PQLPYLQFEKWGIO-UHFFFAOYSA-N,26,0.71929824
PQWACVUXFPZERA-UHFFFAOYSA-N,42,0.8780488
PRASIGARSOSUQT-UHFFFAOYSA-N,20,0.34375
PREQLWGLUIHGJV-UHFFFAOYSA-N,23,0.6545454
PRNSGUXODRTOMU-UHFFFAOYSA-N,31,0.9574468
PROGKLMIRQVLRO-UHFFFAOYSA-N,30,0.3690476
PRUWEZPTRAKXLQ-UHFFFAOYSA-N,23,0.72727275
PRZSXZWFJHEZBJ-UHFFFAOYSA-N,33,0.23529412
PSDOGBDKRWOMIK-UHFFFAOYSA-N,23,0.8076923
PTGLBPUUXBDPBG-UHFFFAOYSA-N,35,0.984375
PUBDIGIICIUOBQ-NWDGAFQWSA-N,31,0.7352941
PUQPISAECVJMHV-UHFFFAOYSA-N,24,0.7368421
PUWYYRSVRUBXLF-ZBFHGGJFSA-N,28,0.78688526
PUXKEKPYASIYGT-FQEVSTJZSA-N,39,1.0
PUXKEKPYASIYGT-HXUWFJFHSA-N,39,1.0
PVCKGYNFGXACAQ-UHFFFAOYSA-N,25,0.7118644
PVGISXUMPLSTOM-UHFFFAOYSA-N,18,0.54
PVLOKYREDKFWTF-UHFFFAOYSA-N,23,0.75
PVTKDXZNSUHUMO-UHFFFAOYSA-N,32,0.828125
PVWKJEMTFKKCDT-UHFFFAOYSA-N,32,0.7777778
PVWYDIXRBUUPQE-UHFFFAOYSA-N,31,0.8181818
PWYZHNQEKGCWRP-UHFFFAOYSA-N,25,0.6666667
PXFUPQJFMDTOBX-UHFFFAOYSA-N,30,0.7619048
PXJOCPODSAQBED-UHFFFAOYSA-N,26,0.67346936
PXLNCBTUYNESDD-UHFFFAOYSA-N,16,0.7297297
PXVCFDHPZYVHEG-GOSISDBHSA-N,36,1.0
PXVCFDHPZYVHEG-SFHVURJKSA-N,36,1.0
PZKWAHCUWGHBLH-UHFFFAOYSA-N,35,0.8333333
QACIKAGZYYIWDY-UHFFFAOYSA-N,34,0.9423077
QALGDBRHRSNPSF-UHFFFAOYSA-N,26,0.78688526
QAOHRJLCWLORBL-UHFFFAOYSA-N,22,0.5084746
QAQXTNHOYJTPGB-AWNIVKPZSA-N,39,0.90140843
QBQOHKFVYIDSIJ-UHFFFAOYSA-N,35,0.5584416
QCCNJYPQBCTGGP-UHFFFAOYSA-N,40,0.84
QDQHFTSJJASKSA-UHFFFAOYSA-N,29,0.8113208
QDTMPQOORBQFIG-UHFFFAOYSA-N,43,0.8
QEASAEABBPXQEO-UHFFFAOYSA-N,25,0.59183675
QENSBTHLGFPXQZ-ZTRAIXJASA-N,29,0.83870965
QEYANDLEJXFZFA-UHFFFAOYSA-N,31,0.8507463
QFLOEOVVFKHAFI-UHFFFAOYSA-N,23,0.75555557
QFMIUUHQPLSESZ-UHFFFAOYSA-N,33,0.8064516
QFUXJZMXUXQIIB-FVOQNFDRSA-N,24,1.0
QFUXJZMXUXQIIB-FXBGSENESA-N,24,1.0
QGBOALFDSLDKNK-AWEZNQCLSA-N,27,0.79310346
QGGLESNNYLSYEA-UHFFFAOYSA-N,29,0.65217394
QGYOSHFQLATNCO-CABCVRRESA-N,28,0.72131145
QHCHMOFMVBOPSK-UHFFFAOYSA-N,41,0.8780488
QHPKKGUGRGRSGA-UHFFFAOYSA-N,24,0.36619717
QHRXZUMETMHYMU-UHFFFAOYSA-N,28,0.7962963
QIGGJMQSVPHSJB-YRNVUSSQSA-N,38,0.78205127
QILKZVWUDWYXAN-UHFFFAOYSA-N,39,0.739726
QIVDJZPAORKXAY-UHFFFAOYSA-N,28,0.82608694
QJQJQFTXPSNLML-UHFFFAOYSA-N,33,0.65217394
QJQNTDVPMQGHTO-UHFFFAOYSA-N,24,0.65957445
QJQUGFBJWYPQMZ-UHFFFAOYSA-N,37,0.83076924
QJWIKMKAGFNAJH-UHFFFAOYSA-N,33,0.8208955
QKAVQJBBCRMGMX-UHFFFAOYSA-N,30,0.64102566
QKKIWEILHCXECO-UHFFFAOYSA-N,32,0.8245614
QKLPRGKIKLSPLY-UHFFFAOYSA-N,34,0.83076924
QKSPSTLAHSVWOT-UHFFFAOYSA-N,33,0.7894737
QKUXZFIUKOCULS-UHFFFAOYSA-N,28,0.84210527
QKVOBTHWPHZLET-UHFFFAOYSA-N,33,0.85714287
QLWFPXXGZGCHFQ-UHFFFAOYSA-N,31,0.8490566
QMRCPJWGPKSHGQ-OQLLNIDSSA-N,20,0.28125
QMYLLJCZMCNDNK-UHFFFAOYSA-N,29,0.8103448
QNABDSWBQJKBHK-UHFFFAOYSA-N,37,0.47058824
QNFNNVQKMNFIAM-UHFFFAOYSA-N,25,0.5645161
QNIZBMDMEQUCHR-UHFFFAOYSA-N,30,0.8363636
QNJAKUMXJFWQOG-UHFFFAOYSA-N,41,0.37209302
QNWXRLPZIFMTBK-OMOCHNIRSA-N,28,0.8947368
QNZSVEIPQWPBJO-UHFFFAOYSA-N,16,0.6944444
QPFWOQDGUBRECV-UHFFFAOYSA-N,32,0.6666667
QPKLKELWAIIBCT-UHFFFAOYSA-N,32,0.6792453
QPLDBIKDKDFDHK-UHFFFAOYSA-N,27,0.8
QPSCTAMMABVQIH-KRWDZBQOSA-N,39,1.0
QPSCTAMMABVQIH-QGZVFWFLSA-N,39,1.0
QQILFGKZUJYXGS-UHFFFAOYSA-N,20,0.46666667
QRFLQPASPZXMRX-BWFPZVSSSA-N,31,0.8088235
QRVJVTAVMDZGBU-UHFFFAOYSA-N,33,0.8333333
QRXILYGJPUNEPE-UHFFFAOYSA-N,33,0.80597013
QSFLJKWUAIYKRN-UHFFFAOYSA-N,30,0.5890411
QSGKPYRFWJINEH-UHFFFAOYSA-N,26,0.27142859
QSQLSTWOUFBPKW-UHFFFAOYSA-N,36,0.9423077
QTAXCQYCXMOZAD-IBGZPJMESA-N,31,0.74285716
QTEXRPQBMDQPDE-UHFFFAOYSA-N,34,0.77922076
QTFCKBFCXDAZIU-UHFFFAOYSA-N,28,0.3561644
QTJTZEQEKPLJHY-UHFFFAOYSA-N,23,0.6296296
QTLSVBHPZACPBO-KRWDZBQOSA-N,32,0.984127
QTMWRIBZHAYRNM-UHFFFAOYSA-N,25,0.66071427
QTTGJROYRLDUFU-CYBMUJFWSA-N,27,0.46478873
QTTLRBURMUNSGV-UHFFFAOYSA-N,39,0.80263156
QTZUMCMRRPENJM-LJQANCHMSA-N,31,0.8873239
QUSLQUWKRMPMAG-UHFFFAOYSA-N,21,0.68
QVUJFGWIMPTAEH-UHFFFAOYSA-N,24,0.7446808
QVUYUALKISODNR-UHFFFAOYSA-N,22,0.75
QVWIVWPIJUYRRF-UHFFFAOYSA-N,17,0.4074074
QXBRBWDRQIISAT-UHFFFAOYSA-N,39,0.7764706
QXHYWPVNYRELDC-UHFFFAOYSA-N,20,0.725
QYHOUFKSRXQWPG-NSCUHMNNSA-N,28,0.79310346
QYNHHEWCMHMCIH-UHFFFAOYSA-N,33,0.7936508
QYPPYGDPSPCIPP-UHFFFAOYSA-N,23,0.7037037
QYSWLINIQVNEDI-SFHVURJKSA-N,39,0.75
QZQGXMDLWJNGQH-JCNLHEQBSA-N,29,0.7627119
QZYYANMOAVILCF-UHFFFAOYSA-N,25,0.5645161
QZZHYZMBAUORBR-UHFFFAOYSA-N,34,0.9607843
RACWEUJOKLUZLV-UHFFFAOYSA-N,35,0.7941176
RADMAAOUVWABJD-OWOJBTEDSA-N,26,0.7758621
RAIPOUVWZMOUJL-UHFFFAOYSA-N,37,0.8051948
RAKYKJWUUUKCCW-ZJEXCSKESA-N,28,0.5890411
RAPHAQZUOBFENV-UHFFFAOYSA-N,31,0.8382353
RASWQTYRURGDRW-IBGZPJMESA-N,27,0.8245614
RAUORSGJEKKDRM-UHFFFAOYSA-N,32,0.7627119
RAXZSEGXMBWYQK-SNVBAGLBSA-N,23,0.32352942
RBARWKMXQSXULQ-XUTJKUGGSA-N,37,0.92753625
RBFPHINFSBMIFN-UHFFFAOYSA-N,15,0.7297297
RBIXMEJKIVHVPF-UHFFFAOYSA-N,23,0.71428573
RCASSTFEWXEOHP-UHFFFAOYSA-N,32,1.0
RCBOIPKMQXPOTA-UHFFFAOYSA-N,30,0.7894737
RCNKCTKLWHVLHI-UHFFFAOYSA-N,34,0.7916667
RDAXOPGNTONHMU-UHFFFAOYSA-N,34,0.66233766
RDDWSKPOAYXHNU-UHFFFAOYSA-N,35,0.7714286
RDLYLDRPPNVESE-UHFFFAOYSA-N,29,0.7962963
RDQDBMHYRNUCMV-UHFFFAOYSA-N,25,0.8301887
REFJWTPEDVJJIY-UHFFFAOYSA-N,22,0.6585366
REKSFCCYDQMSIN-UHFFFAOYSA-N,24,0.7
REWAULXFDBKSQO-UHFFFAOYSA-N,30,0.7962963
REXVDVJGJLCSGU-ZDOIGZRISA-N,30,0.83870965
RFSDQDHHBKYQOD-UHFFFAOYSA-N,25,0.8039216
RGIIRDQMJISXTQ-UHFFFAOYSA-N,29,0.8181818
RGIXMSXCHQWNPC-UHFFFAOYSA-N,36,0.7887324
RGKJUXUCXBXHFO-OAQYLSRUSA-N,43,0.3137255
RGVVHQNJKUNSFQ-WDZFZDKYSA-N,27,0.7413793
RHWIDIZNQRAAIU-UHFFFAOYSA-N,42,0.89041096
RHXHGRAEPCAFML-UHFFFAOYSA-N,32,0.95238096
RHZYTLOZMHUSKU-UHFFFAOYSA-N,37,0.98507464
RIFATCZEERAEMN-UHFFFAOYSA-N,26,0.8103448
RIGZCVNCFXYBEG-UHFFFAOYSA-N,22,0.76086956
RJESYXNLLLQOLH-UHFFFAOYSA-N,21,0.73913044
RJVBVUWFYMRHRI-UHFFFAOYSA-N,29,0.8153846
RJXWGPDMMDILGJ-UHFFFAOYSA-N,28,0.2972973
RKKBVXKJICHLRV-UHFFFAOYSA-N,41,0.7894737
RKKHUCNMQPWUKF-UHFFFAOYSA-N,25,0.7234042
RLAJOHAIIACFAM-UHFFFAOYSA-N,30,0.2361111
RLSSWKHNBFFPTF-OALUTQOASA-N,37,1.0
RLSSWKHNBFFPTF-RTBURBONSA-N,37,1.0
RLVCFRZZHAKDOE-UHFFFAOYSA-N,37,0.8055556
RMCUBSCEQXEGSP-UHFFFAOYSA-N,33,0.8666667
RMHPTNZDIDOFNC-CJNGLKHVSA-N,28,0.8064516
RMLDMCRTWNEELE-UHFFFAOYSA-N,26,0.9782609
RMTMSYZHBIXLDA-UHFFFAOYSA-N,26,0.7704918
RNDQOIVOIGWXEJ-UHFFFAOYSA-N,31,0.75384617
RNEFKROUXLVXSI-UHFFFAOYSA-N,34,0.7619048
RNFCTZWAYWPDNW-UHFFFAOYSA-N,31,0.7246377
RNLFZYRGFMHTMW-UHFFFAOYSA-N,33,0.74242425
RNNLZMUJWKWKMT-UHFFFAOYSA-N,34,0.8333333
ROBBBICPCFFJRN-UHFFFAOYSA-N,35,0.86153847
ROMAHJZEHBXJSU-UHFFFAOYSA-N,36,0.8513514
RPAYUDDKBDJILL-ONEGZZNKSA-N,29,0.72307694
RPIBISHYKGHEDG-SCELNBNSSA-N,78,0.20535715
RPJIMTALCNCQLV-UHFFFAOYSA-N,27,0.7627119
RPUUVOATUZVRNA-HNKWHGCMSA-N,43,0.983871
RPWBLTVOOYNWFG-UHFFFAOYSA-N,31,0.73770493
RQQPWZPNFCJSRC-UHFFFAOYSA-N,25,0.6851852
RQXOBAMSPDGWSL-UHFFFAOYSA-N,34,0.8382353
RQZBMIFWKSDKDP-UHFFFAOYSA-N,35,0.86567163
RRHORVAOECWFPT-UHFFFAOYSA-N,11,0.30612245
RRQDXVLCGBXZKN-UHFFFAOYSA-N,27,0.5970149
RSDHVIKBVVEOQN-UHFFFAOYSA-N,37,0.56060606
RSNSGNZRUMHXAY-UHFFFAOYSA-N,18,0.5945946
RSZBDSJQRIEBFQ-UHFFFAOYSA-N,34,0.73239434
RTHKPHCVZVYDFN-UHFFFAOYSA-N,22,0.5
RTRPLGDFQSRVPC-UHFFFAOYSA-N,18,0.75
RUDUPLMEWHJYEC-UHFFFAOYSA-N,29,0.7704918
RUKXABJVRPYOJF-UHFFFAOYSA-N,33,0.85507244
RULLFMXSDPINFN-UHFFFAOYSA-N,33,0.859375
RUQPVADMLMMXDR-IBGZPJMESA-N,30,0.779661
RUTCIZOQGCWURK-UHFFFAOYSA-N,32,0.7903226
RVBGHTGHDLQSCG-SNAWJCMRSA-N,35,0.8428571
RVBOIHXTZQGXRV-UHFFFAOYSA-N,25,0.7962963
RVONHYLJCYPGQH-JOCQHMNTSA-N,27,0.7903226
RWFVTYXPQZEJCN-UHFFFAOYSA-N,30,0.884058
RWKMHYNDBBVNAX-UHFFFAOYSA-N,25,0.76363635
RXPIWEJYJNBHBB-UHFFFAOYSA-N,23,0.75510204
RXQXACYMRVINQU-UHFFFAOYSA-N,22,0.7083333
RXZMYLDMFYNEIM-UHFFFAOYSA-N,34,0.8730159
RYGAYBGVUQJRJA-UHFFFAOYSA-N,30,0.884058
RYHLQSVMWLBCJO-JWIMYKKASA-N,31,0.21686748
RYPUWZOEFAAXRB-UHFFFAOYSA-N,34,0.47674417
RYPZLFZFYMAFNB-UHFFFAOYSA-N,34,0.87096775
RYQTYXLOEDUZBQ-TYUJQUHCSA-N,27,0.9285714
RYUQDJFJKIZISW-UHFFFAOYSA-N,33,0.85714287
RYUUEMRVNZONDM-UHFFFAOYSA-N,14,0.20338982
RZFJBSIAXYEPBX-UHFFFAOYSA-N,39,0.8333333
RZFLNGLSNUTNMG-UHFFFAOYSA-N,26,0.75
RZZXVVUNTHOTSQ-UHFFFAOYSA-N,25,0.71153843
SAIXTBXXQWMWMW-UHFFFAOYSA-N,44,0.84705883
SAKBODKHQMFEKY-UHFFFAOYSA-N,33,0.852459
SAKHMWHBWMDUMO-UHFFFAOYSA-N,37,0.8333333
SALMKXDVOXFTFG-UHFFFAOYSA-N,40,0.86419755
SBOSVLRBKPEZMQ-UHFFFAOYSA-N,33,0.36144578
SCACHXWSWJBIHG-DZGCQCFKSA-N,27,1.0
SCACHXWSWJBIHG-HIFRSBDPSA-N,27,1.0
SCDIXZFAKXJIIG-UHFFFAOYSA-N,23,0.75
SCIUSXXNEKMFGZ-VOTSOKGWSA-N,34,0.82857144
SCJNYBYSTCRPAO-LXBQGUBHSA-N,42,0.56122446
SDAWBLGFXWXOCC-UHFFFAOYSA-N,39,0.82894737
SDGMMQJEGBDKJW-GFCCVEGCSA-N,30,0.7627119
SDUVOQLCGBPUHH-UHFFFAOYSA-N,32,0.8490566
SDVAHCXGDGYWFA-UHFFFAOYSA-N,32,0.6956522
SEAAQBDCEFFTFY-UHFFFAOYSA-N,30,0.7246377
SEFQVFHHLQCVHJ-UHFFFAOYSA-N,28,0.82758623
SEKBBOWCTFTKRL-UHFFFAOYSA-N,34,0.80597013
SELYMTMAYFSILA-UHFFFAOYSA-N,24,0.8076923
SESXHBRHIPVWPS-UHFFFAOYSA-N,49,0.7244898
SEVGOOROBLVJGK-UHFFFAOYSA-N,37,0.7887324
SFQJTSXHVUPLIV-UHFFFAOYSA-N,36,0.6944444
SGTZBEQVIHRDED-UHFFFAOYSA-N,25,0.8076923
SHDGEOLPEYTGCG-FQEVSTJZSA-N,27,0.6
SHKLUCMYFCYADL-ZHACJKMWSA-N,23,0.6037736
SHYISNSHAFWMHQ-UHFFFAOYSA-N,25,0.59090906
SICVBGDJQNMSDS-UHFFFAOYSA-N,34,0.8088235
SIDFXEKFFOCXKK-UHFFFAOYSA-N,31,0.71428573
SIJAJBIYANDPCR-UHFFFAOYSA-N,24,0.7169811
SIMJTPTVYRLFAT-UHFFFAOYSA-N,36,0.98571426
SJSDASQLMLBPML-UHFFFAOYSA-N,23,0.8039216
SJXZTTFVVYAFTL-UHFFFAOYSA-N,32,0.85714287
SLCCUCULKBLWSV-UHFFFAOYSA-N,21,0.41095892
SLPSOQSJJLVJPX-SUMWQHHRSA-N,30,0.8405797
SMJAMOAYGIVKRI-UHFFFAOYSA-N,27,0.24615385
SMYIRTWZKCFRRG-UHFFFAOYSA-N,28,0.6615385
SNHLUTGILRDGER-UHFFFAOYSA-N,32,0.7714286
SNNGPRMPZIXZQE-UHFFFAOYSA-N,34,0.828125
SNTQCQYHQRHGKY-UHFFFAOYSA-N,27,0.7936508
SOFBJAGASYHSSD-UHFFFAOYSA-N,21,0.58
SOHOEERULHWXJB-UHFFFAOYSA-N,36,0.84
SOKOQHNUYVVYND-UHFFFAOYSA-N,30,0.3164557
SOSTXYOXUQYPHG-UHFFFAOYSA-N,32,0.8028169
SOTHNRIRXPUQEZ-UHFFFAOYSA-N,31,0.8382353
SPKWRLBKVPRPMT-UHFFFAOYSA-N,38,0.8333333
SPOFFKVTLHJRNT-UHFFFAOYSA-N,31,0.98275864
SQAZXWOTKSSCBZ-UHFFFAOYSA-N,36,0.8666667
SQLOMAVYVXFQBS-UHFFFAOYSA-N,25,0.754717
SQUNOCMDMIQIQK-OAHLLOKOSA-N,26,0.75409836
SQUNXPPTEPGMQR-HNNXBMFYSA-N,28,1.0
SQUNXPPTEPGMQR-OAHLLOKOSA-N,28,1.0
SRVJJZNXRMYPNY-UHFFFAOYSA-N,33,0.6486486
SSIOYGMEKCPFAV-UHFFFAOYSA-N,39,0.82894737
SSMMYRQDZBSVCY-JHJMLUEUSA-N,26,1.0
SSMMYRQDZBSVCY-PXYINDEMSA-N,26,1.0
SSMMYRQDZBSVCY-UHFFFAOYSA-N,26,1.0
SSUYSUSCBUXMBR-VOTSOKGWSA-N,23,0.5833333
SSVSKCKWUAPYHI-UHFFFAOYSA-N,38,0.85714287
STJKLSZICWMZSS-HSALFYBXSA-N,38,1.0
STJKLSZICWMZSS-ZCNNSNEGSA-N,38,1.0
STUWLZLECDWAFU-UHFFFAOYSA-N,23,0.7777778
SUBNLERWESOYMX-YRNVUSSQSA-N,38,0.78205127
SUEYATVNHWMTSO-UHFFFAOYSA-N,39,0.8101266
SUIVLXMKJVEBQK-UHFFFAOYSA-N,29,0.8245614
SVCOVGATBWDHBS-UHFFFAOYSA-N,35,0.880597
SVDZAHIXXZVRSI-UHFFFAOYSA-N,25,0.70689654
SVOFPTVACXACGU-SECBINFHSA-N,25,0.46875
SVSLKZGKLLNZJL-UHFFFAOYSA-N,30,0.71428573
SVXDTIUTCGVODS-UHFFFAOYSA-N,33,0.969697
SWDWTTRSGVDCKP-UHFFFAOYSA-N,23,0.82
SWHALWMKROAPPG-UHFFFAOYSA-N,33,0.82857144
SWIJDJBVBQCVKN-UHFFFAOYSA-N,35,0.6666667
SWKYFDMTGMTWDP-UHFFFAOYSA-N,24,0.71929824
SWWXXPBMWZJWOL-SNAWJCMRSA-N,35,0.8428571
SXJKXTZFHYHUNX-UHFFFAOYSA-N,23,0.6785714
SXKFTXGXWMOOTG-UHFFFAOYSA-N,27,0.74603176
SXMLFYVKHGTDIW-UHFFFAOYSA-N,34,0.5584416
SXVVQLGGDQUNKQ-UHFFFAOYSA-N,42,0.8701299
SXWPDFYGSHSGBS-UHFFFAOYSA-N,17,0.7
SYGZEVSXMXZNJX-UHFFFAOYSA-N,28,0.8095238
SYIMHFDDXYQQAG-UHFFFAOYSA-N,29,0.8305085
SYLBCDWZFLYHIX-UHFFFAOYSA-N,36,0.7826087
SYPGWQCWWXBNKA-HAQNSBGRSA-N,24,0.8076923
SYQYDDZJODBESY-UHFFFAOYSA-N,27,0.8333333
SZRKXCASACKTFU-UHFFFAOYSA-N,36,0.8
SZRLOUJSZUQGCD-UHFFFAOYSA-N,39,0.9493671
TUCLZQAUTAVVBA-UHFFFAOYSA-N,31,0.6769231
TUSYHQBFGFIWOG-UHFFFAOYSA-N,28,0.64179105
TVOSCVSFFYTFBC-KBPBESRZSA-N,22,0.7291667
TVZCIMNGAOZHSH-UHFFFAOYSA-N,23,0.53846157
TWAIYMKBHKNSRO-IBGZPJMESA-N,26,1.0
TWAIYMKBHKNSRO-LJQANCHMSA-N,26,1.0
TWBXLKWAYLBJOV-UHFFFAOYSA-N,37,0.7808219
TWNUIDQVTSUXKY-UHFFFAOYSA-N,40,0.8333333
TWRIPCVWWMPBCA-OWOJBTEDSA-N,27,0.79310346
TWTKMJWAXOPXSX-UHFFFAOYSA-N,32,0.98275864
TXYDVOWCSZIRIZ-UHFFFAOYSA-N,32,0.8490566
TYQOIFDVJMCWNW-XOKHGSTOSA-N,32,0.6923077
TYRDCYYKRYFRKP-UHFFFAOYSA-N,29,0.8947368
TZPDLRQVOKYCOS-UHFFFAOYSA-N,32,1.0
TZQUSNSHSLUEPS-KRWDZBQOSA-N,34,1.0
TZQUSNSHSLUEPS-QGZVFWFLSA-N,34,1.0
TZRMWSCRZQGAKI-UHFFFAOYSA-N,37,0.7794118
TZWAPMQFRGZIFN-UHFFFAOYSA-N,27,0.64285713
UAOIPNOTWOYAMU-UHFFFAOYSA-N,25,0.7457627
UAXFZSPPERCTJU-UHFFFAOYSA-N,32,0.87931037
UBHVSGGXYKHEIW-UHFFFAOYSA-N,34,0.86764705
UBUCTCIBRLMJKZ-UHFFFAOYSA-N,31,0.537037
UBVYPGDWOQOPMK-UHFFFAOYSA-N,24,0.6507937
UBZYDNRWJFPDPN-HDICACEKSA-N,35,0.85294116
UCCQAENGEYATHZ-UHFFFAOYSA-N,23,0.82
UCKVPBMWWJALAJ-UHFFFAOYSA-N,21,0.975
UCLGCTLOEZZSLA-UHFFFAOYSA-N,26,0.7017544
UCLLQNWKNKYTQR-UHFFFAOYSA-N,29,0.78723407
UDDCMASGEGKOHK-WJDWOHSUSA-N,28,0.6909091
UDIUKSLSDVCBFN-UHFFFAOYSA-N,31,0.6865672
UDJDOFKOOAFZRH-ONEGZZNKSA-N,35,0.72602737
UDJFNUQDJAQEGK-UHFFFAOYSA-N,30,0.7413793
UDRMFMIAECLEDA-UHFFFAOYSA-N,24,0.6862745
UDVYMPJUORTTMR-JOCQHMNTSA-N,28,0.83928573
UEGPMXKTKCKXOK-UHFFFAOYSA-N,41,0.8271605
UELYDGOOJPRWGF-MFOHZAOFSA-N,29,1.0
UELYDGOOJPRWGF-SRQXXRKNSA-N,29,1.0
UEVWXXZKXKDLKI-UHFFFAOYSA-N,37,1.0
UEYQVGAFBVFHAU-UHFFFAOYSA-N,28,0.369863
UEZCXGAWLVJWFC-JNQZTWDXSA-N,31,0.8507463
UFDJSBYUXKDYQJ-UHFFFAOYSA-N,34,0.87142855
UFDKTUULSMNAME-GJZGRUSLSA-N,23,0.78431374
UFLGJZHPDAVXQK-RMKNXTFCSA-N,20,0.2835821
UFPJNNFZCVYLKA-GFCCVEGCSA-N,30,0.7536232
UFTGPKOELOXALO-UHFFFAOYSA-N,31,1.0
UGAJHTSPHACTLO-UHFFFAOYSA-N,33,0.92
UGEGMLHKJYPRKJ-JLHYYAGUSA-N,39,0.5222222
UGHABJRZQKZAHP-UHFFFAOYSA-N,17,0.46153846
UGMXVKWXOFIULK-UHFFFAOYSA-N,39,0.84810126
UHCCZPSJWZLRKI-UHFFFAOYSA-N,25,0.72
UHCHLTQBLNUYRT-GFCCVEGCSA-N,31,0.5753425
UHPKVNVPEONGAY-UHFFFAOYSA-N,33,0.8636364
UIUYDZQKYIIPIT-AZOLZQDUSA-N,27,0.78846157
UJHKKNOWOJMKCR-UHFFFAOYSA-N,35,0.9848485
UJPGEXNKVDSXSC-UHFFFAOYSA-N,23,0.76
UKDNMBIYQCJECP-UHFFFAOYSA-N,34,0.80597013
UKNGIFKYRYBARW-UHFFFAOYSA-N,25,0.8235294
UKXIKQXJARSCKC-KRWDZBQOSA-N,30,0.75
ULGOPTXVFIQHMI-UHFFFAOYSA-N,25,0.4
ULVQOPPBCYXVIF-UHFFFAOYSA-N,29,0.85
UMBDWDIRLTVPBF-UHFFFAOYSA-N,36,0.6956522
UMCVHHHRVMNEFN-UHFFFAOYSA-N,32,0.8309859
UMHKPLNSKRNIJU-UHFFFAOYSA-N,29,0.75
UMHPDYCYVZAGAH-UHFFFAOYSA-N,37,0.8148148
UNSAZGGWYRHTHJ-UHFFFAOYSA-N,37,0.70731705
UNUCZJRZFFSFFA-UHFFFAOYSA-N,17,0.5769231
UODXTGBFBIFREQ-UHFFFAOYSA-N,25,0.75
UOOGYXHQWUAUFW-UHFFFAOYSA-N,30,0.8363636
UOQYPBAIFIZUMC-UHFFFAOYSA-N,20,0.67741936
UOSAIBFGDGMQLI-UHFFFAOYSA-N,30,0.72307694
UOVCGJXDGOGOCZ-UHFFFAOYSA-N,25,0.44444445
UOXXHPOQLJPWNQ-UHFFFAOYSA-N,25,0.7234042
UOZGSFYRTXKQQR-UHFFFAOYSA-N,25,0.8490566
UPGFDOZGSFRYIS-UHFFFAOYSA-N,34,0.984127
UPPMBTMATLNYOX-UHFFFAOYSA-N,23,0.8979592
UQAHWAQRLXARGK-FQEVSTJZSA-N,39,0.81707317
UQDHAMQNTWHVFF-UHFFFAOYSA-N,33,0.85915494
UQEPZHPATDPKPO-UHFFFAOYSA-N,24,0.67241377
UQHMSIRKJLYDEJ-UHFFFAOYSA-N,24,0.71428573
UQKMSJFNACXHSL-HNNXBMFYSA-N,33,0.6
UQNCMHKLJYFMGT-UHFFFAOYSA-N,36,0.7777778
UQPQASRVEMBDQW-UHFFFAOYSA-N,23,0.8181818
USAKOZCUIYTREA-UHFFFAOYSA-N,25,0.8103448
USDBEZRARXRGGK-WKILWMFISA-N,30,0.47560975
UTDIUAOBXDHROL-UHFFFAOYSA-N,38,0.9
UTGUSPCINACJKQ-UHFFFAOYSA-N,31,0.67164177
UTHVZZKYYYMFGE-UHFFFAOYSA-N,27,0.7647059
UTHWBIPHRYUJSU-UHFFFAOYSA-N,24,0.7962963
UTSGUQQUFYMTLL-MGCOHNPYSA-N,26,0.82
UUISESFNPSRBFN-UHFFFAOYSA-N,33,0.8088235
UULNNXNBBBWXDG-SJLPKXTDSA-N,39,0.78571427
UUPJXVBCBPIVKZ-ZGTCLIOFSA-N,27,0.6486486
UVJHJIXYGIZLLF-UHFFFAOYSA-N,30,0.71666664
UVKIWKFJDSCWJY-CHWSQXEVSA-N,31,0.9285714
UVKYPTPDMYIXMG-UHFFFAOYSA-N,36,0.8382353
UVMVCEDKKHGTIW-UHFFFAOYSA-N,39,0.9189189
UVSZGHBPMOAFSS-UHFFFAOYSA-N,32,0.85714287
UVVGSZJKQAELIC-UHFFFAOYSA-N,39,0.8666667
UVWRLACHEXXROY-UHFFFAOYSA-N,23,0.76086956
UWEHIBQNZMPNPF-UHFFFAOYSA-N,38,0.8666667
UWMQPYVHFSVPRM-UHFFFAOYSA-N,22,0.6875
UWQKULXATKCNBV-UHFFFAOYSA-N,30,0.8490566
UXGASSHBBXBLJM-UHFFFAOYSA-N,26,0.6666667
UXNFEAZGNVZCSX-UHFFFAOYSA-N,25,0.96153843
UYJJLRIXIZKXPQ-UHFFFAOYSA-N,25,0.6727273
UYSFMAROJRGQCA-UHFFFAOYSA-N,27,0.8333333
UZGLLJQDQDOFFE-INIZCTEOSA-N,33,1.0
UZGLLJQDQDOFFE-MRXNPFEDSA-N,33,1.0
UZUCFTPPULEGQO-UHFFFAOYSA-N,37,0.94666666
UZVLKAPGUJAQCL-JTQLQIEISA-N,25,0.61538464
UZWDCWONPYILKI-UHFFFAOYSA-N,37,0.68421054
UZZGMJZTCZOSGC-UHFFFAOYSA-N,28,0.58666664
VAFGRMAYAKICTQ-UHFFFAOYSA-N,25,0.76785713
VAXXXDBEUYQWBN-UHFFFAOYSA-N,16,0.59183675
VBDYHKNTTWQTJA-UHFFFAOYSA-N,26,0.7307692
VBMXVRDJHWHIPX-UHFFFAOYSA-N,30,0.36666667
VBVQRWCLJVUBMP-UHFFFAOYSA-N,27,0.75
VBWQPLLCGUWXEE-UHFFFAOYSA-N,30,0.6507937
VBYGXNURPHQSPG-MUUNZHRXSA-N,45,0.84415585
VCNGTVPMEVKOFO-UHFFFAOYSA-N,25,0.6862745
VCPXSBULBDYRLT-UHFFFAOYSA-N,31,0.6333333
VDHLFJQYUMJVLC-HNNXBMFYSA-N,30,0.7741935
VDTYYNPPVROBPA-UHFFFAOYSA-N,37,0.72289157
VDWADUHIPOMAQX-UHFFFAOYSA-N,33,0.76811594
VDXGLZJPQRGNLY-UHFFFAOYSA-N,24,0.75
VEGGRTFDFMUBPD-ONEGZZNKSA-N,34,0.2682927
VELBXKDYGYBFSC-UHFFFAOYSA-N,31,0.67164177
VEMUNZLIOXAWMA-VQLJPOJZSA-N,27,0.78688526
VERWOWGGCGHDQE-UHFFFAOYSA-N,38,0.59302324
VESKGNRSKDNTQM-WKILWMFISA-N,32,0.7692308
VFEDEOUBYBLDKN-AAFJCEBUSA-N,28,1.0
VFEDEOUBYBLDKN-VYRBHSGPSA-N,28,1.0
VFMSDTSKEUYQCV-HNNXBMFYSA-N,27,0.8214286
VFUTVVZNBWJHDY-UHFFFAOYSA-N,38,0.79012346
VHBHIENHYLRDFN-UHFFFAOYSA-N,24,0.76363635
VIUGBRHEHAGOFV-HOTGVXAUSA-N,24,0.7291667
VIVMZQHQZFAZLX-UHFFFAOYSA-N,32,0.75510204
VKFYQLQUQJGLMV-UHFFFAOYSA-N,24,0.6603774
VKGMPNUYYWDODX-UHFFFAOYSA-N,29,0.24210526
VKKBPZYSVDKIKN-UHFFFAOYSA-N,28,0.78688526
VKLOCUZCZFZGCR-JTQLQIEISA-N,25,0.6451613
VKQFYXRYOWQEDG-VIFPVBQESA-N,22,0.6451613
VKXBNFWRQLNUFV-IBGZPJMESA-N,27,0.81666666
VLWZGXZKJHXLTL-UHFFFAOYSA-N,36,0.8684211
VMZGYYCCAWUCHJ-UHFFFAOYSA-N,31,0.4027778
VNAJSBPSKADKDA-UHFFFAOYSA-N,28,0.8103448
VNDWQCSOSCCWIP-UHFFFAOYSA-N,23,0.26027396
VNIUBQSCSHUUAR-UHFFFAOYSA-N,36,0.68115944
VNVKSDCWJDOWNE-UHFFFAOYSA-N,23,0.7407407
VOEASXDMGAGUCL-HDJSIYSDSA-N,29,0.87096775
VORFQISDCVONQN-UHFFFAOYSA-N,29,0.78125
VOWVPWZVDZJMFQ-UHFFFAOYSA-N,32,0.76119405
VOZSBSGPEIZDAJ-UHFFFAOYSA-N,38,0.84810126
VPOGRVWIIVMWRI-UHFFFAOYSA-N,27,0.8363636
VQAYFOJQHDLFNL-UHFFFAOYSA-N,33,0.85714287
VQDFHMHLYSYRGJ-UHFFFAOYSA-N,27,0.8
VQUQBABVYFSBGV-UHFFFAOYSA-N,37,0.3152174
VQWBEJMNOVVXFG-UHFFFAOYSA-N,28,0.73913044
VQZBANVBIFJMLH-UHFFFAOYSA-N,36,0.74285716
VRAAFABYEISPSR-UHFFFAOYSA-N,36,0.8695652
VRFZKJZXBCWGJM-GOSISDBHSA-N,31,0.73239434
VRGDZVSBXVILRP-YPMHNXCESA-N,24,0.9183673
VROOACNOMCZQDP-UHFFFAOYSA-N,25,0.8
VRZQAXBLQMWLAF-UHFFFAOYSA-N,30,0.8490566
VSDYUWIOYNTKSO-INIZCTEOSA-N,32,0.6666667
VSEZBFXFRWVODC-UHFFFAOYSA-N,22,0.75
VSTRBHWJZOVRDC-HHHXNRCGSA-N,39,1.0
VSTRBHWJZOVRDC-MHZLTWQESA-N,39,1.0
VSZKYBBLLRBZLS-UHFFFAOYSA-N,43,0.8433735
VSZVMUGJWVQEOS-UHFFFAOYSA-N,25,0.8235294
VTIDGQOQJUVQBS-UHFFFAOYSA-N,24,0.6507937
VTLJOVYRGQXDDG-UHFFFAOYSA-N,23,0.47540984
VUKGJVXJRDQYFA-UHFFFAOYSA-N,39,0.85897434
VUKHUGGTAIUITQ-UHFFFAOYSA-N,25,0.8
VVKMHTWFAUCCOD-UHFFFAOYSA-N,41,0.5744681
VVOYROSONSLQQK-UHFFFAOYSA-N,34,0.3
VVVCNCSCTHVHSD-UHFFFAOYSA-N,43,0.87341774
VVVOXIMEZCMSSA-UHFFFAOYSA-N,31,0.84782606
VWDQVVDIPMQNAP-UHFFFAOYSA-N,33,0.8507463
VXBAJLGYBMTJCY-NSCUHMNNSA-N,28,0.8032787
VXHHRUITLRQZFT-UHFFFAOYSA-N,32,0.5945946
VXLAKHWYGRKCGI-UHFFFAOYSA-N,32,0.65217394
VXXZEWXBMJSADU-UHFFFAOYSA-N,37,0.8082192
VYKCLMALANGCDF-STQMWFEESA-N,21,0.6851852
VYUIAGTXCYOIMK-UHFFFAOYSA-N,20,0.6666667
VYYVSGBSHKYYPS-UHFFFAOYSA-N,38,1.0
VZNOTQXWDLWJSQ-UHFFFAOYSA-N,23,0.6603774
VZPLQNFSKCQLPB-UHFFFAOYSA-N,38,0.86419755
VZQVEDSPJWSGNE-UHFFFAOYSA-N,18,0.76744187
WAFHXBBZJZYUIJ-UHFFFAOYSA-N,29,0.7794118
WAIWXFGIIWQVMF-UHFFFAOYSA-N,32,0.8208955
WATZRHFPUUTHEW-UHFFFAOYSA-N,18,0.68292683
WBPFBRSQEAARNO-UHFFFAOYSA-N,29,0.8103448
WBSMIPAMAXNXFS-UHFFFAOYSA-N,22,0.6
WBUZWMNIWAQICA-UHFFFAOYSA-N,27,0.82258064
WCEJWHANTHYYCV-UHFFFAOYSA-N,34,0.9848485
WCWKPLLIOVVNLB-UHFFFAOYSA-N,26,0.82258064
WCWLSNGOKLMMBH-UHFFFAOYSA-N,33,0.7936508
WDVFSNIVMZTNHY-UHFFFAOYSA-N,26,0.82258064
WDZGPEAXLWZUHU-UHFFFAOYSA-N,65,0.7164179
WEIJWGUXTMLFKT-UHFFFAOYSA-N,37,0.8684211
WEPVISFEMWVLFZ-UHFFFAOYSA-N,25,0.6
WEZGTMJXSVLNML-UHFFFAOYSA-N,27,0.78723407
WEZJDYISKHZTRE-UHFFFAOYSA-N,24,0.74509805
WFBVMRMNIMMRCE-UHFFFAOYSA-N,30,0.7692308
WFFGKDZTGGLZGQ-OWOJBTEDSA-N,36,0.6197183
WFNUAOKMXUQUHV-QLWIJMGASA-N,27,1.0
WFNUAOKMXUQUHV-TYUJQUHCSA-N,27,1.0
WGVVIVGNBSSANI-UHFFFAOYSA-N,22,0.6545454
WHDJEAZLMYPLGL-UHFFFAOYSA-N,24,0.88
WHESKSKXFHVUOZ-UHFFFAOYSA-N,31,0.859375
WHHJYUVJNITNFN-UHFFFAOYSA-N,30,0.85714287
WIAMCDYCLOMHKF-INIZCTEOSA-N,38,1.0
WIAMCDYCLOMHKF-MRXNPFEDSA-N,38,1.0
WIINVKDUAJXWIM-UHFFFAOYSA-N,33,0.8333333
WIPVOTCWCILSOJ-UHFFFAOYSA-N,26,0.62903225
WIXXOCCJPBPLGM-YVEFUNNKSA-N,29,0.84375
WJDGUKDMQOOHQB-UHFFFAOYSA-N,29,0.852459
WJOUGMPFYANZMI-INIZCTEOSA-N,27,0.828125
WJRRGYBTGDJBFX-UHFFFAOYSA-N,26,0.76363635
WKBMRZDYCZPLFO-LJQANCHMSA-N,33,0.36842105
WKJFXCUHHGQVFY-UHFFFAOYSA-N,42,0.7076923
WLLPLBBZUNXTEC-UHFFFAOYSA-N,22,0.7777778
WLZKCCYFHBISQS-UHFFFAOYSA-N,32,0.8666667
WMDZRXZMGILJMX-UHFFFAOYSA-N,17,0.7
WMEWCRUOYDVJLT-UHFFFAOYSA-N,25,0.75510204
WMJDKJPJZVMOIF-UHFFFAOYSA-N,21,0.92
WMUSBRFXXCFZTI-UHFFFAOYSA-N,24,0.72
WMZYZYFPPQOFKY-UHFFFAOYSA-N,14,0.475
WNMRVXGHICLEOM-UHFFFAOYSA-N,28,0.81666666
WOMGVWQLZBGOHL-UHFFFAOYSA-N,25,0.74509805
WOQQURWNFMADML-UHFFFAOYSA-N,24,0.8035714
WOTWXKACTZFRQE-UHFFFAOYSA-N,26,0.7118644
WPMMQMUUPOYKSQ-UHFFFAOYSA-N,21,0.6956522
WQCXLUNOPQPYFK-IBGZPJMESA-N,26,1.0
WQCXLUNOPQPYFK-UHFFFAOYSA-N,26,1.0
WQGCPJJNZKLUAU-UHFFFAOYSA-N,39,0.84210527
WQGWDDDVZFFDIG-UHFFFAOYSA-N,9,0.44
WQKQYNIPTVKSRI-UHFFFAOYSA-N,31,0.6964286
WQZCQSZZPWAGRX-OAHLLOKOSA-N,31,0.7297297
WRNSLYRANAMPHH-UHFFFAOYSA-N,32,0.88135594
WRQLOEJMGPUESY-UHFFFAOYSA-N,23,0.7368421
WRSFTFVJTOOSMY-UHFFFAOYSA-N,25,0.7818182
WRYQEGMCPJCDEP-UHFFFAOYSA-N,37,0.825
WSNJGDJRGNRVDV-UHFFFAOYSA-N,27,0.84210527
WTJMIUVUDTWXSC-UHFFFAOYSA-N,32,0.8125
WTNLCQZGISMWKP-UHFFFAOYSA-N,34,0.85507244
WUBSWWREBHQMBO-UHFFFAOYSA-N,26,0.2962963
WUFVFWHZRSJNAV-UHFFFAOYSA-N,27,0.90625
WUGJIPFLBOATGL-UHFFFAOYSA-N,28,0.9302326
WUILNKCFCLNXOK-CFBAGHHKSA-N,25,0.2173913
WVTQEDQHWYJROA-UHFFFAOYSA-N,29,0.7962963
WVUDZDGNXHQQNC-UHFFFAOYSA-N,25,0.8301887
WWAPUHXVVWFCFW-UHFFFAOYSA-N,28,0.6615385
WWAYNSNYYIIADR-UHFFFAOYSA-N,23,0.8235294
WWCTWZWHBBXROW-UHFFFAOYSA-N,31,0.7413793
WWHNHBJMWMVKHQ-UHFFFAOYSA-N,27,0.72727275
WWJLGEMPECUYJI-UHFFFAOYSA-N,26,0.7719298
WWPOWSOSERGQKM-UHFFFAOYSA-N,43,0.84415585
WWZIGIHYULFNFK-UHFFFAOYSA-N,29,0.8
WXCBCOGGWQFFHG-UHFFFAOYSA-N,34,0.86567163
WXFGSMZOKBRNIJ-RKWVHCRBSA-N,28,0.7966102
WYEKJPYMYWLHSC-UHFFFAOYSA-N,36,0.505618
WYHMIZJZCQZTDC-UHFFFAOYSA-N,24,0.59615386
WYUGQOIRDIKGIM-HDJSIYSDSA-N,31,0.8064516
WYVKLTXZXWGGHJ-UHFFFAOYSA-N,20,0.8666667
WYZOMYWEQQWFAG-UHFFFAOYSA-N,45,0.7619048
WZOVTPHXONVIIJ-SFHVURJKSA-N,30,0.779661
WZYNLEWNDAIQEV-UHFFFAOYSA-N,25,0.7777778
XAGNSTCBIXPKPO-UHFFFAOYSA-N,28,0.6557377
XANUTEQSZWRXHI-UHFFFAOYSA-N,38,0.8333333
XAOVCENYRWWHPR-UHFFFAOYSA-N,27,0.796875
XAOYRTHHGGFHKY-UHFFFAOYSA-N,32,0.8088235
XCPITERAYNQRGL-UHFFFAOYSA-N,29,0.71875
XCYLMCOZDQCDRH-UHFFFAOYSA-N,21,0.7234042
XDPKOVYWCYQSBM-UHFFFAOYSA-N,31,0.84615386
XDSHGIGIKRXBCF-HOTGVXAUSA-N,41,0.24761905
XEFTWEXMOFWWNB-UHFFFAOYSA-N,24,0.66101694
XFDHKLXZOHVBQC-UHFFFAOYSA-N,23,0.62068963
XFHXEJDPACITOO-UHFFFAOYSA-N,34,0.87096775
XFNINEDWLFKZMH-UHFFFAOYSA-N,37,0.8243243
XFOONFRMTLLSTQ-UHFFFAOYSA-N,39,0.8695652
XGBQWTNNJKUZID-UHFFFAOYSA-N,21,0.2857143
XGKULQQVQWCASY-UHFFFAOYSA-N,34,0.71666664
XGMVZQXAYCWSTR-UHFFFAOYSA-N,35,0.86153847
XHCXEGJOAXJLFH-UHFFFAOYSA-N,36,0.8
XHEFDIBZLJXQHF-UHFFFAOYSA-N,21,0.71794873
XHEQSRJCJTWWAH-UHFFFAOYSA-N,31,0.704918
XHJMMMPXTUEBMQ-UHFFFAOYSA-N,22,0.3611111
XHMWJKANNMHUAS-UHFFFAOYSA-N,36,0.625
XHPNYYOUZWOWNT-ATNAJCNCSA-N,30,1.0
XHPNYYOUZWOWNT-PYUWXLGESA-N,30,1.0
XHQBOSUFOHFXGZ-CYBMUJFWSA-N,30,0.8194444
XHVBPBBATVRGNA-UHFFFAOYSA-N,28,0.7704918
XHVVXSLELBPOBX-UHFFFAOYSA-N,24,0.7254902
XIMWEYFXANOPPN-UHFFFAOYSA-N,18,0.73333335
XIRBBABZYUQIMH-QFIPXVFZSA-N,34,0.7162162
XIRPRIIMUGKGHD-UHFFFAOYSA-N,27,0.7592593
XIVVCWMLPOQNDX-UHFFFAOYSA-N,35,0.8507463
XIXCDPUONOFFOT-UHFFFAOYSA-N,34,0.7121212
XJMUQSPFRGDRSM-UHFFFAOYSA-N,33,0.852459
XJQPUMGIUIXVMH-QEZCQBAUSA-N,25,1.0
XJQPUMGIUIXVMH-XIVKRJNJSA-N,25,1.0
XJYQXFOMCPXSMR-UHFFFAOYSA-N,25,0.71929824
XJYUSNWXKXUGGH-OXQOHEQNSA-N,31,0.8888889
XJYUSNWXKXUGGH-VTIXCXEBSA-N,31,0.8888889
XJZGBIWHBPHGTM-UHFFFAOYSA-N,29,0.72727275
XKDKTKPNGXUGSV-UHFFFAOYSA-N,27,0.8333333
XKFTZKGMDDZMJI-UHFFFAOYSA-N,35,0.34210527
XKPZMRRASYJBKC-KRWDZBQOSA-N,39,1.0
XKPZMRRASYJBKC-QGZVFWFLSA-N,39,1.0
XLFNLJYGUOLEJS-SFHVURJKSA-N,29,0.39506173
XLGNAHMZWBLDIJ-UHFFFAOYSA-N,28,0.7580645
XLKQEANBUUJYHI-BZSJEYESSA-N,31,0.74626863
XLMDNKMMDBSPSJ-SFHVURJKSA-N,31,0.7758621
XLSYZSRXVVCHLS-UHFFFAOYSA-N,40,0.505618
XLTFNNCXVBYBSX-UHFFFAOYSA-N,21,0.5
XLZHLULRODUOPS-UHFFFAOYSA-N,40,0.8235294
XMACWTIHZLGTLY-UHFFFAOYSA-N,22,0.76
XMMSPSBDKCHHAF-FOCZCJQRSA-N,35,0.6212121
XMQUZQUEHXAOEE-UHFFFAOYSA-N,31,0.86567163
XNBFIYZPJDNHMB-UHFFFAOYSA-N,36,0.78125
XNKBKFNLOYVTSF-UHFFFAOYSA-N,25,0.73333335
XNSBIDVYGUYMMI-UHFFFAOYSA-N,29,0.7096774
XNTGSYBCSRJAPL-UHFFFAOYSA-N,38,0.8472222
XOKMDOXIMWIBTG-UHFFFAOYSA-N,20,0.82051283
XONAFDRMWJEXGF-UHFFFAOYSA-N,34,0.8382353
XOTQSFMYDHXIOI-UHFFFAOYSA-N,30,0.85
XOZQJBAUFVCEOP-UHFFFAOYSA-N,33,0.85294116
XPBRJXPIAAHIDG-UHFFFAOYSA-N,29,0.57377046
XPWCZMMPBBEBJG-UHFFFAOYSA-N,20,0.7234042
XQCBTNFRVPULKC-UHFFFAOYSA-N,32,1.0
XQJXNILPLUCHQG-UHFFFAOYSA-N,18,0.725
XQKJVNGGVLHNLA-UHFFFAOYSA-N,26,0.7
XQLINAVACFUFEH-UHFFFAOYSA-N,33,0.83076924
XQYCTMGXRKRCSW-UHFFFAOYSA-N,28,0.8135593
XQZSGOBAYDQIAM-UHFFFAOYSA-N,32,0.84782606
XRMXIRZGNIFUDY-UHFFFAOYSA-N,32,0.7714286
XRSQDHGAKCVALI-UHFFFAOYSA-N,29,0.6615385
XSEZGKIQUGAAIC-UHFFFAOYSA-N,24,0.67346936
XSHQBIXMLULFEV-UHFFFAOYSA-N,24,0.63461536
XTSFMAFWRLGELC-UHFFFAOYSA-N,38,0.86585367
XTSPZUAGERHHRG-UHFFFAOYSA-N,32,0.6666667
XUCPNXUEDQNSTP-RDTXWAMCSA-N,32,0.7846154
XUECOEIJYADXBH-UHFFFAOYSA-N,24,0.7222222
XUELBKVSGYWSKD-UHFFFAOYSA-N,30,0.73846155
XVBWTZHNQZHFHR-QGZVFWFLSA-N,31,0.36956522
XVLIRDXMQGPGCW-UHFFFAOYSA-N,30,0.6184211
XVLUNMSWJVTNRP-UHFFFAOYSA-N,26,0.7118644
XVRFIUSGDOJQMI-UHFFFAOYSA-N,35,0.8309859
XWQVQSXLXAXOPJ-NJDAHSKKSA-N,36,0.49484536
XWRIZUXQGQPRHA-UHFFFAOYSA-N,23,0.85365856
XWSWBBJOBJLNNN-UHFFFAOYSA-N,27,0.71666664
XWWRLKIBRPJQJX-UHFFFAOYSA-N,24,0.8039216
XXBMNYHUMYIUIC-UHFFFAOYSA-N,38,0.82051283
XXGOOUIALHIZEV-UHFFFAOYSA-N,26,0.8148148
XXLVWAXFJXMBMJ-UHFFFAOYSA-N,19,0.7446808
XYDAVXLWFUQNSH-UHFFFAOYSA-N,25,0.2875
XYZIPKBTOPMPRH-UHFFFAOYSA-N,32,1.0
XYZNJJAFIUQYLC-UHFFFAOYSA-N,28,0.8
YAEMHJKFIIIULI-UHFFFAOYSA-N,21,0.36923078
YAZNPWINUJRGSE-UHFFFAOYSA-N,30,0.75714284
YBJHTHAFJHFCAF-UHFFFAOYSA-N,34,0.86764705
YBKLJTXDSBEVRV-UHFFFAOYSA-N,27,0.7413793
YBSJMSSCZQIUNY-UHFFFAOYSA-N,35,0.8309859
YCQDQQRGBMNFGC-UHFFFAOYSA-N,17,0.7
YCVGLKWJKIKVBI-MJGOQNOKSA-N,29,0.5633803
YDAZSMGTKCIGJO-UHFFFAOYSA-N,31,0.7619048
YDCTYUJPLMLUQI-UHFFFAOYSA-N,26,0.76363635
YDELNSXADYPQGS-BKUYFWCQSA-N,34,0.2826087
YDLIDSKVQPSYJF-UHFFFAOYSA-N,33,0.5873016
YECDMWPRVSKSOX-UHFFFAOYSA-N,33,0.96
YECNFOINGSEHDU-UHFFFAOYSA-N,26,0.8596491
YEJVJNPGUUFGLZ-UHFFFAOYSA-N,25,0.64
YEPIOFDLMGAKEX-UHFFFAOYSA-N,23,0.8235294
YERVFCNDCWMBBO-UHFFFAOYSA-N,42,0.94871795
YFAZVYJDWIMMBA-UHFFFAOYSA-N,20,0.7083333
YFCGHMHGBHKLKH-OCCSQVGLSA-N,31,0.7777778
YFIUABKREHXFIM-UHFFFAOYSA-N,31,0.83870965
YFRIHUMUDOXHTG-UHFFFAOYSA-N,40,0.84810126
YFXWYMXXKFMSOB-UHFFFAOYSA-N,23,0.6851852
YGAYAOJKEATGGP-UHFFFAOYSA-N,31,0.8507463
YGFOLYFTLSRURR-UHFFFAOYSA-N,20,0.26086956
YGKBJTINUACXLA-UHFFFAOYSA-N,26,0.7704918
YHTPDTJLAXLJAP-UHFFFAOYSA-N,33,0.8666667
YHUQQZMBCQTEJM-NRFANRHFSA-N,38,1.0
YHUQQZMBCQTEJM-OAQYLSRUSA-N,38,1.0
YIOLMUUAQMURCL-UHFFFAOYSA-N,24,0.84
YJAHDBYTVJLWQB-UHFFFAOYSA-N,33,0.82539684
YJIHRITUIVWNPX-UHFFFAOYSA-N,28,0.8208955
YKHVIOOOXXEIBK-UHFFFAOYSA-N,32,0.8
YKVXFJUHOCXIAS-UHFFFAOYSA-N,39,0.8333333
YLDHRDIOVUTLTI-UHFFFAOYSA-N,36,0.53488374
YLFCUUAEVUYDPH-UHFFFAOYSA-N,26,0.5882353
YLRRTJLWOJHWFB-UHFFFAOYSA-N,32,0.7941176
YMBNZUUECWJCDF-HNNXBMFYSA-N,26,0.8214286
YMFWMHNWDMYUDT-UHFFFAOYSA-N,26,0.49122807
YNJJUSMMVIXAQM-UHFFFAOYSA-N,34,0.82857144
YNZARLLQQVOHLU-UHFFFAOYSA-N,32,1.0
YOFJPZPGHXWQJB-UHFFFAOYSA-N,27,0.6666667
YOVNFNXUCOWYSG-UHFFFAOYSA-N,42,0.37209302
YOWAPKICKYMWFY-UHFFFAOYSA-N,37,0.8082192
YPJRHEKCFKOVRT-UHFFFAOYSA-N,35,0.983871
YPMOBRWHNOTUIL-UHFFFAOYSA-N,34,0.8405797
YPRFZGADERCJFT-UHFFFAOYSA-N,26,0.7586207
YQFCBJPXMPWMGS-UHFFFAOYSA-N,28,0.82258064
YRMCFRAIIGMZRN-UHFFFAOYSA-N,34,0.76
YRSCDRTXWYUNBB-UHFFFAOYSA-N,24,0.78846157
YRUAMADPOZOPBF-ZDUSSCGKSA-N,34,0.72602737
YRVHFKJCZJVYTE-UHFFFAOYSA-N,21,0.67346936
YRZXUXSUYHXYHL-UHFFFAOYSA-N,27,0.79310346
YSRIAKNKGZXFQD-UHFFFAOYSA-N,24,0.67346936
YTPKEJXVUUNXRA-CYBMUJFWSA-N,28,1.0
YTPKEJXVUUNXRA-ZDUSSCGKSA-N,28,1.0
YTWUJKTZUCBCKZ-UHFFFAOYSA-N,30,0.8181818
YTXYPBGFOFQODO-UHFFFAOYSA-N,16,0.5106383
YUCANQKNMKNWJA-UHFFFAOYSA-N,38,0.8333333
YUDFZFTYQHGUIE-UHFFFAOYSA-N,24,0.76363635
YUFBUGUHCWVGCY-UHFFFAOYSA-N,25,0.7894737
YWCPAMUOHSOOGH-UHFFFAOYSA-N,35,0.8382353
YWFDRCJLBFJCBB-UHFFFAOYSA-N,48,0.65957445
YWKHYOGNLAAFGK-AWKYBWMHSA-N,29,0.73846155
YWUCEUICJFTKSJ-UHFFFAOYSA-N,34,0.9423077
YXJHRAJQRBFYSF-UHFFFAOYSA-N,33,0.73239434
YXVXFUBOIUONRY-UHFFFAOYSA-N,29,0.8113208
YXXLSGQPJORXAM-UHFFFAOYSA-N,31,0.78688526
YYWWXDBYEUYMKM-UHFFFAOYSA-N,40,0.79761904
YZANFKNGZATACL-IBGZPJMESA-N,30,0.75409836
YZCUMZWULWOUMD-UHFFFAOYSA-N,28,0.5735294
YZDYJOYZOMZSAA-UHFFFAOYSA-N,27,0.7704918
YZUCJGXJSJSVQK-STQMWFEESA-N,21,0.7446808
YZVUSTSAIKJMLH-UHFFFAOYSA-N,21,0.7708333
ZAFJPCZWYDCVJT-UHFFFAOYSA-N,37,0.8815789
ZALAVZQOVAVODO-UHFFFAOYSA-N,28,0.85
ZAPGHPQYYDYEQW-UHFFFAOYSA-N,35,0.875
ZCAJFUVAZBCUQN-UHFFFAOYSA-N,30,0.78125
ZCMULLRERXYJLF-UHFFFAOYSA-N,34,0.8507463
ZCRPPLDDHBLUES-UHFFFAOYSA-N,20,0.76
ZCUPJNMFZQFHTK-YVLHZVERSA-N,29,0.7627119
ZCWLZHSHBXLTNE-UHFFFAOYSA-N,29,0.7903226
ZDXQLMBSNKHXCJ-HAQNSBGRSA-N,26,0.7413793
ZEBJHCDQKLZHME-UHFFFAOYSA-N,31,1.0
ZEBTXFXNRXGPKC-UHFFFAOYSA-N,45,0.7553192
ZEOPSFAALLTZPL-UHFFFAOYSA-N,24,0.34920636
ZERGASSJZLEYGD-UHFFFAOYSA-N,23,0.81395346
ZFBKXLJPSOHGSJ-UHFFFAOYSA-N,26,0.60714287
ZFFPZCADMXKXTH-UHFFFAOYSA-N,38,0.7916667
ZFJLPIJNZJYZGU-QRVIBDJDSA-N,35,0.26136363
ZFKGDYZACMFEDS-UHFFFAOYSA-N,33,0.7704918
ZFKQQXLECNVLOF-OKILXGFUSA-N,30,0.5857143
ZFKYLNGVYDRHQY-UHFFFAOYSA-N,26,0.8596491
ZFQFDCSTGATGQP-UHFFFAOYSA-N,28,0.6760563
ZFXSUJXETQKSKI-UHFFFAOYSA-N,40,0.987013
ZGOWDCNCCJWTOO-CQSZACIVSA-N,31,0.7536232
ZHVGDOYWNSYNSU-UHFFFAOYSA-N,32,0.859375
ZHWJNEDXBUMFCE-UHFFFAOYSA-N,29,0.75
ZHXNIYGJAOPMSO-UHFFFAOYSA-N,43,0.68604654
ZICDFYRPBWSYAQ-UHFFFAOYSA-N,31,0.37349397
ZJCKMANGHDJUQT-UHFFFAOYSA-N,32,0.6666667
ZJJZCHNTRMUXMT-UHFFFAOYSA-N,33,0.93333334
ZJSUFVUNHNCHCI-UHFFFAOYSA-N,17,0.6511628
ZJVCNOOQHUYJRJ-AWEZNQCLSA-N,28,0.8135593
ZJXAYHKSLDKUOY-UHFFFAOYSA-N,39,0.8333333
ZKCUEAJARGYWOA-UHFFFAOYSA-N,23,0.42647058
ZKDXRFMOHZVXSG-HNNXBMFYSA-N,30,0.7076923
ZKGCHTUYVMLBSI-UHFFFAOYSA-N,38,0.78571427
ZKOQFSUEYNBDLG-UHFFFAOYSA-N,22,0.7083333
ZLRQBYKTDVAMPK-SNAWJCMRSA-N,36,0.721519
ZLUXKRIOOANRPI-UHFFFAOYSA-N,26,0.7704918
ZMWYSLJBNJUCRK-UHFFFAOYSA-N,24,0.7083333
ZMYUKKKHJVNBAM-UHFFFAOYSA-N,36,0.7692308
ZNJIRQMCOQXGAV-UHFFFAOYSA-N,33,0.8305085
ZNLCRBCFRLCIFE-UHFFFAOYSA-N,34,0.86764705
ZNSLBWYTFVGWPI-UHFFFAOYSA-N,17,0.7
ZNSULAZTNWFKEW-UHFFFAOYSA-N,35,0.36
ZORUMGHLMKWRPP-UHFFFAOYSA-N,31,0.852459
ZOTNSCLLJKXGSD-UHFFFAOYSA-N,33,0.703125
ZPEMVEMJOPVLNU-UHFFFAOYSA-N,27,0.7924528
ZPHUHTHDIXSANO-SHTZXODSSA-N,33,0.7058824
ZPIDHGGDZDTVCL-UHFFFAOYSA-N,34,0.983871
ZPLZSKVVFXBZBN-UHFFFAOYSA-N,29,0.7222222
ZPPIIWDAWGGQAA-UHFFFAOYSA-N,31,0.67164177
ZPWUMOCCPBUNND-UHFFFAOYSA-N,26,0.64912283
ZQCTWYIBQJNZCK-UHFFFAOYSA-N,17,0.62
ZQFHOHAIVVOIJY-UHFFFAOYSA-N,32,0.859375
ZQNYFQLNCVPOKT-LJQANCHMSA-N,39,1.0
ZQNYFQLNCVPOKT-UHFFFAOYSA-N,39,1.0
ZQQBIGSVNNCTCR-IBGZPJMESA-N,35,0.71014494
ZRKZVQWEOWMPPZ-UHFFFAOYSA-N,20,0.7169811
ZSHLDYRMMYPQTP-YPMHNXCESA-N,24,0.7592593
ZSNPHFWSNIDXSN-UHFFFAOYSA-N,44,0.79012346
ZSPPFDDJLOSQKQ-UHFFFAOYSA-N,23,0.92
ZTKKJFAJTKWNOE-UHFFFAOYSA-N,28,0.84210527
ZTODCSAQBQAGAF-UHFFFAOYSA-N,20,0.7234042
ZTOMRPCAEDOVKA-UHFFFAOYSA-N,18,0.64444447
ZTXZICVBZWFLGQ-UHFFFAOYSA-N,38,0.82051283
ZUBSRRZQLYNLKF-SAABIXHNSA-N,33,0.7352941
ZUOVZWHQGAJGQA-UHFFFAOYSA-N,41,0.8780488
ZUZDKICRQXWQSH-UHFFFAOYSA-N,28,0.6615385
ZVJCKKRUKYOZQC-KIYNQFGBSA-N,26,0.6231884
ZVSBKYYVBCKDBO-UHFFFAOYSA-N,30,0.71929824
ZVYXVPZGGHYOJL-UHFFFAOYSA-N,35,0.9322034
ZWWTZNLYKPWLQS-IBGZPJMESA-N,35,1.0
ZWWTZNLYKPWLQS-LJQANCHMSA-N,35,1.0
ZXDDMQWKXGSSLJ-UHFFFAOYSA-N,37,0.8333333
ZXJZXTATRONGHN-AULYBMBSSA-N,28,0.83928573
ZXSYFAVSCAKWOK-UHFFFAOYSA-N,25,0.7818182
ZXVMJYMFJTYFQL-UHFFFAOYSA-N,28,0.84
ZXWDEAQOOQXIND-IRUYWQDXSA-N,39,0.93670887
ZXYIRNXOAJYLCU-UHFFFAOYSA-N,32,0.82758623
ZYONZFOMVOBYKS-UHFFFAOYSA-N,35,0.8243243
ZYQLGVMUVCWJRA-UHFFFAOYSA-N,29,0.73846155
ZYVXTMKTGDARKR-UHFFFAOYSA-N,32,0.74626863
ZZHLJJZYXUQIBQ-UHFFFAOYSA-N,32,0.81666666
ZZPQBANVXDRDLD-UHFFFAOYSA-N,26,0.6964286
