group,sample,is_generated_arm,decision,n_a,n_b,clusters_a,clusters_b,p_sup,p_sup_stratified,pairs_used,pairs_total,p_sup_low,p_sup_high,p_sup_strat_low,p_sup_strat_high
P,multi_real,True,in-sample comparison (not H3),100,100,5,58,0.36369999999999997,0.49960753532182106,1274,10000,0.22667552451971687,0.5103030498281785,0.24277751909107842,0.7805036630036629
P,multi_scrambled,True,in-sample comparison (not H3),100,100,5,58,0.21715,0.2559857361181864,1963,10000,0.135032774462442,0.3133029043513956,0.12847358099024553,0.4115080779572308
P,activity_only,True,in-sample comparison (not H3),100,100,5,58,0.6141,0.5627871362940275,1306,10000,0.4569054344516207,0.7712204557238062,0.3904761904761905,0.7197773462021344
P,druglike_only,True,in-sample comparison (not H3),100,100,5,58,0.2576,0.3859531772575251,1495,10000,0.15679418670172804,0.36908711171379605,0.1777466168091168,0.6100150367445314
P,pareto_front,True,in-sample comparison (not H3),87,100,1,58,0.40477011494252874,0.5867014341590613,1534,8700,0.30216518634622086,0.518234412684158,0.40557241848150183,0.7830392079103212
P,decoys,False,in-sample comparison (not H3),100,100,5,58,0.4022,0.38461538461538464,3874,10000,0.2943973536417034,0.502478958496604,0.2697943821407207,0.49058931446246107
P,random_training,False,in-sample comparison (not H3),100,100,83,58,0.46785,0.48645996860282575,2548,10000,0.350953204415181,0.579939436338728,0.3511716312943762,0.6163176623862917
M,multi_real,True,not assessable (validity gate failed or undefined),100,100,5,60,0.36014999999999997,0.4223582474226804,1552,10000,0.21611328125,0.4858204856399818,0.18705662393162395,0.604280757725294
M,multi_scrambled,True,not assessable (validity gate failed or undefined),100,100,5,60,0.41855,0.49403122130394855,2178,10000,0.2666038154392192,0.560829722497836,0.27036213598390807,0.6625314416203157
M,activity_only,True,not assessable (validity gate failed or undefined),100,100,5,60,0.54165,0.485082304526749,1944,10000,0.3398527195493582,0.7024984113254162,0.2965339320238853,0.653486966017105
M,druglike_only,True,not assessable (validity gate failed or undefined),100,100,5,60,0.33225,0.38671875,1536,10000,0.18858424742213806,0.4653823804269204,0.15357035678493164,0.5801529522700168
M,decoys,False,not assessable (validity gate failed or undefined),99,100,5,60,0.45136363636363636,0.42563881711168533,3483,9900,0.3128453153579511,0.5670006012478291,0.2783609987012867,0.5388480412111586
M,random_remaining,False,not assessable (validity gate failed or undefined),100,100,92,60,0.51255,0.5197265625,2560,10000,0.3859388347830502,0.6173005198594821,0.3778557898818757,0.6371958501268846
S,multi_real,True,not assessable (validity gate failed or undefined),100,93,5,9,0.3403763440860215,0.3664079822616408,1804,9300,0.09758086253369272,0.5326330049369468,0.03546268799693458,0.6210362053362223
S,multi_scrambled,True,not assessable (validity gate failed or undefined),100,93,5,9,0.17908602150537636,0.20699481865284974,1930,9300,0.032302479856504286,0.38227346611721585,0.019704616588419408,0.4121110872714856
S,activity_only,True,not assessable (validity gate failed or undefined),100,93,5,9,0.5156451612903226,0.47667731629392973,1565,9300,0.24092126109556927,0.7138591325385361,0.20437090936824004,0.717365946839925
S,druglike_only,True,not assessable (validity gate failed or undefined),100,93,5,9,0.23833333333333334,0.28670012547051443,1594,9300,0.039680363828091106,0.3996789987063176,0.0026798944412300143,0.540141962421712
S,decoys,False,not assessable (validity gate failed or undefined),91,93,5,9,0.46118397731300953,0.4653420974006573,3347,8463,0.21914273877164503,0.6206563562925169,0.20483356252548432,0.6396413396654844
S,random_remaining,False,not assessable (validity gate failed or undefined),100,93,88,9,0.5696774193548387,0.5821510297482837,2185,9300,0.3401766566316003,0.7238585356841478,0.34301317628879446,0.7806912849162699
