group,sample,n_a_all,n_a_pass,n_b_all,n_b_pass,n_a,n_b,clusters_a,clusters_b,p_sup,p_sup_stratified,pairs_used,pairs_total,p_sup_low,p_sup_high,p_sup_strat_low,p_sup_strat_high
P,multi_real,100,98,100,99,98,99,5,57,0.35147392290249435,0.49603489294210945,1261,9702,0.2100299439040832,0.5091011072013618,0.2271921749136939,0.7721388789076535
P,multi_scrambled,100,99,100,99,99,99,5,57,0.21431486583001733,0.25426797723745476,1933,9801,0.1320080349465628,0.31237242248144137,0.117321849872406,0.4097234988422038
P,activity_only,100,98,100,99,98,99,5,57,0.6156462585034013,0.5642414860681114,1292,9702,0.46259926427593323,0.772268621683037,0.39116908865931915,0.7162805650353586
P,druglike_only,100,100,100,99,100,99,5,57,0.2512121212121212,0.3838926174496644,1490,9900,0.1427630961788644,0.3664418135264102,0.1671474358974359,0.6042707180186906
P,pareto_front,87,87,100,99,87,99,1,57,0.39898989898989895,0.5834428383705651,1522,8613,0.29126029962546823,0.5157128390919066,0.41032373952466,0.7848791433484028
P,decoys,100,99,100,99,99,99,5,57,0.39567391082542597,0.3780005275652862,3791,9801,0.28348540527243565,0.5020353173808272,0.26048455363268946,0.4936341701814479
P,random_training,100,99,100,99,99,99,82,57,0.46786042240587694,0.4863618130766145,2493,9801,0.3473103197144039,0.5854718895652795,0.35228261705205705,0.6172722514382533
M,multi_real,100,99,100,99,99,99,5,59,0.3566472808897051,0.4261067708333333,1536,9801,0.21723452866474552,0.4866008145741718,0.19324819761453868,0.6059809068385397
M,multi_scrambled,100,99,100,99,99,99,5,59,0.41276400367309457,0.4910037878787879,2112,9801,0.2607806717952675,0.5535179614495963,0.27283907760832815,0.6602099332000841
M,activity_only,100,93,100,99,93,99,5,59,0.5391006842619747,0.4860801781737194,1796,9207,0.33333009834368527,0.6946946771886942,0.29048152357648216,0.6666666666666666
M,druglike_only,100,100,100,99,100,99,5,59,0.32601010101010097,0.38671875,1536,9900,0.18325469115511817,0.46251740863424573,0.16209054409525128,0.5720578231292517
M,decoys,99,99,100,99,99,99,5,59,0.4466380981532497,0.41860803727431567,3434,9801,0.30205913333748974,0.5628486623413381,0.2705938319615166,0.5375518081640734
M,random_remaining,100,96,100,99,96,99,88,59,0.5179398148148148,0.5350145894122551,2399,9504,0.3929487408998687,0.6304190985464448,0.3898177888424552,0.6651955210848519
S,multi_real,100,99,93,93,99,93,5,9,0.3393613554903877,0.3657174762702401,1791,9207,0.09758086253369272,0.5296438748574319,0.03546268799693458,0.6197028881633088
S,multi_scrambled,100,98,93,93,98,93,5,9,0.18197278911564627,0.20982142857142858,1904,9114,0.03291563151371698,0.3933395929067984,0.020063454445754806,0.4212359996741742
S,activity_only,100,99,93,93,99,93,5,9,0.51194743130227,0.47351421188630494,1548,9207,0.23323653727597768,0.7130673470326254,0.18936706937859513,0.7164021176388873
S,druglike_only,100,98,93,93,98,93,5,9,0.24034452490673688,0.2929226736566186,1526,9114,0.04001973034392821,0.4036338400992074,0.0024399503391100037,0.5561810495927414
S,decoys,91,90,93,93,90,93,5,9,0.4654719235364397,0.46685662867426514,3334,8370,0.22044809830525078,0.6286671495103738,0.2050835867922895,0.6412111550644569
S,random_remaining,100,99,93,93,99,93,87,9,0.5706527642011513,0.5828729281767956,2172,9207,0.34447073088202124,0.7282681998329281,0.3490732837564856,0.7763093292189243
