group,set,role,n_completed,heavy_atoms_median,vina_median,vina_q25,vina_q75
M,M:activity_only,generated,100,34.0,-8.254,-8.60925,-8.08725
M,M:decoys,decoy,99,28.0,-8.109,-8.6115,-7.6685
M,M:druglike_only,generated,100,22.0,-7.87,-8.20225,-7.5255
M,M:heldout_actives,heldout_active,100,27.5,-8.167000000000002,-8.796,-7.77825
M,M:multi_real,generated,100,21.0,-7.9205000000000005,-8.21975,-7.6395
M,M:multi_scrambled,generated,100,22.5,-8.094000000000001,-8.42525,-7.6555
M,M:random_remaining,random_reference,100,29.0,-8.281500000000001,-8.838999999999999,-7.76525
P,P:activity_only,generated,100,36.0,-8.6905,-9.04575,-8.27225
P,P:decoys,decoy,100,28.0,-8.141,-8.564,-7.37525
P,P:druglike_only,generated,100,22.0,-7.746499999999999,-8.0095,-7.3045
P,P:multi_real,generated,100,21.0,-7.977,-8.29325,-7.64975
P,P:multi_scrambled,generated,100,23.0,-7.5115,-7.987500000000001,-6.78725
P,P:pareto_front,generated,87,22.0,-7.978,-8.503,-7.681
P,P:random_training,random_reference,100,30.5,-8.234,-8.849,-7.62225
P,P:training_top_decile,in_sample_top_decile,100,28.0,-8.3125,-8.8125,-7.78975
S,S:activity_only,generated,100,35.0,-8.285499999999999,-8.8,-7.61125
S,S:decoys,decoy,91,28.0,-8.109,-8.6435,-7.566
S,S:druglike_only,generated,100,22.0,-7.6235,-7.8455,-7.3580000000000005
S,S:heldout_actives,heldout_active,93,27.0,-8.175,-8.775,-7.623
S,S:multi_real,generated,100,22.0,-7.8469999999999995,-8.162,-7.52675
S,S:multi_scrambled,generated,100,22.0,-6.6365,-7.82625,-6.01075
S,S:random_remaining,random_reference,100,30.0,-8.438500000000001,-8.93075,-7.873749999999999
