arm,seed,followed,net_rise_followed,spearman_followed,surrogate_sd_on_training,standardized_rise,real_prediction_minus_druglike
multi_real,42,pred_real,1.0260150000000001,0.9742848232463459,1.0104876290703,1.0153662157586096,1.5503
multi_real,43,pred_real,1.1320100000000002,0.93457945863456,1.0104876290703,1.1202611169436156,1.7712149999999998
multi_real,44,pred_real,1.1167149999999992,0.9893636646164302,1.0104876290703,1.105124860387884,1.6402299999999999
multi_real,45,pred_real,1.3995499999999996,0.9948820908402912,1.0104876290703,1.385024378069484,2.16639
multi_real,46,pred_real,1.2555300000000003,0.9978952708103233,1.0104876290703,1.2424991300043442,1.5393050000000006
multi_scrambled,42,pred_scrambled,0.57681,0.9912886136525288,0.7480991660555185,0.7710341438305967,-0.12453000000000003
multi_scrambled,43,pred_scrambled,0.4521700000000006,0.9395523976900809,0.7480991660555185,0.6044252159565218,-0.15700000000000003
multi_scrambled,44,pred_scrambled,0.6114250000000006,0.9954741146493955,0.7480991660555185,0.817304747475985,1.0340200000000008
multi_scrambled,45,pred_scrambled,0.6715199999999992,0.9779337442555127,0.7480991660555185,0.8976350067875412,0.43379999999999974
multi_scrambled,46,pred_scrambled,0.3755949999999997,0.9699246719306236,0.7480991660555185,0.5020657915987113,-0.40255999999999936
activity_only,42,pred_real,1.9283299999999999,0.9999999999999999,1.0104876290703,1.9083162866369394,2.4526149999999998
activity_only,43,pred_real,1.8508799999999992,0.9999773753096726,1.0104876290703,1.8316701231690515,2.4900849999999988
activity_only,44,pred_real,2.0808599999999995,0.9999773753096726,1.0104876290703,2.0592632112819595,2.604375
activity_only,45,pred_real,1.8810350000000007,0.9999999999999999,1.0104876290703,1.8615121510499328,2.647875000000001
activity_only,46,pred_real,2.1041849999999993,0.9999999999999999,1.0104876290703,2.082346126232101,2.3879599999999996
druglike_only,42,none (real shown),-0.5242849999999999,-0.651388491568034,1.0104876290703,-0.5188435611847804,0.0
druglike_only,43,none (real shown),-0.6392049999999996,-0.8127546239771827,1.0104876290703,-0.632570831755853,0.0
druglike_only,44,none (real shown),-0.5235150000000006,-0.5683119715481576,1.0104876290703,-0.518081552845591,0.0
druglike_only,45,none (real shown),-0.7668400000000002,-0.9767697501013867,1.0104876290703,-0.7588811361357605,0.0
druglike_only,46,none (real shown),-0.28377500000000033,0.4154574837164963,1.0104876290703,-0.2808297616281436,0.0
