arm,seed,generation,n_generated,median_size_pctile,best_pred_real,median_pred_real,median_pred_scrambled,median_max_tanimoto,median_qed,median_sa,median_heavy_atoms,median_fitness,median_followed_pred
activity_only,42,50,100,11.416319999999999,8.66514,8.596025000000001,6.42247,0.6875,0.26355,3.22057,35.5,0.919205,8.596025000000001
activity_only,43,50,98,21.709519999999998,8.50158,8.344775,6.90437,0.7249749999999999,0.30347,2.86129,33.5,0.8689549999999999,8.344775
activity_only,44,50,95,11.64179,8.64657,8.49897,6.57643,0.66667,0.30766,3.53397,35.0,0.89979,8.49897
activity_only,45,50,100,16.18497,8.66881,8.604635,6.4569399999999995,0.708175,0.34228000000000003,3.1942,34.0,0.920925,8.604635
activity_only,46,50,99,11.00164,8.68341,8.5998,6.45741,0.6875,0.31686,3.25493,36.0,0.91996,8.5998
druglike_only,42,50,100,4.60829,7.41682,6.085155,6.586245,0.35714,0.93606,1.74102,22.0,0.922215,
druglike_only,43,50,100,3.82519,6.6124,5.792555,6.701175,0.34549,0.9338,1.72614,22.0,0.9246000000000001,
druglike_only,44,50,100,4.107635,7.0749,6.11259,6.58569,0.33835,0.92946,1.8051599999999999,21.5,0.91699,
druglike_only,45,50,100,5.397285,6.80812,6.103515,6.618845,0.371925,0.93557,1.71914,22.0,0.9242950000000001,
druglike_only,46,50,100,5.14894,6.68341,6.228645,6.766385,0.3555,0.93537,1.71966,22.0,0.92639,
multi_real,42,50,100,13.106100000000001,8.4138,8.067995,6.54762,0.56897,0.90395,2.868835,22.0,0.8212200000000001,8.067995
multi_real,43,50,100,5.22876,7.94248,7.646915,6.5176,0.344545,0.91724,1.913545,21.0,0.837975,7.646915
multi_real,44,50,100,13.55908,8.50158,8.095344999999998,6.584065000000001,0.57377,0.905335,2.82035,22.0,0.829305,8.095344999999998
multi_real,45,50,99,7.45763,8.28304,7.74903,6.52068,0.40678,0.90912,2.1618,21.0,0.83637,7.74903
multi_real,46,50,100,6.45161,8.26268,7.695085,6.474724999999999,0.371625,0.91692,2.052695,21.0,0.841305,7.695085
multi_scrambled,42,50,100,4.85848,7.41947,6.523899999999999,7.277175,0.375,0.92493,2.3890700000000002,23.0,0.79463,7.277175
multi_scrambled,43,50,100,8.08014,7.65042,5.777775,7.34213,0.427605,0.9128000000000001,2.542755,23.0,0.796465,7.34213
multi_scrambled,44,50,100,2.987255,6.97334,5.987755,7.159775,0.323925,0.921705,2.174915,23.0,0.7949900000000001,7.159775
multi_scrambled,45,50,100,4.0194600000000005,6.74899,5.8818649999999995,7.101635,0.36297999999999997,0.921775,1.84249,23.0,0.80043,7.101635
multi_scrambled,46,50,99,3.68664,6.70334,5.90773,7.1537,0.34694,0.91199,1.9119,23.0,0.79722,7.1537
