arm,seed,generation,best_pred_real,median_pred_real,median_pred_scrambled,median_max_tanimoto,median_qed,median_sa,median_heavy_atoms,median_fitness,median_followed_pred
activity_only,42,50,8.68116,8.61316,6.394035000000001,0.64286,0.112805,3.426565,46.0,0.9226300000000001,8.61316
activity_only,43,50,8.88104,8.73631,6.1320250000000005,0.78082,0.19916,3.4965349999999997,44.0,0.94726,8.73631
activity_only,44,50,8.71057,8.65913,6.644465,0.64384,0.18104,3.79108,45.0,0.931825,8.65913
activity_only,45,50,8.66988,8.587015000000001,6.09018,0.778525,0.22407,3.667995,44.5,0.917405,8.587015000000001
activity_only,46,50,8.7191,8.661925,6.58942,0.67101,0.17057,3.590485,44.0,0.932385,8.661925
druglike_only,42,50,7.56287,5.9442,6.721955,0.407785,0.934145,1.6088399999999998,21.0,0.931365,
druglike_only,43,50,7.57927,5.963635,6.78792,0.368825,0.93054,1.67794,20.0,0.92551,
druglike_only,44,50,7.06789,6.06078,6.700595,0.378845,0.927915,1.5375299999999998,20.0,0.931575,
druglike_only,45,50,7.51309,6.062749999999999,6.579235000000001,0.37817999999999996,0.92686,1.64398,20.5,0.924005,
druglike_only,46,50,7.54273,6.04439,6.51891,0.36285500000000004,0.9265,1.58014,20.0,0.927975,
multi_real,42,50,8.20722,7.70199,6.784965,0.36285500000000004,0.92154,1.808105,20.0,0.84559,7.70199
multi_real,43,50,8.18095,7.598725,6.7386099999999995,0.36364,0.9244600000000001,1.796655,20.0,0.8423849999999999,7.598725
multi_real,44,50,8.44712,7.964895,6.31426,0.544655,0.90977,2.75105,21.0,0.8229299999999999,7.964895
multi_real,45,50,8.34942,7.725375,6.55561,0.37736,0.91247,1.8673250000000001,20.0,0.844245,7.725375
multi_real,46,50,8.20619,7.627215,6.83192,0.345205,0.926875,1.8604150000000002,20.0,0.844735,7.627215
multi_scrambled,42,50,7.61044,6.165229999999999,7.202475,0.348915,0.9163250000000001,1.84214,20.0,0.80478,7.202475
multi_scrambled,43,50,7.30737,5.49685,7.93703,0.54174,0.861955,2.55459,19.0,0.81542,7.93703
multi_scrambled,44,50,7.69227,6.053725,7.368845,0.37394,0.904985,2.11481,21.0,0.8089249999999999,7.368845
multi_scrambled,45,50,7.1714,6.515195,7.227085000000001,0.33333,0.90829,1.93176,20.0,0.802435,7.227085000000001
multi_scrambled,46,50,7.57293,7.029344999999999,7.245825,0.313635,0.91157,1.796985,20.0,0.8099000000000001,7.245825
