control,group,self_excluded,n_weighted,n_distinct,n_standardization_failed,median_proximity_to_held_actives,fingerprint_identical_weighted,exact_std_isomeric_weighted,exact_std_flat_weighted,exact_strict_stereo_weighted,exact_std_isomeric_distinct,nearest_is_heldout_weighted,nearest_is_heldout_distinct,nearest_tie_share,any_tied_nearest_is_heldout_weighted,reference_prevalence_of_heldout,neighbour_annotation_potent_weighted,n_with_reference_neighbour_above_threshold,proximity_ge_0.5_weighted,proximity_ge_0.5_distinct,proximity_ge_0.6_weighted,proximity_ge_0.6_distinct,proximity_ge_0.7_weighted,proximity_ge_0.7_distinct,proximity_ge_0.8_weighted,proximity_ge_0.8_distinct,recall_share,actives_hit,n_actives,scaffold_equality_hits,n_held_scaffolds
molecule,multi_real,False,500.0000,411.0000,0.0000,0.3214,0.0000,0.0000,0.0000,0.0000,0.0000,0.2360,0.2336,0.0420,0.2400,0.1012,0.7778,9.0000,0.0680,0.0681,0.0140,0.0170,0.0040,0.0049,0.0020,0.0024,,,,,
molecule,multi_scrambled,False,500.0000,478.0000,0.0000,0.2774,0.0000,0.0000,0.0000,0.0000,0.0000,0.0840,0.0795,0.0340,0.1020,0.1012,0.0000,3.0000,0.0000,0.0000,0.0000,0.0000,0.0000,0.0000,0.0000,0.0000,,,,,
molecule,activity_only,False,490.0000,475.0000,0.0000,0.7097,0.0020,0.0020,0.0020,0.0020,0.0021,0.7000,0.6947,0.1714,0.7143,0.1012,0.7483,433.0000,0.9755,0.9747,0.8327,0.8295,0.5347,0.5242,0.1327,0.1158,,,,,
molecule,druglike_only,False,500.0000,484.0000,0.0000,0.2879,0.0000,0.0000,0.0000,0.0000,0.0000,0.0920,0.0909,0.0600,0.0980,0.1012,0.0000,3.0000,0.0000,0.0000,0.0000,0.0000,0.0000,0.0000,0.0000,0.0000,,,,,
molecule,start molecules,True,500.0000,438.0000,0.0000,0.3288,0.0040,0.0000,0.0040,0.0000,0.0000,0.0800,0.0753,0.0940,0.0820,0.1012,0.0823,462.0000,0.3340,0.3402,0.2800,0.2831,0.1680,0.1667,0.0680,0.0685,,,,,
molecule,remaining training,True,1631.0000,1631.0000,0.0000,0.3294,0.0031,0.0000,0.0031,0.0000,0.0000,0.0668,0.0668,0.0840,0.0730,0.1012,0.0657,1462.0000,0.3397,0.3397,0.2624,0.2624,0.1447,0.1447,0.0460,0.0460,,,,,
molecule,multi_real (recall),,,,,,,,,,,,,,,,,,,,,,,,,,0.3529,72.0000,204.0000,15.0000,100.0000
molecule,multi_scrambled (recall),,,,,,,,,,,,,,,,,,,,,,,,,,0.1471,30.0000,204.0000,13.0000,100.0000
molecule,activity_only (recall),,,,,,,,,,,,,,,,,,,,,,,,,,0.5490,112.0000,204.0000,21.0000,100.0000
molecule,druglike_only (recall),,,,,,,,,,,,,,,,,,,,,,,,,,0.0784,16.0000,204.0000,9.0000,100.0000
scaffold,multi_real,False,500.0000,416.0000,0.0000,0.3000,0.0000,0.0000,0.0000,0.0000,0.0000,0.1200,0.1058,0.0640,0.1220,0.0461,0.8070,57.0000,0.0540,0.0601,0.0100,0.0096,0.0000,0.0000,0.0000,0.0000,,,,,
scaffold,multi_scrambled,False,499.0000,483.0000,0.0000,0.1711,0.0000,0.0000,0.0000,0.0000,0.0000,0.0060,0.0062,0.0200,0.0060,0.0461,,0.0000,0.0000,0.0000,0.0000,0.0000,0.0000,0.0000,0.0000,0.0000,,,,,
scaffold,activity_only,False,493.0000,488.0000,0.0000,0.4459,0.0000,0.0000,0.0000,0.0000,0.0000,0.3022,0.2951,0.0000,0.3022,0.0461,0.9578,379.0000,0.4422,0.4365,0.2231,0.2152,0.0304,0.0266,0.0000,0.0000,,,,,
scaffold,druglike_only,False,500.0000,467.0000,0.0000,0.2238,0.0000,0.0000,0.0000,0.0000,0.0000,0.0180,0.0171,0.0400,0.0200,0.0461,0.0000,1.0000,0.0000,0.0000,0.0000,0.0000,0.0000,0.0000,0.0000,0.0000,,,,,
scaffold,start molecules,True,500.0000,437.0000,0.0000,0.2179,0.0000,0.0000,0.0000,0.0000,0.0000,0.0100,0.0092,0.0940,0.0120,0.0461,0.0583,446.0000,0.1060,0.1007,0.0820,0.0801,0.0260,0.0252,0.0020,0.0023,,,,,
scaffold,remaining training,True,1591.0000,1591.0000,0.0000,0.2150,0.0000,0.0000,0.0000,0.0000,0.0000,0.0151,0.0151,0.0893,0.0157,0.0461,0.0766,1410.0000,0.0867,0.0867,0.0635,0.0635,0.0207,0.0207,0.0019,0.0019,,,,,
scaffold,multi_real (recall),,,,,,,,,,,,,,,,,,,,,,,,,,0.3226,30.0000,93.0000,4.0000,9.0000
scaffold,multi_scrambled (recall),,,,,,,,,,,,,,,,,,,,,,,,,,0.2366,22.0000,93.0000,3.0000,9.0000
scaffold,activity_only (recall),,,,,,,,,,,,,,,,,,,,,,,,,,0.6022,56.0000,93.0000,5.0000,9.0000
scaffold,druglike_only (recall),,,,,,,,,,,,,,,,,,,,,,,,,,0.1613,15.0000,93.0000,2.0000,9.0000
