smiles,pred,qed,sa,max_tanimoto,size_pctile,n_heavy_atoms,arms,pains,brenk,n_pains,n_brenk,any_alert,candidate_class,stage4_can_estimate_error
C=C(C)NCSN(C)C(=O)c1ccc(Nc2ncc(F)c(-c3cnc(C)n3C(C)C)n2)cc1F,8.6834,0.3225,3.4196,0.7391,22.1277,34,activity_only,,het-C-het_not_in_ring|sulphur_nitrogen_single_bond,0,2,True,"A: high prediction, supported (raw >= 0.6)",True
C=C(C)c1ccc(NC(=O)c2ccc(Nc3ncc(F)c(-c4cnc(C)n4C(C)C)n3)cc2F)cc1F,8.6688,0.2923,2.8892,0.7231,12.8358,37,activity_only,,,0,0,False,"A: high prediction, supported (raw >= 0.6)",True
CC(=O)NC(=O)c1ccc(Nc2ncc(F)c(-c3cnc(C)n3C(C)C)n2)cc1F,8.6655,0.6623,2.7525,0.7705,39.4034,30,activity_only,,,0,0,False,"A: high prediction, supported (raw >= 0.6)",True
CC(=O)c1ccc(Nc2ncc(F)c(-c3cnc(C)n3C(C)C)n2)cc1F,8.6201,0.6708,2.6765,0.8103,64.0700,27,activity_only,,,0,0,False,"A: high prediction, supported (raw >= 0.6)",True
CC(=O)c1ccc(Nc2ncc(F)c(-c3cnc(C)n3C(C)C)n2)cc1,8.6008,0.6919,2.5080,0.8302,79.2295,26,activity_only|multi_real,,,0,0,False,"A: high prediction, supported (raw >= 0.6)",True
CC(=O)Nc1ccc(Nc2ncc(F)c(-c3cnc(C)n3C(C)C)n2)cc1,8.5748,0.7090,2.4973,0.7636,43.0843,27,activity_only,,,0,0,False,"A: high prediction, supported (raw >= 0.6)",True
CC(=O)Nc1ccc(Nc2ncc(F)c(-c3cnc(C)n3C(C)C)n2)cn1,8.5372,0.7147,2.7193,0.6833,21.1447,27,multi_real,,,0,0,False,"A: high prediction, supported (raw >= 0.6)",True
Cc1ncc(-c2nc(Nc3ccc(C(=O)N(C)C)cc3)ncc2F)n1C(C)C,8.5367,0.7261,2.5667,1.0000,100.0000,28,activity_only,,,0,0,False,"A: high prediction, supported (raw >= 0.6)",True
Cc1ncc(-c2nc(Nc3ccc(C(N)=O)cc3)ncc2F)n1C(C)C,8.5278,0.7329,2.5296,0.8148,72.1943,26,activity_only,,,0,0,False,"A: high prediction, supported (raw >= 0.6)",True
Cn1nc(C(N)=O)c2c1-c1nc(Nc3ccccc3)ncc1CC2,8.5016,0.7667,2.4696,1.0000,100.0000,24,activity_only|multi_real,,,0,0,False,"A: high prediction, supported (raw >= 0.6)",True
NS(=O)(=O)c1ccc(-c2ccc(Nc3nccc(-c4cnc5ccccn45)n3)cc2)cc1,8.4550,0.4272,2.3913,0.9400,85.8885,32,activity_only,,,0,0,False,"A: high prediction, supported (raw >= 0.6)",True
NS(=O)(=O)c1ccc(Nc2nccc(-c3cnc4ccccn34)n2)cc1,8.4515,0.5719,2.3651,1.0000,100.0000,26,activity_only,,,0,0,False,"A: high prediction, supported (raw >= 0.6)",True
CNC(=O)c1ccc(Nc2nccc(-c3cnc(C)n3C(C)C)n2)cc1,8.4092,0.7371,2.4115,1.0000,100.0000,26,activity_only,,,0,0,False,"A: high prediction, supported (raw >= 0.6)",True
Cc1ncc(-c2nc(Nc3ccc(C#N)cc3)ncc2F)n1C(C)C,8.4082,0.7792,2.6061,0.6842,24.7292,25,activity_only|multi_real,,,0,0,False,"A: high prediction, supported (raw >= 0.6)",True
Cc1ncc(-c2ccnc(Nc3ccc(C(N)=O)cc3)n2)n1C(C)C,8.4024,0.7458,2.4120,1.0000,100.0000,25,activity_only,,,0,0,False,"A: high prediction, supported (raw >= 0.6)",True
Cc1ncc(-c2nc(Nc3cccnc3)ncc2F)n1C(C)C,8.3289,0.7982,2.6415,0.6491,20.2046,23,activity_only,,,0,0,False,"A: high prediction, supported (raw >= 0.6)",True
Cc1ncc(-c2nc(Nc3cccc(F)c3)ncc2F)n1C(C)C,8.3273,0.7772,2.5372,0.6393,17.6955,24,multi_real,,,0,0,False,"A: high prediction, supported (raw >= 0.6)",True
CC(=O)NCCC(C)Nc1ncc(F)c(-c2cnc(C)n2C(C)C)n1,8.3127,0.8035,3.2836,0.5469,8.3033,25,multi_real,,,0,0,False,"B: high prediction, weak support (raw < 0.6)",False
Cc1ncc(-c2ccnc(Nc3ccc(C(=O)O)cc3)n2)n1C(C)C,8.2877,0.7377,2.3747,0.8235,79.7834,25,activity_only,,,0,0,False,"A: high prediction, supported (raw >= 0.6)",True
CC(=O)Nc1ncc(F)c(-c2cnc(C)n2C(C)C)n1,8.2830,0.9341,2.6984,0.6364,24.8366,20,activity_only|multi_real,,,0,0,False,"A: high prediction, supported (raw >= 0.6)",True
Cc1ncc(-c2nc(Nc3ccccc3)ncc2F)n1C(C)C,8.2505,0.7875,2.4263,0.7170,39.3862,23,activity_only|multi_real,,,0,0,False,"A: high prediction, supported (raw >= 0.6)",True
Cc1ncc(-c2ccnc(Nc3ccc(CO)cc3)n2)n1C(C)C,8.2059,0.7518,2.4225,0.7400,45.4733,24,activity_only|multi_real,,,0,0,False,"A: high prediction, supported (raw >= 0.6)",True
CCCNC(=O)Nc1ncc(F)c(-c2cnc(C)n2C(C)C)n1,8.2015,0.8869,2.6809,0.5645,12.2762,23,multi_real,,,0,0,False,"B: high prediction, weak support (raw < 0.6)",False
CCC(=O)Nc1ncc(F)c(-c2cnc(C)n2C(C)C)n1,8.1894,0.9397,2.7013,0.6035,18.4332,21,multi_real,,,0,0,False,"A: high prediction, supported (raw >= 0.6)",True
CCc1ccc(Nc2nccc(-c3cnc(C)n3C(C)C)n2)cc1,8.1814,0.7496,2.3659,0.7551,51.4403,24,multi_real,,,0,0,False,"A: high prediction, supported (raw >= 0.6)",True
Cc1ncc(-c2ccnc(Nc3ccc(Cl)cc3)n2)n1C(C)C,8.1708,0.7589,2.3506,0.7872,70.3325,23,activity_only,,,0,0,False,"A: high prediction, supported (raw >= 0.6)",True
Cc1ncc(-c2nc(NC(=O)C(C)C)ncc2F)n1C(C)C,8.1558,0.9422,2.7119,0.6250,17.9661,22,multi_real,,,0,0,False,"A: high prediction, supported (raw >= 0.6)",True
CCCC(=O)Nc1ncc(F)c(-c2cnc(C)n2C(C)C)n1,8.1500,0.9209,2.6697,0.5833,14.9153,22,multi_real,,,0,0,False,"B: high prediction, weak support (raw < 0.6)",False
Cc1ncc(-c2nc(NC(=O)N(C)C)ncc2F)n1C(C)C,8.1491,0.9448,2.8274,0.6667,25.7627,22,multi_real,,,0,0,False,"A: high prediction, supported (raw >= 0.6)",True
Cc1ncc(-c2ccnc(Nc3cccc(F)c3)n2)n1C(C)C,8.1445,0.7875,2.4154,0.7600,59.5908,23,activity_only|multi_real,,,0,0,False,"A: high prediction, supported (raw >= 0.6)",True
Cc1ncc(-c2nc(NC(=O)C3CC3)ncc2F)n1C(C)C,8.1257,0.9423,2.6585,0.5833,14.9153,22,multi_real,,,0,0,False,"B: high prediction, weak support (raw < 0.6)",False
CCCCNc1ncc(F)c(-c2cnc(C)n2C(C)C)n1,8.1177,0.8265,2.6564,0.5333,12.9032,21,multi_real,,Aliphatic_long_chain,0,1,True,"B: high prediction, weak support (raw < 0.6)",False
Cc1ncc(-c2ccnc(Nc3ccc(-c4ccccc4)cc3)n2)n1C(C)C,8.1117,0.4945,2.2774,0.7551,37.1069,28,activity_only,,,0,0,False,"A: high prediction, supported (raw >= 0.6)",True
Cc1ncc(-c2nc(NC(=O)c3ccccc3)ncc2F)n1C(C)C,8.0727,0.7878,2.4240,0.6667,20.5776,25,multi_real,,,0,0,False,"A: high prediction, supported (raw >= 0.6)",True
Cc1ncc(-c2ccnc(Nc3cccnc3)n2)n1C(C)C,8.0705,0.7987,2.5214,0.7143,41.6949,22,druglike_only,,,0,0,False,"A: high prediction, supported (raw >= 0.6)",True
Cc1ncc(-c2ccnc(Nc3ccccc3)n2)n1C(C)C,8.0558,0.7904,2.2994,0.7826,73.8983,22,activity_only|multi_real,,,0,0,False,"A: high prediction, supported (raw >= 0.6)",True
CC(C)c1ccc(Nc2nccc(-c3ccc(S(N)(=O)=O)cc3)n2)cc1,8.0428,0.7161,2.0247,0.5636,6.8677,26,multi_real,,,0,0,False,"B: high prediction, weak support (raw < 0.6)",False
CNc1ccc(C(C)c2ccc(S(N)(=O)=O)cc2)cc1,8.0093,0.9085,2.4079,0.3556,7.1895,20,multi_real,,,0,0,False,"B: high prediction, weak support (raw < 0.6)",False
CCCNC(=O)c1ccc(C(C)c2ccc(S(N)(=O)=O)cc2)cc1,8.0047,0.8424,2.3555,0.3521,3.9095,24,multi_real,,,0,0,False,"B: high prediction, weak support (raw < 0.6)",False
CC(C)Cc1ccc(C(C)c2ccc(S(N)(=O)=O)cc2)cc1,8.0000,0.9141,2.3763,0.3273,3.0509,22,multi_real,,,0,0,False,"B: high prediction, weak support (raw < 0.6)",False
CC(c1ccc(S(C)(=O)=O)cc1)c1ccc(S(N)(=O)=O)cc1,7.9724,0.9201,2.4121,0.3529,4.0678,22,multi_real,,,0,0,False,C: prediction < 8,True
C=C(C)c1ccc(C(C)c2ccc(S(N)(=O)=O)cc2)cc1,7.9571,0.9389,2.5239,0.3454,5.0691,21,multi_real,,,0,0,False,C: prediction < 8,True
CC(C)c1cc(-c2ccc(-c3ccc(S(N)(=O)=O)cc3)cc2)n[nH]1,7.9565,0.7608,2.1448,0.5000,8.6420,24,multi_real,,,0,0,False,C: prediction < 8,True
CC(C)Cc1nc(Nc2ccc(S(N)(=O)=O)cc2)ncc1F,7.9513,0.8784,2.3154,0.5263,11.8644,22,multi_real,,,0,0,False,C: prediction < 8,True
CC(c1ccc(S(N)(=O)=O)cc1)c1ccc(S(N)(=O)=O)cc1,7.9445,0.8664,1.9893,0.3830,5.7627,22,multi_real,,,0,0,False,C: prediction < 8,True
CCc1ccc(C(C)c2ccc(S(N)(=O)=O)cc2)cc1,7.9206,0.9401,2.2843,0.3846,9.1503,20,multi_real,,,0,0,False,C: prediction < 8,True
CCc1ccc(Nc2nccc(-c3ccc(S(N)(=O)=O)cc3)n2)cc1,7.8693,0.7335,1.9699,0.5636,8.6643,25,multi_real,,,0,0,False,C: prediction < 8,True
CC(C)CC(=O)c1ccc(-c2ccc(S(N)(=O)=O)cc2)cc1,7.8650,0.8600,1.8068,0.4909,10.1695,22,multi_real,,,0,0,False,C: prediction < 8,True
CCC(C)Oc1ccc(-c2ccc(S(N)(=O)=O)cc2)cc1,7.8598,0.9220,2.2289,0.4444,8.7558,21,multi_real,,,0,0,False,C: prediction < 8,True
CC(C)C(=O)c1ccc(-c2ccc(S(N)(=O)=O)cc2)nc1,7.8504,0.8770,2.0396,0.3279,4.6083,21,multi_real,,,0,0,False,C: prediction < 8,True
CC(C)Cc1ccc(Nc2ccc(S(N)(=O)=O)cc2)cc1,7.8464,0.8901,1.7517,0.4259,8.2949,21,multi_real,,,0,0,False,C: prediction < 8,True
CC(C)C=Cc1ccc(-c2ccc(S(N)(=O)=O)cc2)nc1,7.8412,0.9429,2.2410,0.3226,3.6866,21,multi_real,,,0,0,False,C: prediction < 8,True
CC(C)c1cc(C(C)c2ccc(S(N)(=O)=O)cc2)ccn1,7.8348,0.9433,2.7039,0.3684,5.9908,21,multi_real,,,0,0,False,C: prediction < 8,True
CC(C)Cc1nccc(-c2ccc(S(N)(=O)=O)cc2)n1,7.8345,0.9330,2.1325,0.4464,10.4575,20,multi_real,,,0,0,False,C: prediction < 8,True
CC(C)Nc1nccc(-c2ccc(S(N)(=O)=O)cc2)n1,7.8331,0.8918,2.0878,0.5577,17.6471,20,multi_real,,,0,0,False,C: prediction < 8,True
CC(C)Nc1ccc(-c2ccc(S(N)(=O)=O)cc2)nc1,7.8318,0.9041,2.0117,0.4038,9.8039,20,multi_real,,,0,0,False,C: prediction < 8,True
CC(C)NC(=O)c1ccc(-c2ccc(S(N)(=O)=O)cc2)nc1,7.8213,0.8918,1.9121,0.3333,3.3898,22,multi_real,,,0,0,False,C: prediction < 8,True
Cc1cc(C(C)C)ccc1Nc1ccc(S(N)(=O)=O)cc1,7.8178,0.9076,1.8535,0.3860,6.4516,21,multi_real,,,0,0,False,C: prediction < 8,True
CC(C)Cc1ccc(-c2ccc(S(N)(=O)=O)cn2)cc1,7.8175,0.9403,1.9288,0.3115,5.2288,20,multi_real,,,0,0,False,C: prediction < 8,True
CC(C)Cc1ccc(-c2ccc(S(N)(=O)=O)cc2)cc1,7.8148,0.9392,1.6656,0.3214,5.2288,20,multi_real|multi_scrambled,,,0,0,False,C: prediction < 8,True
CC(C)Oc1ccc(-c2ccc(S(N)(=O)=O)cc2)cc1,7.7953,0.9413,1.6795,0.3774,9.1503,20,multi_real,,,0,0,False,C: prediction < 8,True
Cc1ncc(-c2nc(C3CNCC(C)C3)ncc2F)n1C(C)C,7.7430,0.9450,3.8012,0.4412,6.6496,23,multi_real,,,0,0,False,C: prediction < 8,True
CC(C)c1ccc(Oc2ccc(S(N)(=O)=O)cc2)cc1,7.7132,0.9397,1.6772,0.3922,9.8039,20,multi_real,,,0,0,False,C: prediction < 8,True
CNC(=O)c1ccc(-c2ccc(S(N)(=O)=O)cc2)cc1,7.6350,0.8941,1.6441,0.3400,6.5359,20,multi_real,,,0,0,False,C: prediction < 8,True
CC(C)N(C)c1ccc(-c2ccc(S(N)(=O)=O)cc2)cc1,7.6343,0.9444,1.9615,0.3333,4.6083,21,multi_real,,,0,0,False,C: prediction < 8,True
Cc1ncc(-c2cnc(NC(=O)N(C)C)s2)n1C(C)C,7.6326,0.9459,2.8376,0.4127,10.4575,20,multi_real,,,0,0,False,C: prediction < 8,True
Cc1cc(OC(C)C)ccc1-c1ccc(S(N)(=O)=O)cc1,7.6308,0.9433,1.8589,0.3279,4.6083,21,multi_real,,,0,0,False,C: prediction < 8,True
CC(C)(C)c1ccc(Oc2ccc(S(N)(=O)=O)cc2)cc1,7.5667,0.9442,1.7434,0.3396,4.6083,21,multi_real,,,0,0,False,C: prediction < 8,True
NS(=O)(=O)c1ccc(-c2ccc(-c3ccc(S(N)(=O)=O)cc3)cc2)cc1,7.5529,0.7123,1.4789,0.3846,3.8526,26,multi_real,,,0,0,False,C: prediction < 8,True
NS(=O)(=O)c1ccc(-c2ccc(S(N)(=O)=O)cc2)cc1,7.5529,0.8639,1.5743,0.3846,9.1503,20,multi_real,,,0,0,False,C: prediction < 8,True
CC(C)(C)Cc1cc(-c2ccc(S(N)(=O)=O)cc2)ccn1,7.5498,0.9470,2.1555,0.3559,5.0691,21,multi_real,,,0,0,False,C: prediction < 8,True
CCCc1ccc(Oc2ccc(S(N)(=O)=O)cc2)cc1,7.5332,0.9200,1.6571,0.3273,5.2288,20,multi_real,,,0,0,False,C: prediction < 8,True
CC(F)(F)c1ccc(-c2ccc(S(N)(=O)=O)cc2)cc1,7.5288,0.9459,1.9034,0.3265,5.2288,20,multi_real,,,0,0,False,C: prediction < 8,True
CCCCc1ccc(-c2ccc(S(N)(=O)=O)cc2)cc1,7.5282,0.9173,1.6128,0.3333,5.8823,20,multi_real,,,0,0,False,C: prediction < 8,True
CC(=O)Nc1ccc(-c2ccc(S(N)(=O)=O)cc2)cc1,7.4799,0.9051,1.6041,0.4255,10.4575,20,multi_real,,,0,0,False,C: prediction < 8,True
Cc1cc(-c2ccc(S(N)(=O)=O)cc2)ccc1N1CCCC1,7.4168,0.9467,1.8499,0.3167,2.7119,22,druglike_only,,,0,0,False,C: prediction < 8,True
NS(=O)(=O)c1ccc(Cc2ccc(C(F)(F)F)cc2)cc1,7.4071,0.9464,1.8035,0.3148,3.6866,21,multi_real,,,0,0,False,C: prediction < 8,True
NS(=O)(=O)c1ccc(-c2ccc(-c3ccccc3)cc2)cc1,7.3402,0.8022,1.4603,0.3674,5.4237,22,multi_real,,,0,0,False,C: prediction < 8,True
NS(=O)(=O)c1ccc(-c2ccc(N3CCCC3)cc2)cc1,7.3029,0.9476,1.7025,0.3684,5.9908,21,multi_real,,,0,0,False,C: prediction < 8,True
NS(=O)(=O)c1ccc(-c2ccc(N3C=CCC3)cc2)cc1,7.1745,0.9477,2.2824,0.2963,3.6866,21,multi_real,,,0,0,False,C: prediction < 8,True
NS(=O)(=O)c1ccc(NC(=O)Cc2ccccc2)cc1,7.0917,0.8942,1.5256,0.4490,11.1111,20,multi_real,,,0,0,False,C: prediction < 8,True
CS(=O)(=O)c1ccc(-c2ccc(S(C)(=O)=O)cc2)cc1,7.0271,0.8710,1.5171,0.3333,5.8823,20,multi_real,,,0,0,False,C: prediction < 8,True
CNS(=O)(=O)c1ccc(-c2cccc3c2OCCC3)cc1,6.9228,0.9479,2.1189,0.3750,6.4516,21,druglike_only,,,0,0,False,C: prediction < 8,True
CS(=O)(=O)c1ccc(C(=O)Nc2ccc(F)cc2)cc1,6.8585,0.9453,1.4946,0.4286,10.4575,20,multi_scrambled,,,0,0,False,C: prediction < 8,True
CCN1CCN(C(=O)Nc2cccc(-c3ccccc3)n2)CC1,6.5238,0.9480,1.9096,0.3333,2.5575,23,druglike_only,,,0,0,False,C: prediction < 8,True
CN1CCN(c2ccc(NC(=O)c3cccc(F)c3)cc2)CC1,6.4618,0.9463,1.6951,0.3513,2.8133,23,druglike_only,anil_di_alk_A(478),,1,0,True,C: prediction < 8,True
CN1CCN(c2cccc(C(=O)Nc3ccc(F)cc3)c2)CC1,6.4603,0.9463,1.6887,0.3860,4.3478,23,druglike_only,,,0,0,False,C: prediction < 8,True
O=C(Nc1ccc(N2CCOCC2)cc1)c1ccc(F)cc1,6.4510,0.9474,1.6219,0.3962,6.4407,22,druglike_only,anil_di_alk_A(478),,1,0,True,C: prediction < 8,True
O=C(Nc1ccc(N2CCCC2)cc1)c1ccccc1,6.3096,0.9212,1.4337,0.4000,9.8039,20,druglike_only,anil_di_alk_A(478),,1,0,True,C: prediction < 8,True
CC(=O)Nc1ccc(N2CCN(c3ccccc3)CC2)cc1,6.2790,0.9454,1.5919,0.3860,5.7627,22,druglike_only,anil_di_alk_A(478),,1,0,True,C: prediction < 8,True
CN1CCN(c2ccc(NC(=O)c3ccccc3)cc2)CC1,6.2538,0.9454,1.5573,0.4461,8.8136,22,druglike_only|multi_scrambled,anil_di_alk_A(478),,1,0,True,C: prediction < 8,True
CN1C=CN(C(=O)Nc2cccc(Cc3ccccc3)n2)CC1,6.2126,0.9482,2.7123,0.3182,2.3018,23,druglike_only,,,0,0,False,C: prediction < 8,True
O=C(Nc1ccccc1)c1ccc(N2CCCCC2)cc1,6.1865,0.9236,1.4704,0.3667,5.9908,21,druglike_only,,,0,0,False,C: prediction < 8,True
O=C(Nc1ccc(N2CCOCCC2=O)cc1)c1ccccc1,6.1829,0.9480,1.7991,0.3390,2.5575,23,druglike_only,,,0,0,False,C: prediction < 8,True
COc1ccc(CC(=O)Nc2ccc(OC)cc2)cc1,6.1716,0.9092,1.3856,0.4898,11.7647,20,druglike_only,,,0,0,False,C: prediction < 8,True
CN(C)C(=O)N1CCc2nc(NCc3ccccc3)ccc2C1,6.1247,0.9481,2.2620,0.3556,2.8133,23,multi_scrambled,,,0,0,False,C: prediction < 8,True
CCC(=O)Nc1ccc(NC(=O)c2ccccc2)cc1,6.0743,0.8935,1.3787,0.4255,10.4575,20,druglike_only,,,0,0,False,C: prediction < 8,True
COc1ccc(NC(=O)c2ccc(OC)cc2Cl)cc1,5.9928,0.9359,1.4840,0.4286,10.4575,20,druglike_only,,,0,0,False,C: prediction < 8,True
COc1ccc(C(=O)NC(=O)Cc2ccccc2)cc1,5.9234,0.9253,1.4688,0.3729,9.1503,20,druglike_only|multi_scrambled,,,0,0,False,C: prediction < 8,True
O=C(Nc1ccccc1)c1ccc(CN2CCCCC2)cc1,5.8600,0.9265,1.4749,0.3770,5.7627,22,druglike_only,,,0,0,False,C: prediction < 8,True
COc1ccc(-c2ccc(C(=O)N3CCC(O)CC3)cc2)cc1,5.8397,0.9479,1.7065,0.4138,5.6266,23,druglike_only,,,0,0,False,C: prediction < 8,True
