smiles,set,pactivity,source,replicate
Cc1ncc(-c2nc(Nc3ccc(C(=O)N4CC[C@@H](N(C)C)C4)cc3)ncc2F)n1C(C)C,known_actives,8.221848749616356,curated row 86,False
CCCCOc1c(C(=O)c2c(F)cc(C)cc2F)ccc2[nH]ncc12,known_actives,8.221848749616356,curated row 97,False
O=C(Nc1ccc(F)cc1)c1[nH]ncc1NC(=O)c1c(F)cccc1F,known_actives,8.522878745280337,curated row 99,False
Cc1nc2c(F)cc(-c3nc(Nc4ccc5c(n4)CCN(CC(N)=NO)C5)ncc3F)cc2n1C(C)C,known_actives,8.074172425375258,curated row 104,False
Cc1ccc(CC(=O)Nc2[nH]nc3ccc(N4CCCS4(=O)=O)cc23)cc1,known_actives,8.154901959985743,curated row 136,False
Cc1nc2c(F)cc(-c3nc(Nc4ccc5c(n4)CCN(C(=O)O)C5)ncc3F)cc2n1C(C)C,known_actives,8.13430394008393,curated row 158,False
CC[C@@H](NC(=O)N1CCc2cnc(NC3CCOCC3)nc2C1)c1ccc(C#N)c(Cl)c1,known_actives,8.698970004336019,curated row 176,False
CN1CCN(c2ccc(Nc3ncc4c(n3)-c3c(c(C(N)=O)nn3C)CC4)cc2)CC1,known_actives,8.698970004336019,curated row 207,False
COC[C@@H](Nc1nc(Nc2ccc(S(C)(=N)=O)cc2)ncc1Br)[C@@H](C)O,known_actives,8.397940008672037,curated row 240,False
COC[C@H](Nc1nc(Nc2ccc(S(C)(=N)=O)cc2)ncc1Br)[C@H](C)O,known_actives,8.221848749616356,curated row 241,False
O=C(O)c1ccc2[nH]c(O)c(C=c3[nH]cc4c3=CCOC4=O)c2c1,known_actives,8.397940008672037,curated row 245,False
Clc1cccc(Nc2nccc(-c3ccnc(N4CCOCC4)c3)n2)c1,known_actives,8.050609993355087,curated row 276,False
COc1ccc(Nc2nccc(-c3cnc(C)n3C(C)C)n2)cc1,known_actives,8.096910013008056,curated row 283,False
CC(O)C(C)Sc1nc(Nc2ccc(S(C)(=N)=O)cc2)ncc1Br,known_actives,8.096910013008056,curated row 322,False
CN=S(C)(=O)c1ccc(Nc2ncc(Br)c(N[C@H](C)[C@H](C)O)n2)cc1,known_actives,8.154901959985743,curated row 430,False
Cc1cc(Nc2ncc(Br)c(N[C@H](C)[C@H](C)O)n2)ccc1S(C)(=N)=O,known_actives,8.397940008672037,curated row 448,False
Cc1cc(Nc2ncc(Br)c(N[C@H](C)C(C)(C)O)n2)ccc1S(C)(=N)=O,known_actives,8.27642098432889,curated row 453,False
Cc1ncc(-c2ccnc(Nc3ccc(C(=O)N(C)C)cc3)n2)n1C(C)C,known_actives,8.096910013008056,curated row 458,True
COc1cc(Nc2ncc(Br)c(N[C@H](C)[C@@H](C)O)n2)ccc1S(C)(=N)=O,known_actives,8.397940008672037,curated row 469,False
CC(C)CC(=O)c1ccc2[nH]c(O)c(C=Nc3ccc(S(N)(=O)=O)cc3)c2c1,known_actives,8.721246399047171,curated row 507,False
CN(C)CCNS(=O)(=O)c1ccc(Nc2nccc(-c3cnc4ccccn34)n2)cc1,known_actives,8.301029995663981,curated row 599,False
CN=S(C)(=O)c1ccc(Nc2ncc(Br)c(N[C@H](C)[C@H](C)O)n2)cc1OC,known_actives,8.221848749616356,curated row 622,False
CCCS(=O)(=O)c1ccc(Nc2nccc(-c3cnc(C)n3C(C)C)n2)cc1,known_actives,8.096910013008056,curated row 625,False
CN(C)S(=O)(=O)c1ccc(Nc2cc3[nH]c(-c4cn[nH]c4)cc3cn2)cc1,known_actives,8.301029995663981,curated row 630,False
Nc1nc(Nc2ccc(S(N)(=O)=O)cc2)nc(OCC2CCCCC2)c1N=O,known_actives,8.958607314841775,curated row 650,False
NS(=O)(=O)c1ccc(N=Nc2c(O)[nH]c3ccc(C(=O)NCc4ccncc4)cc23)cc1,known_actives,8.050609993355087,curated row 673,False
COCCCNS(=O)(=O)c1ccc(Nc2nccc(-c3cnc4ccccn34)n2)cc1,known_actives,8.397940008672037,curated row 696,False
COc1cc(Nc2ncc(Br)c(O[C@H](C)[C@H](C)O)n2)ccc1S(C)(=N)=O,known_actives,8.096910013008056,curated row 733,False
CCS(=N)(=O)c1ccc(Nc2ncc(Br)c(N[C@H](COC)[C@H](C)O)n2)cc1,known_actives,8.154901959985743,curated row 756,False
NS(=O)(=O)c1ccc(N=Nc2c(O)[nH]c3ccc4ncsc4c23)cc1,known_actives,8.148741651280925,curated row 761,False
CCS(=N)(=O)c1ccc(Nc2ncc(Br)c(N[C@@H](C)[C@H](C)O)n2)cc1,known_actives,8.397940008672037,curated row 772,False
C[C@@H]1C[C@H]2CN1CCn1[nH]c3c(cccc3c1=O)-c1nc3c(cccc3[nH]c1=O)O2,known_actives,8.468521082957745,curated row 776,False
Nc1nc(Nc2ccc(S(N)(=O)=O)cc2)nn1C(=O)c1c(F)cccc1F,known_actives,8.698970004336019,curated row 785,False
CC(C)=Cc1cccc2[nH]c(O)c(NNc3ccc(S(N)(=O)=O)cc3)c12,known_actives,8.920818753952375,curated row 787,False
O=Nc1c(-c2c(O)[nH]c3ccc([N+](=O)[O-])cc23)[nH]c2ccc(O)cc12,known_actives,8.698970004336019,curated row 789,False
CN1CCN(c2cccc(Nc3ncc4c(n3)-c3c(c(C(N)=O)nn3C)CC4)c2)CC1,known_actives,9.0,curated row 803,False
CN(C)S(=O)(=O)c1ccc(Nc2cc(N[C@H]3CC[C@H](N)CC3)nc3c(Br)cnn23)cc1Cl,known_actives,8.698970004336019,curated row 805,False
C[C@H](O)[C@@H](C)Nc1nc(Nc2ccc(S(=N)(=O)CCO)cc2)ncc1Br,known_actives,8.221848749616356,curated row 810,False
C[C@@H](O)[C@@H](C)Nc1nc(Nc2ccc(S(=N)(=O)CCO)cc2)ncc1Br,known_actives,8.522878745280337,curated row 811,False
COc1cc(-c2ccc3c(-c4nc5c(N6CCN(C)CC6)cccc5[nH]4)[nH]nc3c2)ccc1O,known_actives,8.387216143280265,curated row 812,False
CC(C)Oc1cccc2[nH]c(O)c(N=Nc3ccc(S(N)(=O)=O)cc3)c12,known_actives,8.468521082957745,curated row 841,False
CC(C)c1cnn2c(NCc3ccccc3)cc(N[C@@H](CO)[C@H](O)CO)nc12,known_actives,8.522878745280337,curated row 842,False
N#CCC=c1cc(-c2ccc[nH]2)c2c(O)[nH]c3ccc(F)c1c32,known_actives,8.301029995663981,curated row 857,False
CCn1c(-c2ccnc(Nc3ccc(S(=O)(=O)NCCOC)cc3)n2)cnc1C,known_actives,8.397940008672037,curated row 860,False
CC(C)c1c2cc(-c3nc(Nc4ccc(N5CCNCC5)cn4)ncc3F)ccc2nn1C,known_actives,8.619788758288394,curated row 898,False
NS(=O)(=O)c1ccc(N=Cc2c(O)[nH]c3ccc(-c4cnco4)cc23)cc1,known_actives,8.602059991327963,curated row 954,False
C[C@H](CO)Nc1nc(Nc2ccc(S(N)(=O)=O)cc2)ncc1Br,known_actives,8.397940008672037,curated row 974,False
COCc1cc(C(=O)Nc2cc(C3CC[C@@H](OC(=O)NC(C)C)C3)[nH]n2)n(C)n1,known_actives,8.958607314841775,curated row 996,False
NCCC=c1cc(-c2ccc[nH]2)c2c(O)[nH]c3ccc(F)c1c32,known_actives,8.154901959985743,curated row 1045,False
NS(=O)(=O)Cc1ccc(N=Cc2c(O)[nH]c3ccc4ncsc4c23)cc1,known_actives,8.1249387366083,curated row 1050,False
COc1cc[nH]c1C=C1C(=O)Nc2ccc(F)c(C#C[C@@H]3CCCN3)c21,known_actives,8.698970004336019,curated row 1062,False
Cc1ncc(-c2ccnc(Nc3ccc(C(N)=O)cc3)n2)n1C(C)C,known_actives,8.522878745280337,curated row 1068,False
C[C@@H](O)[C@@H](C)Oc1nc(Nc2ccc(S(=O)(=O)CCO)cc2)ncc1C(F)(F)F,known_actives,8.522878745280337,curated row 1128,False
COCCOCCOCCOCCNS(=O)(=O)c1ccc(N=Cc2c(O)[nH]c3ccc4ncsc4c23)cc1,known_actives,8.346787486224656,curated row 1153,False
NS(=O)(=O)c1ccc(N=Cc2c(O)[nH]c3ccc4ncsc4c23)cc1,known_actives,8.55284196865778,curated row 1154,True
NCCCn1nc(C(N)=O)c2c1-c1nc(Nc3ccccc3)ncc1CC2,known_actives,9.0,curated row 1168,False
Cc1ncc(-c2nc(Nc3ccc(C(=O)N(C)C)cc3)ncc2F)n1C(C)C,known_actives,8.698970004336019,curated row 1173,False
Cc1cc(C)c(CNc2nc(N[C@@H](C)[C@@H](C)O)nc3c2ncn3C(C)C)cn1,known_actives,8.301029995663981,curated row 1188,False
CNC(=O)c1ccc(Nc2nccc(-c3cnc(C)n3C(C)C)n2)cc1,known_actives,8.522878745280337,curated row 1194,False
Nc1ccc(-c2cc(Nc3ccc(S(N)(=O)=O)cc3)[nH]n2)cc1,known_actives,9.468521082957745,curated row 1260,False
COCCOCCOCCOCCN(C)S(=O)(=O)c1ccc(N=Cc2c(O)[nH]c3ccc4ncsc4c23)cc1,known_actives,9.0,curated row 1271,False
CN[C@H]1CCN(C(=O)c2ccc(Nc3nccc(-c4cnc(C)n4C(C)C)n3)cc2)C1,known_actives,8.698970004336019,curated row 1304,False
N[C@H]1CC[C@H](Nc2nc(Nc3ccccc3)c3ncn(C4CCCC4)c3n2)CC1,known_actives,8.154901959985743,curated row 1323,False
COc1cc[nH]c1C=C1C(=O)Nc2ccc(F)c(C#C[C@@H](O)[C@@H](N)[C@@H](C)O)c21,known_actives,8.522878745280337,curated row 1329,False
CN(C)CCNS(=O)(=O)c1ccc(Nc2nccc(-c3cnc4cccnn34)n2)cc1,known_actives,8.096910013008056,curated row 1371,False
O=[N+]([O-])c1ccc(Nc2nccc(-c3cnn4ncccc34)n2)cc1,known_actives,8.522878745280337,curated row 1399,False
CN(C)C/C=C/C(=O)Nc1ccc(C(=O)Nc2ncc(SCc3ncc(C(C)(C)C)o3)s2)cc1,known_actives,8.10790539730952,curated row 1424,False
Cc1ncc(-c2nc(Nc3ccc(C(=O)NC4CCN(C)CC4)c(F)c3)ncc2F)n1C(C)C,known_actives,9.0,curated row 1432,False
CC[C@@H](C)Oc1nc(Nc2ccc(S(N)(=O)=O)cc2)nc(N)c1C=O,known_actives,9.096910013008056,curated row 1481,False
CC(C)(C)c1cnc(CSc2cnc(N[C@H]3CC[C@H](O)CC3)s2)o1,known_actives,8.154901959985743,curated row 1497,True
CC(=O)NC1CN(c2ccc(Nc3ncc(F)c(-c4cnc(C)n4C(C)C)n3)cc2)C1,known_actives,9.30102999566398,curated row 1501,False
O=C(Cc1ccc(Cc2cccs2)cc1)Nc1cc(C2CC2)[nH]n1,known_actives,8.522951139760405,curated row 1533,False
FC(F)(F)c1cnc(Nc2ccc3[nH]cnc3c2)nc1Nc1ccccc1Cl,known_actives,8.698970004336019,curated row 1539,False
CN(C)CCNS(=O)(=O)c1ccc(Nc2cccc(-c3cnc4ccccn34)c2)cc1,known_actives,8.301029995663981,curated row 1586,True
Cn1nc(C(N)=O)c2c1-c1nc(Nc3ccccc3)ncc1CC2,known_actives,8.698970004336019,curated row 1588,False
NS(=O)(=O)c1ccc(N=Cc2c(=O)[nH]c3ccc4[nH]cccc4c23)cc1,known_actives,8.823908740944319,curated row 1603,False
O=C1Nc2ccc(F)c3c(S[C@H]4CCNC4)cc(-c4ccc[nH]4)c1c23,known_actives,8.301029995663981,curated row 1610,False
N=C(N)NS(=O)(=O)c1ccc(N=Cc2c(O)[nH]c3ccc4ncsc4c23)cc1,known_actives,8.481486060122112,curated row 1640,False
Cc1nc2c(F)cc(-c3nc(Nc4ccc5c(n4)CCN(CC(=O)O)C5)ncc3F)cc2n1C(C)C,known_actives,8.13430394008393,curated row 1644,False
O=C(Nc1[nH]nc2nc(-c3ccc(O)cc3)c(Br)cc12)C1CC1,known_actives,8.301029995663981,curated row 1649,False
O=S(=O)(NCCc1c[nH]cn1)c1ccc(N=Cc2c(O)[nH]c3ccc4ncsc4c23)cc1,known_actives,8.443697499232712,curated row 1652,False
CN1CCN(Cc2ccc(NC(=O)c3[nH]ncc3Nc3ncnc4[nH]ccc34)cc2)CC1,known_actives,8.607303046740334,curated row 1682,False
CNS(=O)(=O)c1ccc2[nH]c(O)c(C=c3[nH]cc4c3=CCOC4=O)c2c1,known_actives,8.397940008672037,curated row 1697,False
C[C@H](Nc1nc(Nc2ccc(S(=N)(=O)CCO)cc2)ncc1Br)C(C)(C)O,known_actives,8.397940008672037,curated row 1707,True
O=C(Cc1ccc(Br)cc1)Nc1[nH]nc2ccc(N3CCCS3(=O)=O)cc12,known_actives,8.154901959985743,curated row 1745,False
CC(CO)Sc1nc(Nc2ccc(S(C)(=N)=O)cc2)ncc1Br,known_actives,8.397940008672037,curated row 1755,False
C[C@@H](Nc1nc(Nc2ccc(S(=N)(=O)CC3CC3)cc2)ncc1Br)C(C)(C)O,known_actives,8.397940008672037,curated row 1762,False
O=C(Nc1cccc2c1C(=O)c1c(-c3ccc(C(=O)N4CCNCC4)s3)n[nH]c1-2)NN1CCOCC1,known_actives,8.096910013008056,curated row 1763,False
NC(=O)c1ccc2[nH]c(O)c(N=Nc3ccc(S(N)(=O)=O)cc3)c2c1,known_actives,8.346787486224656,curated row 1769,False
Cc1ncc(-c2nc(Nc3ccc(N4CCOCC4)cc3)ncc2F)n1C(C)C,known_actives,8.096910013008056,curated row 1774,False
CCCN(C)[C@H]1CCN(C(=O)c2ccc(Nc3nccc(-c4cnc(C)n4C(C)C)n3)cc2)C1,known_actives,8.397940008672037,curated row 1797,False
C[C@H](Nc1nc(Nc2ccc(S(C)(=N)=O)cc2)ncc1Br)C(C)(C)O,known_actives,8.698970004336019,curated row 1802,False
O=C(Cc1cccc(Br)c1)Nc1[nH]nc2ccc(N3CCCS3(=O)=O)cc12,known_actives,8.154901959985743,curated row 1808,False
Cc1ncc(-c2ccnc(Nc3ccc(C(=O)N(C)C)c(F)c3)n2)n1C(C)C,known_actives,8.221848749616356,curated row 1813,False
CC(C)(O)CSc1nc(Nc2ccc(S(C)(=N)=O)cc2)ncc1Br,known_actives,8.096910013008056,curated row 1845,False
COCCNS(=O)(=O)c1ccc(Nc2nccc(-c3cnc(C)n3C)n2)cc1,known_actives,8.096910013008056,curated row 1860,False
Cc1ncc(-c2ccnc(Nc3ccc(S(=O)(=O)NCCCOC(C)C)cc3)n2)n1C,known_actives,8.221848749616356,curated row 1868,True
Cc1ncc(-c2nc(Nc3ccc(C(=O)N4CCCN(C)CC4)cc3)ncc2F)n1C(C)C,known_actives,8.698970004336019,curated row 1960,False
CC(C)[C@H](CO)Nc1nc(Nc2ccc(C(=O)O)c(Cl)c2)c2ncn(C(C)C)c2n1,known_actives,8.133803120088515,curated row 1965,False
CC(C)(CO)CNC(=O)c1ccc2[nH]c(O)c(N=Nc3ccc(S(N)(=O)=O)cc3)c2c1,known_actives,8.167491087293763,curated row 1982,False
Cc1nc2c(F)cc(-c3nc(Nc4ccc5c(n4)CCN(C(=O)CCN(C)C)C5)ncc3F)cc2n1C(C)(C)C,random_training,7.844663962534938,curated row 36,False
CCN1CCC(c2ccc(Nc3ncc(F)c(-c4cc(F)c5nc6n(c5c4)C(C)(C)CC6)n3)nc2)CC1,random_training,6.931956951307951,curated row 43,False
O=C(Nc1[nH]nc2nc(-c3cccc(O)c3)ccc12)C1CC1,random_training,7.207608310501746,curated row 77,False
C=CC(=O)Nc1ccc(C(=O)N2CCCC(Nc3ncc(C=Cc4ncc(C(C)(C)C)o4)s3)C2)cc1,random_training,7.640164517660112,curated row 127,False
CNS(=O)(=O)c1ccc(Nc2ncc3c(n2)N(c2cc(F)ccc2Cl)C(=O)C32CC2)cc1,random_training,6.337242168318426,curated row 150,False
CC(C)c1ccc2c(N=Nc3ccc(S(N)(=O)=O)cc3)c(O)[nH]c2c1,random_training,7.1249387366083,curated row 162,False
COC1CCN(c2nccc(Nc3cc4c(ccn4C4CCCC4)cn3)n2)CC1,random_training,7.031517051446065,curated row 163,False
Cc1nc2c(F)cc(-c3nc(Nc4ccc5c(n4)CCN(CCN(C)C(=N)N)C5)ncc3F)cc2n1C(C)C,random_training,7.787812395596042,curated row 183,False
O=C(Nc1ccccc1Cl)c1ccc(Nc2nc(Nc3ccc(O)cc3)ncc2F)cc1,random_training,5.494850021680094,curated row 200,False
COc1ccc(-c2nn(-c3ccccc3)cc2C(=O)NC(=S)Nc2ccc(C)cc2)cc1,random_training,7.537602002101044,curated row 244,False
C=CC(=O)Nc1cccc(C(=O)N2CCCC(Nc3ncc(SCc4ncc(C(C)(C)C)o4)s3)C2)c1,random_training,6.505845405981557,curated row 271,True
CNC(=O)c1nn(C)c2c1C(C)(C)Cc1cnc(Nc3ccc(OC4CCN(C)CC4)cc3)nc1-2,random_training,7.537602002101044,curated row 282,False
Cc1c(N[C@H]2CCCNC2)nc2ccnn2c1Nc1ccc2c(cnn2C)c1,random_training,4.568636235841013,curated row 299,False
CC(=O)Nc1ccc(CNc2nc(NC(CO)CO)nc3c(C(C)C)cnn23)cc1,random_training,6.149415023647968,curated row 319,True
CCOC(=O)c1cnn2c(-c3ccc(Cl)cc3)nc(NCc3ccccc3)nc12,random_training,5.732828271596986,curated row 334,False
c1ccc(Cc2nnc3sc(SSc4nn5c(Cc6ccccc6)nnc5s4)nn23)cc1,random_training,4.823908740944319,curated row 340,False
CNc1nccc(-n2ccc3ccc(C#N)cc32)n1,random_training,5.568636235841012,curated row 342,False
CN1CCN(C(=O)N2CCC(Nc3ncc(Cl)c(-c4c[nH]c5ccccc45)n3)CC2)CC1,random_training,5.277283832511506,curated row 349,False
CC(=Nc1ccc(S(N)(=O)=O)cc1)c1c(O)[nH]c2ccc(-c3cnco3)cc12,random_training,8.698970004336019,curated row 365,False
O=c1[nH]c(O)c(C=Nc2ccc(CN3CCOCC3)cc2)c2ccccc12,random_training,4.6777807052660805,curated row 386,False
Cc1ccc(NC(=S)NC(=O)c2cn(-c3ccccc3)nc2-c2ccc(C)cc2)cc1,random_training,7.2839966563652,curated row 496,True
O=C(O)c1cc(Br)ccc1NCCc1c[nH]c2ccccc12,random_training,5.3979400086720375,curated row 500,False
O=C(Nc1c[nH]nc1-c1nc2cc(CN3CCOCC3)ccc2[nH]1)NC1CCCCC1,random_training,5.920818753952375,curated row 503,False
N[C@H]1CC[C@H](Nc2cc(Nc3ccc(S(=O)(=O)c4ccccc4)cc3)n3ncc(Br)c3n2)CC1,random_training,7.795880017344075,curated row 519,False
COc1ccc2[nH]c(O)c(C=c3[nH]cc4c3=CCOC4=O)c2c1,random_training,7.397940008672037,curated row 529,False
CN1CCC(c2c(O)cc(O)c3c2O/C(=C\c2ccccc2)C3=O)CC1,random_training,5.892790030352131,curated row 543,False
CN(C)CC(O)COc1ccc(Nc2nccc(N(CCCC(F)(F)F)c3cc(Cl)ccc3Cl)n2)cc1,random_training,4.920818753952375,curated row 565,False
CC(C)(O)Cn1cc(-c2nc(NC3CCN(S(=O)(=O)C4CC4)CC3)ncc2C(F)(F)F)cn1,random_training,7.072422211411503,curated row 576,False
N[C@H](CNc1cc(-c2ccc3cnccc3c2)no1)Cc1ccc(C(F)(F)F)cc1,random_training,7.031517051446065,curated row 583,False
C1=C/COCc2cc(ccc2OCCN2CCCC2)Nc2nccc(n2)-c2ccc(s2)COC/1,random_training,5.537602002101044,curated row 592,False
O=C1NC(=O)C(c2cnc3ccccn23)=C1c1cn2c3c(cccc13)CN(C(=O)N1CCOCC1)CC2,random_training,5.275724130399211,curated row 641,False
CN1CCN(c2cc(NCc3cccnc3)n3nccc3n2)CC1,random_training,5.251811972993799,curated row 658,False
C#CCN1CCCC1CN1CCc2nc(Nc3ncc(F)c(-c4cc(F)c5nc(C)n(C(C)C)c5c4)n3)ccc2C1,random_training,7.125518182300533,curated row 679,False
OC1CCC(c2[nH]ncc2-c2ccnc(NC3CCCC3)n2)CC1,random_training,6.229147988357855,curated row 691,True
O=C(Nc1ccccn1)Nc1cccc2c1[C@H]1CCCN1C2=O,random_training,6.726728668260934,curated row 815,False
O=C1NCC2(CCCCC2)n2c1cc1cnc(Nc3ccc(N4CCC(N5CCOCC5)CC4)cn3)nc12,random_training,7.451333161146183,curated row 831,False
CC(C)c1cnn2c(NCc3ccccc3)cc(N[C@@H](CO)[C@@H](O)CO)nc12,random_training,8.522878745280337,curated row 843,True
CCN(CC)CCNc1cc(-c2ccc[nH]2)c2c3c(ccc(F)c13)NC2=O,random_training,6.531652669587842,curated row 864,False
Nc1nc2ccc(C(=O)c3c(Cl)cccc3Cl)cn2c1C(=O)c1c(F)cccc1F,random_training,7.275724130399211,curated row 866,False
COc1ccc(-c2ocnc2C(=O)NCc2ccncc2)cn1,random_training,5.300000202445418,curated row 877,False
COCCNS(=O)(=O)c1ccc(Nc2nccc(-c3cnc(C)n3C(C)C)n2)cc1,random_training,9.0,curated row 882,False
CC(C)c1cnn2c(NCc3ccc(NC(=O)CCCCCCO)cc3)nc(OC3CCN(C)CC3)nc12,random_training,5.81630319136532,curated row 883,False
CNS(=O)(=O)Cc1ccc(N=Cc2c(O)[nH]c3ccc4ncsc4c23)cc1,random_training,7.585026652029182,curated row 884,False
NCCCCNC(=O)c1ccc(CNc2nc(N[C@H]3CC[C@H](N)CC3)nc3c2ncn3C2CCCC2)cc1,random_training,7.568636235841012,curated row 886,False
CC(C)c1c2cc(-c3ccnc(Nc4ccc5c(N6CCN(C)CC6)ncnc5c4)n3)ccc2nn1C,random_training,8.55284196865778,curated row 901,False
CC(=O)Nc1cccc(CNc2nc(OC3CCN(C)CC3)nc3c(C(C)C)cnn23)c1,random_training,5.353841430137887,curated row 929,False
CC(C)C=c1cc(-c2ccc[nH]2)c2c(O)[nH]c3ccc(F)c1c32,random_training,6.906578314837764,curated row 946,False
Cc1nc2ccccn2c1-c1ccnc(N)n1,random_training,5.3979400086720375,curated row 947,True
CN(C)CC(O)COc1ccc(Nc2ncc(Br)c(Nc3ccccc3)n2)cc1,random_training,6.522878745280337,curated row 958,False
O=C(c1ccc2ccccc2c1)c1cn(-c2ccccc2)nc1C1=Nn2c(n[nH]c2=S)SC1,random_training,7.047691990337874,curated row 959,False
Nc1c[nH]nc1C(=O)Nc1ccc(F)cc1,random_training,4.070581074285707,curated row 969,False
Nc1c(S(=O)(=O)O)cc(Nc2ccc(Cl)cc2)c2c1C(=O)c1ccccc1C2=O,random_training,5.730769689221635,curated row 970,False
CN(C)C/C=C/C(=O)Nc1ccc(S(=O)(=O)N2CCCC(Nc3ncc(SCc4ncc(C(C)(C)C)o4)s3)C2)cc1,random_training,6.161780778092375,curated row 979,False
CNC(=O)c1nn(C)c2c1C(C)(C)Cc1cnc(Nc3cccc(N4CCOCC4)c3)nc1-2,random_training,6.605548319173783,curated row 1044,False
CCN(CC)C1CCN(c2ccc(Nc3ncc4cc5n(c4n3)C3(CCCCC3)CNC5=O)nc2)C1,random_training,5.552172725093563,curated row 1059,False
CCN(CC)C1CCN(C2CCN(c3ccc(Nc4ncc5cc6n(c5n4)C4(CCCCC4)CNC6=O)nc3)CC2)C1,random_training,5.980304839216885,curated row 1085,False
COc1cc(CS(C)(=N)=O)cc(Nc2ncc(F)c(-c3ccc(F)cc3OC)n2)c1,random_training,6.721246399047171,curated row 1094,False
c1ncc(-c2cc3cnc(Nc4ccc(CN5CCNCC5)cn4)nc3n2C2CCCC2)o1,random_training,5.552841968657781,curated row 1120,False
Nc1c(S(=O)(=O)O)cc(Nc2ccccc2)c2c1C(=O)c1ccccc1C2=O,random_training,5.262164405837785,curated row 1138,False
CC(C)N1CCN(c2ccc(Nc3ncc4cc5n(c4n3)C3(CCCCC3)CNC5=O)nc2)C[C@H]1C,random_training,5.585357764787448,curated row 1142,False
CN(C)CC(O)COc1ccc(Nc2cc(Nc3cc(C(F)(F)F)ccc3F)ncn2)cc1,random_training,4.455931955649724,curated row 1147,False
CN1CCN(CCOc2cc(OC3CCOCC3)c3c(Nc4c(Cl)ccc5c4OCO5)ncnc3c2)CC1,random_training,5.0,curated row 1158,False
Cc1c(C(=O)NCCc2ccc(F)cc2)[nH]c2cc(F)ccc12,random_training,7.468521082957745,curated row 1171,False
CCSc1nn2c(COc3ccc(Cl)cc3)nnc2s1,random_training,4.619788758288394,curated row 1214,False
COc1ccc2cc(-c3[nH]nc4cccnc34)[nH]c2c1,random_training,5.3979400086720375,curated row 1223,False
COc1ccccc1Nc1cc2[nH]c(-c3cn[nH]c3)cc2cn1,random_training,6.013228265733755,curated row 1229,False
Cn1cc(C2=C(c3coc4ccccc34)C(=O)NC2=O)c2cccc(CO)c21,random_training,6.826813731587726,curated row 1269,False
COc1cc(F)ccc1-c1ccnc(NC(=O)C2CCC[C@@H](NC(C)=O)C2)c1,random_training,6.191877805585379,curated row 1290,False
O=C1C(c2[nH]c3ccccc3c2O)=Nc2ccccc21,random_training,4.154901959985743,curated row 1297,False
NCCCCNC(=O)c1ccc(Nc2nc(N[C@H]3CC[C@H](N)CC3)nc3c2ncn3C2CCCC2)cc1,random_training,7.698970004336019,curated row 1334,False
Cc1ccc(F)c(Nc2cc(Nc3ccc(OCC(O)CN(C)C)cc3)ncn2)c1,random_training,4.0915149811213505,curated row 1338,False
Cn1cnc(S(=O)(=O)N2CCC(Nc3ncc(C#N)c(-c4cnn(CC(F)(F)F)c4)n3)CC2)c1,random_training,7.396587061984075,curated row 1339,False
CN(C)CC(=O)N1CCC(Nc2ncc(Cl)c(-c3c[nH]c4ccccc34)n2)CC1,random_training,5.9484616094846725,curated row 1359,False
Nc1cc(-c2c[nH]c3ccccc23)nn1-c1nc(Nc2ccc(Cl)cc2)nc(N2CCOCC2)n1,random_training,6.96537154337468,curated row 1376,False
CN=C(N)SCCCN1C(=O)C2=C(C1=O)n1ccc3cccc(c31)C1Cc3ccccc3N21,random_training,5.275724130399211,curated row 1394,False
CN1C/C=C/COCc2ccc(o2)-c2ccnc(n2)Nc2ccc(OCCN3CCCC3)c(c2)C1,random_training,5.795880017344075,curated row 1398,False
CCOP(=O)(OCC)N(C)CCN1CCc2nc(Nc3ncc(F)c(-c4cc(F)c5nc(C)n(C(C)C)c5c4)n3)ccc2C1,random_training,6.931814138253838,curated row 1416,False
COC(=O)N1CCc2nc(Nc3ncc(F)c(-c4cc(F)c5nc(C)n(C(C)C)c5c4)n3)ccc2C1,random_training,7.4179366370882915,curated row 1461,False
Cc1nc2c(F)cc(-c3nc(Nc4ccc5c(n4)CCN(C(=O)CN(C)C)C5)ncc3F)cc2n1C(C)C,random_training,7.472370099128661,curated row 1472,False
COc1cc(N2CCN(C(C)=O)CC2)ccc1Nc1ncc(OC)c(-c2cnc3ccccn23)n1,random_training,4.275724130399211,curated row 1479,False
COc1ccc(-c2[nH]nc3c2C(=O)c2c(NC(=O)CN4CCN(C(=N)N)CC4)cccc2-3)cc1,random_training,7.886056647693163,curated row 1491,False
COc1ccc(-c2nn(-c3ccccc3)cc2C(=O)NC(=S)Nc2ccc(Cl)cc2)cc1,random_training,7.522878745280337,curated row 1514,False
CNC(=O)c1nn(C)c2c1C(C)(C)Cc1cnc(Nc3cccc(CN4CCOCC4)c3)nc1-2,random_training,6.795880017344075,curated row 1541,False
CC1(C)CN(c2ccc(Nc3ncc4cc5n(c4n3)C3(CCCCC3)CNC5=O)nc2)CCN1,random_training,5.810292847793915,curated row 1556,False
Cc1c(Nc2ncc(Cl)c(-c3cnc4ccccn34)n2)cnn1C1CCNCC1,random_training,6.406713932979542,curated row 1563,False
C=CC(=O)Nc1ccc(OC(=O)N2CCCC(Nc3ncc(SCc4ncc(C(C)(C)C)o4)s3)C2)cc1,random_training,7.609064892896621,curated row 1564,False
O=c1[nH]cc(-c2ccc(N3CCOCC3)cc2)c2sc(-c3cn[nH]c3)cc12,random_training,6.599997654072045,curated row 1617,False
Cn1nc(C(=O)Nc2ccccc2)c2c1-c1nc(Nc3ccccc3)ncc1CC2,random_training,6.241088107602026,curated row 1664,False
CC(C)n1cnc2c(NCc3ccccc3)nc(NCCO)nc21,random_training,5.096910013008056,curated row 1710,False
Cc1[nH]nc2ccc(-c3cncc(NC(CO)c4ccccc4)n3)cc12,random_training,6.833126049141181,curated row 1736,False
COc1ccc2[nH]c(O)c(C=c3[nH]cc4c3=CCNC4=O)c2c1,random_training,6.6020599913279625,curated row 1742,False
CC(C)(C)Nc1nc(C(F)(F)F)nc2ccc(-c3cccc(N)c3)cc12,random_training,6.221848749616356,curated row 1834,False
CC(C)(C)n1nc(-c2cccc3ccccc23)c2c(N)ncnc21,random_training,4.7447274948966935,curated row 1841,False
NC(=O)c1ccc(Nc2nc(N)c(N=O)c(OCC3CCCCC3)n2)cc1,random_training,7.468521082957745,curated row 1864,False
O=C(Cc1ccc(OC(F)(F)F)cc1)Nc1cc(C2CC2)[nH]n1,random_training,7.173957609754036,curated row 1881,False
Cc1nc2c(F)cc(-c3nc(Nc4ccc5c(n4)CCN[C@H]5C)ncc3F)cc2n1C(C)(C)C,random_training,7.672935804369094,curated row 1909,False
O=C(O)c1ccc2[nH]c(O)c(C=c3[nH]cc4c3=CCNC4=O)c2c1,random_training,7.167491087293763,curated row 1918,False
N#Cc1ccc2c(=O)[nH]c(O)c(C=Nc3ccc(CN4CCCCC4)cc3)c2c1,random_training,4.576754126063192,curated row 1956,False
CCN(CC)CCNC(=O)c1cccc(Nc2nccc(-c3cnn4ncccc34)n2)c1,random_training,7.397940008672037,curated row 1959,False
Cc1cc(N2CCCC2=O)c2oc(-c3ccc(O)c(O)c3)c(O)c(=O)c2c1,random_training,5.795880017344075,curated row 1978,False
Cc1ncc(-c2nc(NC(C)C)ncc2F)n1C(C)C,multi_real,,"arm multi_real, seed 42, final generation",False
CCCNc1ncc(F)c(-c2cnc(C)n2C(C)C)n1,multi_real,,"arm multi_real, seed 42, final generation",True
C=C(C)Nc1ncc(F)c(-c2cnc(C)n2C(C)C)n1,multi_real,,"arm multi_real, seed 42, final generation",False
CC(=O)Nc1nc(C)c(F)c(-c2cnc(C)n2C(C)C)n1,multi_real,,"arm multi_real, seed 42, final generation",False
CC(C)C(=O)c1ccc(-c2ccc(S(N)(=O)=O)cc2)cc1,multi_real,,"arm multi_real, seed 42, final generation",False
CCc1nc(NC(C)=O)nc(-c2cnc(C)n2C(C)C)c1F,multi_real,,"arm multi_real, seed 42, final generation",False
CCC(C)Nc1ncc(F)c(-c2cnc(C)n2C(C)C)n1,multi_real,,"arm multi_real, seed 42, final generation",False
Cc1ncc(-c2cc(NC(C)C)ncc2F)n1C(C)C,multi_real,,"arm multi_real, seed 42, final generation",False
CCN(C)CCNc1ncc(F)c(-c2cnc(C)n2C(C)C)n1,multi_real,,"arm multi_real, seed 42, final generation",False
CCN(C)C(=O)NCc1ncc(F)c(-c2cnc(C)n2C(C)C)n1,multi_real,,"arm multi_real, seed 42, final generation",False
CC=C(Nc1ncc(F)c(-c2cnc(C)n2C(C)C)n1)C(C)C,multi_real,,"arm multi_real, seed 42, final generation",False
Cc1ncc(C(=O)Nc2ncc(F)c(C(C)C)n2)n1C(C)C,multi_real,,"arm multi_real, seed 42, final generation",False
CCNc1nc(OC)c(F)c(-c2cnc(C)n2C(C)C)n1,multi_real,,"arm multi_real, seed 42, final generation",False
Cc1ncc(C(=O)NCc2cccc(F)c2)n1C(C)C,multi_real,,"arm multi_real, seed 42, final generation",False
Cc1ncc(-c2nc(NC(C)(C)F)ncc2F)n1C(C)C,multi_real,,"arm multi_real, seed 42, final generation",False
CC(C)CNc1ncc2c(n1)-c1c(c(C(N)=O)nn1C)CC2,multi_real,,"arm multi_real, seed 42, final generation",False
Cc1ncc(-c2nc(N[C@@H](C)CO)ncc2F)n1C(C)C,multi_real,,"arm multi_real, seed 42, final generation",False
CC(C)S(=O)(=O)c1ccc(-c2ccc(CO)cc2)cc1,multi_real,,"arm multi_real, seed 42, final generation",False
Cc1ncc(C(=O)c2ccc(S(N)(=O)=O)cc2)n1C(C)C,multi_real,,"arm multi_real, seed 42, final generation",False
C=C(C(=O)Nc1ncc(F)c(-c2cnc(C)n2C(C)C)n1)C(C)C,multi_real,,"arm multi_real, seed 42, final generation",False
Cc1ncc(-c2nc(NN3C=COCC3)ncc2F)n1C(C)C,multi_real,,"arm multi_real, seed 42, final generation",False
Cc1ncc(-c2cnc(NC(=O)OC(C)C)s2)n1C(C)C,multi_real,,"arm multi_real, seed 42, final generation",False
Cc1ncc(-c2nc(NC(C)(C)O)ncc2F)n1C(C)C,multi_real,,"arm multi_real, seed 42, final generation",False
Cc1ncc(-c2ccnc(Nc3ccc(CO)cc3)n2)n1C(C)C,multi_real,,"arm multi_real, seed 42, final generation",False
CC(C)Cc1ccc(Oc2ccc(S(N)(=O)=O)cc2)cc1,multi_real,,"arm multi_real, seed 43, final generation",False
CC(C)c1ccc(Oc2ccc(S(N)(=O)=O)cc2)cc1,multi_real,,"arm multi_real, seed 43, final generation",False
CC(C)c1ccc(Cc2ccc(S(N)(=O)=O)cc2)cc1,multi_real,,"arm multi_real, seed 43, final generation",False
CC(C)c1ccc(Nc2ccc(S(N)(=O)=O)cc2)cc1,multi_real,,"arm multi_real, seed 43, final generation",False
CC(C)Nc1ccc(-c2ccc(S(N)(=O)=O)cc2)cc1,multi_real,,"arm multi_real, seed 43, final generation",True
CS(=O)(=O)c1ccc(-c2ccc(S(N)(=O)=O)cc2)cc1,multi_real,,"arm multi_real, seed 43, final generation",False
CC(C)NCc1ccc(-c2ccc(S(N)(=O)=O)cc2)cc1,multi_real,,"arm multi_real, seed 43, final generation",False
CC(C)NCc1cccc(-c2ccc(S(N)(=O)=O)cc2)c1,multi_real,,"arm multi_real, seed 43, final generation",False
CC(C)S(=O)(=O)c1ccc(Oc2ccc(S(N)(=O)=O)cc2)cc1,multi_real,,"arm multi_real, seed 43, final generation",False
CC(C)S(=O)(=O)Cc1ccc(-c2ccc(S(N)(=O)=O)cc2)cc1,multi_real,,"arm multi_real, seed 43, final generation",False
CC(C)c1cccc(CC(=O)Cc2ccc(S(N)(=O)=O)cc2)c1,multi_real,,"arm multi_real, seed 43, final generation",False
Cc1cc(-c2ccc(S(N)(=O)=O)cc2)ccc1C(C)(C)C,multi_real,,"arm multi_real, seed 43, final generation",False
CC(C)N1CCN(c2ccc(-c3ccc(S(N)(=O)=O)cc3)cc2)CC1,multi_real,,"arm multi_real, seed 43, final generation",False
NS(=O)(=O)c1ccc(-c2cccc(C(F)(F)F)c2)cc1,multi_real,,"arm multi_real, seed 43, final generation",False
CC(C)c1cccc(CC(=O)Nc2ccc(S(N)(=O)=O)cc2)c1,multi_real,,"arm multi_real, seed 43, final generation",False
CC(C)S(=O)(=O)c1ccc(Cc2ccc(S(N)(=O)=O)cc2)cc1,multi_real,,"arm multi_real, seed 43, final generation",False
CC(C)S(=O)(=O)c1ccc(Nc2ccc(S(N)(=O)=O)cc2)cc1,multi_real,,"arm multi_real, seed 43, final generation",False
CC(C)CS(=O)(=O)c1ccc(-c2ccc(S(N)(=O)=O)cn2)cc1,multi_real,,"arm multi_real, seed 43, final generation",False
CCC(=O)Nc1ccc(-c2ccc(S(N)(=O)=O)cc2)cc1,multi_real,,"arm multi_real, seed 43, final generation",False
CC(C)NCc1ccc(Cc2ccc(S(N)(=O)=O)cc2)cc1,multi_real,,"arm multi_real, seed 43, final generation",True
CCCc1ccc(-c2ccc(S(N)(=O)=O)cc2)cc1F,multi_real,,"arm multi_real, seed 43, final generation",False
Cc1ncc(CCNC(=O)c2c(F)cccc2F)n1C(C)C,multi_real,,"arm multi_real, seed 43, final generation",False
NS(=O)(=O)c1ccc(OCc2c(F)cccc2F)cc1,multi_real,,"arm multi_real, seed 43, final generation",False
Cc1ncc(-c2cccc(NC(=O)C(C)C)c2)n1C(C)C,multi_real,,"arm multi_real, seed 43, final generation",False
CC(=O)NC(=O)Nc1ncc(F)c(-c2cnc(C)n2C(C)C)n1,multi_real,,"arm multi_real, seed 44, final generation",False
CCCNC(=O)Nc1ncc(F)c(-c2cnc(C)n2C(C)C)n1,multi_real,,"arm multi_real, seed 44, final generation",False
Cc1ncc(-c2nc(NC(=O)NCC(C)C)ncc2F)n1C(C)C,multi_real,,"arm multi_real, seed 44, final generation",False
Cc1ncc(-c2nc(CC(=O)NC(C)C)ncc2F)n1C(C)C,multi_real,,"arm multi_real, seed 44, final generation",False
Cc1ncc(-c2ccnc(NC(=O)C(C)C)n2)n1C(C)C,multi_real,,"arm multi_real, seed 44, final generation",False
CCC(=O)NC(=O)c1ncc(F)c(-c2cnc(C)n2C(C)C)n1,multi_real,,"arm multi_real, seed 44, final generation",False
Cc1ncc(-c2ccnc(NC(=O)CC(C)C)n2)n1C(C)C,multi_real,,"arm multi_real, seed 44, final generation",False
CCNC(=O)Nc1cc(-c2cnc(C)n2C(C)C)c(F)cn1,multi_real,,"arm multi_real, seed 44, final generation",False
Cc1ncc(-c2ccc(NC(=O)CC(C)C)cc2)n1C(C)C,multi_real,,"arm multi_real, seed 44, final generation",False
Cc1ncc(Nc2ccc(S(N)(=O)=O)cc2)n1C(C)C,multi_real,,"arm multi_real, seed 44, final generation",False
Cc1ncc(-c2nc(NC(=S)N(C)C)ncc2F)n1C(C)C,multi_real,,"arm multi_real, seed 44, final generation",False
Cc1ncc(-c2nc(NC(=O)C(=O)C(C)C)ncc2F)n1C(C)C,multi_real,,"arm multi_real, seed 44, final generation",False
Cc1ncc(-c2nc(NC(=O)C(C)O)ncc2F)n1C(C)C,multi_real,,"arm multi_real, seed 44, final generation",False
Cc1ncc(Nc2ccc(S(C)(=O)=O)cc2)n1C(C)C,multi_real,,"arm multi_real, seed 44, final generation",False
CC(=O)N1CCC(Nc2ccc(-c3cnc(C)n3C(C)C)cc2F)CC1,multi_real,,"arm multi_real, seed 44, final generation",True
Cc1ncc(-c2nc(C(=O)NC(=O)N(C)C)ncc2F)n1C(C)C,multi_real,,"arm multi_real, seed 44, final generation",False
CC(=O)NC(=O)Nc1ncc(C(C)C)c(-c2cnc(C)n2C(C)C)n1,multi_real,,"arm multi_real, seed 44, final generation",False
CCN(C)C(=S)Nc1ncc(F)c(-c2cnc(C)n2C(C)C)n1,multi_real,,"arm multi_real, seed 44, final generation",False
C=C(c1ccc(C(C)C)cc1)c1ccc(S(N)(=O)=O)cc1,multi_real,,"arm multi_real, seed 45, final generation",False
C=C(c1ccc(-c2ccc(S(N)(=O)=O)cc2)cc1)C(C)C,multi_real,,"arm multi_real, seed 45, final generation",False
Cc1ncc(-c2nc(NC3CC3)ncc2F)n1C(C)C,multi_real,,"arm multi_real, seed 45, final generation",False
CNC(=O)c1ccc(-c2ccc(S(N)(=O)=O)cc2)cc1,multi_real,,"arm multi_real, seed 45, final generation",False
CCC(C)Cc1ccc(-c2ccc(S(N)(=O)=O)cc2)cc1,multi_real,,"arm multi_real, seed 45, final generation",False
CCCc1ccc(Nc2ccc(S(N)(=O)=O)cc2)cc1,multi_real,,"arm multi_real, seed 45, final generation",False
C=C(C)c1ccc(Nc2ccc(S(N)(=O)=O)cc2)cc1,multi_real,,"arm multi_real, seed 45, final generation",False
C=C(c1ccc(S(C)(=O)=O)cc1)c1ccc(S(N)(=O)=O)cc1,multi_real,,"arm multi_real, seed 45, final generation",False
CC(=O)CC(C)c1ccc(-c2ccc(S(N)(=O)=O)cc2)cc1,multi_real,,"arm multi_real, seed 45, final generation",False
NC(=O)Oc1ccc(-c2ccc(S(N)(=O)=O)cc2)cc1,multi_real,,"arm multi_real, seed 45, final generation",False
CC(C)OC(C)c1ccc(-c2ccc(S(N)(=O)=O)cc2)cc1,multi_real,,"arm multi_real, seed 45, final generation",False
CC(=Nc1ccc(S(N)(=O)=O)cc1)c1ccc(C(C)C)cc1,multi_real,,"arm multi_real, seed 45, final generation",False
CCC(CC)Nc1ncc(F)c(-c2cnc(C)n2C(C)C)n1,multi_real,,"arm multi_real, seed 45, final generation",False
C=C(c1ccc(C(=O)NC)cc1)c1ccc(S(N)(=O)=O)cc1,multi_real,,"arm multi_real, seed 45, final generation",False
CC(C)C(=O)c1ccc(Nc2ccc(S(N)(=O)=O)cc2)cc1,multi_real,,"arm multi_real, seed 45, final generation",False
CC(c1ccc(C(N)=O)cc1)c1ccc(S(N)(=O)=O)cc1,multi_real,,"arm multi_real, seed 45, final generation",False
CCCc1ccc(Sc2ccc(S(N)(=O)=O)cc2)cc1,multi_real,,"arm multi_real, seed 45, final generation",False
CC(C)Nc1ncc(F)c(-c2ccc(S(N)(=O)=O)cc2)n1,multi_real,,"arm multi_real, seed 45, final generation",False
CC(C)(C)c1ccc(-c2ccc(S(N)(=O)=O)cc2)nc1,multi_real,,"arm multi_real, seed 46, final generation",False
C=C(C)c1ccc(C(C)c2ccc(S(N)(=O)=O)cc2)cc1,multi_real,,"arm multi_real, seed 46, final generation",False
CNc1ccc(C(C)c2ccc(S(N)(=O)=O)cc2)cc1,multi_real,,"arm multi_real, seed 46, final generation",False
CC(=O)Cc1ccc(-c2ccc(S(N)(=O)=O)cc2)cc1,multi_real,,"arm multi_real, seed 46, final generation",False
CC(C)c1ccc(CNc2ccc(S(N)(=O)=O)cc2)cc1,multi_real,,"arm multi_real, seed 46, final generation",True
CC(C)(C)c1nccc(-c2ccc(S(N)(=O)=O)cc2)n1,multi_real,,"arm multi_real, seed 46, final generation",False
NS(=O)(=O)c1ccc(-c2ccc(CC3CC3)cn2)cc1,multi_real,,"arm multi_real, seed 46, final generation",False
CC(c1ccc(C2CC2)cc1)c1ccc(S(N)(=O)=O)cc1,multi_real,,"arm multi_real, seed 46, final generation",False
CCN(c1ccc(-c2ccc(S(N)(=O)=O)cc2)nc1)C(C)C,multi_real,,"arm multi_real, seed 46, final generation",False
CC(C)c1ncc(F)c(-c2ccc(S(N)(=O)=O)cc2)n1,multi_real,,"arm multi_real, seed 46, final generation",False
NS(=O)(=O)c1ccc(-c2ccnc(N3CCCC3)n2)cc1,multi_real,,"arm multi_real, seed 46, final generation",True
CCCCc1ccc(Oc2ccc(S(N)(=O)=O)cc2)cc1,multi_real,,"arm multi_real, seed 46, final generation",False
NS(=O)(=O)c1ccc(Nc2ccc(C3CC3)cc2)cc1,multi_real,,"arm multi_real, seed 46, final generation",False
CCC(C)c1ccc(C(C)c2ccc(S(N)(=O)=O)cc2)cc1,multi_real,,"arm multi_real, seed 46, final generation",False
CC(C)c1ccc(N2CCN(c3ccc(S(N)(=O)=O)cc3)CC2)cc1,multi_real,,"arm multi_real, seed 46, final generation",False
CC(=O)Nc1cc(-c2ccc(S(N)(=O)=O)cc2)ccn1,multi_real,,"arm multi_real, seed 46, final generation",False
O=C(NN1CC=NCC1)c1ccc(-c2cccc3c2OCCC3)cc1,multi_scrambled,,"arm multi_scrambled, seed 42, final generation",False
CC(C)C(=O)N1CCc2cnc(Nc3ccnn3C)nc2C1,multi_scrambled,,"arm multi_scrambled, seed 42, final generation",False
CN(C)CC(=O)N1CCc2nc(NCc3cccc(Cl)c3)ccc2C1,multi_scrambled,,"arm multi_scrambled, seed 42, final generation",False
CC(C)C(=O)N1CCCc2nc(NCc3ccccc3)ccc2C1,multi_scrambled,,"arm multi_scrambled, seed 42, final generation",False
O=C(C1CCC1)N1CCc2nc(Nc3ccccc3)ccc2C1,multi_scrambled,,"arm multi_scrambled, seed 42, final generation",False
O=C(c1ccccc1)N1CCc2nc(NC3=CCC3)ccc2C1,multi_scrambled,,"arm multi_scrambled, seed 42, final generation",False
CN(C)c1ccc(NC(=O)c2ccccc2)c(C(=O)N2CCC2)c1,multi_scrambled,,"arm multi_scrambled, seed 42, final generation",False
O=C(c1ccccc1)N1CCc2nc(NC3CC3)ccc2C1,multi_scrambled,,"arm multi_scrambled, seed 42, final generation",False
O=C(c1ccccc1)N1CCCc2nc(NN3CC=NCC3)ccc2C1,multi_scrambled,,"arm multi_scrambled, seed 42, final generation",False
CC(C)NC(=O)c1ccc(-c2cccc3c2OCCC3)nc1,multi_scrambled,,"arm multi_scrambled, seed 42, final generation",False
CC(C)NC(=O)c1ccc2c(n1)CCN(C(=O)c1ccccc1)C2,multi_scrambled,,"arm multi_scrambled, seed 42, final generation",False
CC(C)CNc1ccc2c(n1)CCN(C(=O)c1cccc(F)c1)C2,multi_scrambled,,"arm multi_scrambled, seed 42, final generation",False
O=C(O)N1CCc2cnc(NCc3cccc(Cl)c3)nc2C1,multi_scrambled,,"arm multi_scrambled, seed 42, final generation",False
CC(C)NC(=O)c1ccc2c(n1)CCN(C(=O)C1CCC1)C2,multi_scrambled,,"arm multi_scrambled, seed 42, final generation",False
CC(C)CNc1nc2c(cc1Cl)CN(C(=O)CN(C)C)CC2,multi_scrambled,,"arm multi_scrambled, seed 42, final generation",False
c1nc2nc(C3CC3)nc(OCC3CCCCC3)c2[nH]1,multi_scrambled,,"arm multi_scrambled, seed 43, final generation",False
O=C(Nc1cn[nH]c1CC1CCCCC1)c1c(F)cccc1F,multi_scrambled,,"arm multi_scrambled, seed 43, final generation",False
c1nc2nc(C3CCCCC3)nc(OCC3CCCCC3)c2[nH]1,multi_scrambled,,"arm multi_scrambled, seed 43, final generation",False
CC(C)N1CCN(Cc2ccc(N3CCC(O)CC3)cc2)CC1,multi_scrambled,,"arm multi_scrambled, seed 43, final generation",False
CC(O)C(=O)N1CCN(c2ccc(C(=O)N3CCCC3)cc2)CC1,multi_scrambled,,"arm multi_scrambled, seed 43, final generation",False
O=C(Nc1cn[nH]c1C(=O)N1CCCC1)c1c(F)cccc1F,multi_scrambled,,"arm multi_scrambled, seed 43, final generation",False
O=C(c1nc(OC2CCCC2)c2[nH]cnc2n1)N1CCCC1,multi_scrambled,,"arm multi_scrambled, seed 43, final generation",False
CN1CCN(c2ccc(NC(=O)c3ccccc3)cc2)CC1,multi_scrambled,,"arm multi_scrambled, seed 43, final generation",False
CC(C)C(=O)Nc1nc(OCC2CCCC2)c2[nH]cnc2n1,multi_scrambled,,"arm multi_scrambled, seed 43, final generation",False
c1nc2nc(OCC3CCCC3)nc(OC3CCCC3)c2[nH]1,multi_scrambled,,"arm multi_scrambled, seed 43, final generation",False
CC(C)COc1nc(N2CCN(C(C)C)CC2)nc2nc[nH]c12,multi_scrambled,,"arm multi_scrambled, seed 43, final generation",False
c1nc2nc(C3CCOCC3)nc(OCC3CCCCC3)c2[nH]1,multi_scrambled,,"arm multi_scrambled, seed 43, final generation",False
Cc1ccc(-c2ccc(N3CCCC3)cc2C(=O)O)cc1,multi_scrambled,,"arm multi_scrambled, seed 43, final generation",False
Cc1ccc(-c2ccc(C(=O)N3CCN(C(=O)C(C)C)CC3)cc2)cc1,multi_scrambled,,"arm multi_scrambled, seed 43, final generation",False
O=C(c1nc(C2CCCCC2)nc2nc[nH]c12)N1CCCC1,multi_scrambled,,"arm multi_scrambled, seed 43, final generation",False
CC(=O)Nc1ccc(Cc2ccc3c(n2)CCN(C(C)=O)C3)cc1,multi_scrambled,,"arm multi_scrambled, seed 43, final generation",False
CC(O)C(=O)N1CCN(c2ccc(OC3CCCC3)cc2)CC1,multi_scrambled,,"arm multi_scrambled, seed 43, final generation",False
O=C(Nc1cn[nH]c1CC1CCCOCC1)c1c(F)cccc1F,multi_scrambled,,"arm multi_scrambled, seed 43, final generation",False
CC(C)c1nc(N2CCN(C(=O)C3CC3)CC2)c2[nH]cnc2n1,multi_scrambled,,"arm multi_scrambled, seed 43, final generation",False
CC(C)c1ccc(Nc2ccc(N3CCCC3=O)cc2)cc1,multi_scrambled,,"arm multi_scrambled, seed 44, final generation",False
O=C(Nc1ccc(N2CCCCC2=O)cc1)c1ccccc1,multi_scrambled,,"arm multi_scrambled, seed 44, final generation",False
O=C(NCc1ccc(N2CCCC2=O)cc1)c1ccccc1,multi_scrambled,,"arm multi_scrambled, seed 44, final generation",False
CN(C)Cc1ccc(C(=O)Nc2cccc3c2OCCC3)cc1,multi_scrambled,,"arm multi_scrambled, seed 44, final generation",False
COc1ccc(-c2ccc(N3CCCCC3=O)cc2)cc1O,multi_scrambled,,"arm multi_scrambled, seed 44, final generation",False
O=C(Cc1ccccc1)NC(=O)c1cccc2c1CCCC2,multi_scrambled,,"arm multi_scrambled, seed 44, final generation",False
CN(C)CCN(C)c1ccc(N2CCCCC2=O)cc1O,multi_scrambled,,"arm multi_scrambled, seed 44, final generation",False
CN(C)c1ccc(Nc2ccc(N3CCCC3=O)cc2)cc1,multi_scrambled,,"arm multi_scrambled, seed 44, final generation",False
COc1ccc(NC(=O)c2ccc(N3CCCC3=O)cc2)cc1,multi_scrambled,,"arm multi_scrambled, seed 44, final generation",False
CCN1CC=C(NC(=O)c2ccc(N3CCCC3=O)cc2)CC1,multi_scrambled,,"arm multi_scrambled, seed 44, final generation",False
O=C(Cc1ccccc1)NCc1ccc(N2CC=CC2=O)cc1,multi_scrambled,,"arm multi_scrambled, seed 44, final generation",False
CCN1CC=C(NC(=O)c2cccc3c2OCCC3)CC1,multi_scrambled,,"arm multi_scrambled, seed 44, final generation",False
O=C(NCc1ccccc1)NC(=O)c1ccc(N2CCCCC2=O)cc1,multi_scrambled,,"arm multi_scrambled, seed 44, final generation",False
O=C1C=CCN1c1ccc(NCc2ccccc2)cc1,multi_scrambled,,"arm multi_scrambled, seed 44, final generation",False
O=C(NC1=CCN(C(=O)c2ccccc2)CC1)c1ccc(N2CCCC2=O)cc1,multi_scrambled,,"arm multi_scrambled, seed 44, final generation",False
O=C1CCCN1c1ccc(Nc2cccc3c2OCCCC3)cc1,multi_scrambled,,"arm multi_scrambled, seed 44, final generation",False
O=C(Cc1ccccc1)NC(=O)c1cccc2c1OCCC2,multi_scrambled,,"arm multi_scrambled, seed 44, final generation",False
O=C(NCc1cccc2c1OCCC2)c1ccc(N2CCCCC2=O)cc1,multi_scrambled,,"arm multi_scrambled, seed 44, final generation",False
O=C(NCc1cccc2c1OCCC2)Nc1ccc(N2CCCC2=O)cc1,multi_scrambled,,"arm multi_scrambled, seed 44, final generation",False
CC(=O)N1CC=C(NC(=O)c2ccc(N3CCCCC3=O)cc2)CC1,multi_scrambled,,"arm multi_scrambled, seed 44, final generation",False
CN(c1ccc(Nc2cccc3c2OCCC3)cc1)N1CC=CC1=O,multi_scrambled,,"arm multi_scrambled, seed 44, final generation",False
CC(=O)N1CC=C(Nc2cccc3c2OCCCC3)CC1,multi_scrambled,,"arm multi_scrambled, seed 44, final generation",False
Cc1cccc(C(=O)NC(=O)c2ccc(C(C)C)cc2)c1,multi_scrambled,,"arm multi_scrambled, seed 44, final generation",False
O=C(c1ccccc1)N1CC=C(c2ccc(N3CCCCC3=O)cc2)CC1,multi_scrambled,,"arm multi_scrambled, seed 44, final generation",False
CN(CCN(C)c1ccccc1Cl)C(=O)Nc1cccnc1,multi_scrambled,,"arm multi_scrambled, seed 45, final generation",False
CN(CCN(C)C(=O)[C@H]1CC[C@H](N)CC1)c1ccccc1Cl,multi_scrambled,,"arm multi_scrambled, seed 45, final generation",False
O=C(c1ccccc1)N1CCN(Nc2ccccc2Cl)CC1,multi_scrambled,,"arm multi_scrambled, seed 45, final generation",False
O=C(NN1CCN(C(=O)c2ccccc2)CC1)c1ccccc1,multi_scrambled,,"arm multi_scrambled, seed 45, final generation",False
CNc1ccc(N2CCN(C(=O)c3ccccc3)CC2)c(C)c1,multi_scrambled,,"arm multi_scrambled, seed 45, final generation",False
NC(=O)Nc1ccc(C(=O)N2CCN(c3ccccc3)CC2)cc1,multi_scrambled,,"arm multi_scrambled, seed 45, final generation",False
Cc1ccc(C(=O)N2CCN(NCc3ccccc3)CC2)cn1,multi_scrambled,,"arm multi_scrambled, seed 45, final generation",False
NC(=O)c1ccccc1N1CCN(c2ccccc2Cl)CC1,multi_scrambled,,"arm multi_scrambled, seed 45, final generation",False
CN(CCN(C)c1ccccc1Cl)C(=O)Oc1ccccc1C(N)=O,multi_scrambled,,"arm multi_scrambled, seed 45, final generation",False
NC(=O)c1ccc(N2CCN(c3ccccc3)CC2)cc1,multi_scrambled,,"arm multi_scrambled, seed 45, final generation",False
CNc1ccc(N2CCCN(C(=O)c3ccc(C)nc3)CC2)cc1,multi_scrambled,,"arm multi_scrambled, seed 45, final generation",False
NC(=O)c1ccccc1CN1CCN(C(=O)c2ccccc2)CC1,multi_scrambled,,"arm multi_scrambled, seed 45, final generation",False
NC(=O)N1CCN(C(=O)Oc2ccc(Oc3ccccc3)cc2)CC1,multi_scrambled,,"arm multi_scrambled, seed 45, final generation",False
NC(=O)c1ccc(CCN2CCN(C(=O)c3ccccc3)CC2)cc1,multi_scrambled,,"arm multi_scrambled, seed 45, final generation",False
CN(CCN(C)c1ccccc1Cl)NC(=O)c1ccccc1,multi_scrambled,,"arm multi_scrambled, seed 45, final generation",False
CN(CCNc1ccccc1C(N)=O)c1ccccc1Cl,multi_scrambled,,"arm multi_scrambled, seed 45, final generation",False
O=C(Nc1ccccc1Cl)N1CCN(C(=O)c2cccnc2)CC1,multi_scrambled,,"arm multi_scrambled, seed 45, final generation",False
Cc1ccc(C(=O)N2CCN(Cc3ccc(C(N)=O)cc3)CC2)cn1,multi_scrambled,,"arm multi_scrambled, seed 45, final generation",False
NC(=O)c1ccc(OC(=O)N2CCN(c3ccccc3)CC2)cc1,multi_scrambled,,"arm multi_scrambled, seed 45, final generation",False
O=C(c1ccccc1)N1CCN(C(O)c2ccccc2)CC1,multi_scrambled,,"arm multi_scrambled, seed 45, final generation",False
CN(C(=O)c1ccc(C(N)=O)cc1)c1ccccc1Cl,multi_scrambled,,"arm multi_scrambled, seed 45, final generation",False
O=C(O)N1CCN(C(=O)c2ccc(Oc3ccccc3)cc2)CC1,multi_scrambled,,"arm multi_scrambled, seed 46, final generation",False
O=C(O)c1ccc(CN2CC=C(c3ccccc3)CC2)cc1,multi_scrambled,,"arm multi_scrambled, seed 46, final generation",False
O=C(O)N1CCN(C(=O)c2ccc(CCc3ccccc3)cc2)CC1,multi_scrambled,,"arm multi_scrambled, seed 46, final generation",False
CC(C)c1ccc(C(=O)NC(=O)Cc2ccccc2)cc1,multi_scrambled,,"arm multi_scrambled, seed 46, final generation",False
CC(C)C(=O)N1CCN(C(=O)c2ccc(C(C)C)cc2)CC1,multi_scrambled,,"arm multi_scrambled, seed 46, final generation",False
CC(=O)Nc1ccc(N(C)CCN(C)C(=O)OC(C)(C)C)nn1,multi_scrambled,,"arm multi_scrambled, seed 46, final generation",False
COc1cc(C(C)C)ccc1NC(=O)c1ccccc1,multi_scrambled,,"arm multi_scrambled, seed 46, final generation",False
O=C(c1ccccc1)N1CCCN(c2ccccc2)CC1,multi_scrambled,,"arm multi_scrambled, seed 46, final generation",False
O=C(O)C1CCC(N2CC=C(c3ccccc3)CC2)CC1,multi_scrambled,,"arm multi_scrambled, seed 46, final generation",False
CN(CCc1ccc(N2CC=C(C(N)=O)CC2)cc1)C(=O)OC(C)(C)C,multi_scrambled,,"arm multi_scrambled, seed 46, final generation",False
C=C(NC(=O)Cc1ccccc1)c1ccc(C(C)(C)C)cc1,multi_scrambled,,"arm multi_scrambled, seed 46, final generation",False
NC(=O)C1CCC(N2CC=C(c3ccccc3)CC2)CC1,multi_scrambled,,"arm multi_scrambled, seed 46, final generation",False
CC(C)(C)c1ccc(NC(=O)Cc2ccccn2)cc1,multi_scrambled,,"arm multi_scrambled, seed 46, final generation",False
CC(=O)NC1CCC(N2CC=C(c3ccccc3)CC2)CC1,multi_scrambled,,"arm multi_scrambled, seed 46, final generation",False
CC(C)N1CCN(C(=O)c2ccc(OC(C)(C)C)cc2)CC1,multi_scrambled,,"arm multi_scrambled, seed 46, final generation",False
O=C(CCc1ccccc1)NC(=O)N1CC=C(c2ccccc2)CC1,multi_scrambled,,"arm multi_scrambled, seed 46, final generation",False
CC(C)c1cnc(NN2CCN(C(=O)c3ccccc3)CC2)s1,multi_scrambled,,"arm multi_scrambled, seed 46, final generation",False
CC(C)c1ccc(C(=O)N2CCN(C(=O)NC(=O)Cc3ccccc3)CC2)cc1,multi_scrambled,,"arm multi_scrambled, seed 46, final generation",False
CC(C)NC(=O)N(C)CCN(C)c1ccc(C(C)C)cc1,multi_scrambled,,"arm multi_scrambled, seed 46, final generation",False
CC(C)c1cnc(NC(=O)NC(=O)Cc2ccccc2)s1,multi_scrambled,,"arm multi_scrambled, seed 46, final generation",False
CC(C)c1cnc(CN2CNc3ccccc3C2=O)s1,multi_scrambled,,"arm multi_scrambled, seed 46, final generation",False
CC(=CC(=O)SN[C@@H]1CCN(C(=O)c2ccc(Nc3ncc(F)c(-c4cnc(C)n4C(C)C)n3)cc2)C1)CO,activity_only,,"arm activity_only, seed 42, final generation",False
C=C(C)C(=O)C(=O)c1ccc(C(=O)c2ccc(Nc3ncc(F)c(-c4cnc(C)n4C(C)C)n3)cc2)cn1,activity_only,,"arm activity_only, seed 42, final generation",False
CC(=C[C@@H](C)CN[C@@H]1CCN(C(=O)c2ccc(Nc3ncc(F)c(-c4cnc(C)n4C(C)C)n3)cc2)C1)CS,activity_only,,"arm activity_only, seed 42, final generation",False
C=C(C)[C@H](CCSC(=O)c1ccc(Nc2ncc(F)c(-c3cnc(C)n3C(C)C)n2)cc1)CNC(C)C,activity_only,,"arm activity_only, seed 42, final generation",False
C=C(C)[C@@H](CBr)CCSC(=O)c1ccc(Nc2ncc(F)c(-c3cnc(C)n3C(C)C)n2)cc1,activity_only,,"arm activity_only, seed 42, final generation",False
C=C(C)N[C@@H]1CCN(C(=O)c2ccc(Nc3ncc(F)c(-c4cnc(C)n4C(C)C)n3)cc2)C1,activity_only,,"arm activity_only, seed 42, final generation",False
CC(C)=Cc1ccc(Nc2ccc(Nc3ncc(F)c(-c4cnc(C)n4C(C)C)n3)cc2)cc1F,activity_only,,"arm activity_only, seed 42, final generation",False
CC(=Cc1ccc(Nc2ncc(F)c(-c3cnc(C)n3C(C)C)n2)cc1F)CS,activity_only,,"arm activity_only, seed 42, final generation",False
C=C(C)n1c(C(=O)c2ccc(Nc3ncc(F)c(-c4cnc(C)n4C(C)C)n3)cc2)cnc1NC,activity_only,,"arm activity_only, seed 42, final generation",False
C=C(C)C(=O)c1ccc(Cc2ccc(Nc3ncc(F)c(-c4cnc(C)n4C(C)C)n3)cc2)cc1,activity_only,,"arm activity_only, seed 42, final generation",False
CC(C)=CC[C@@H]1CCN(C(=O)c2ccc(Nc3ncc(F)c(-c4cnc(C)n4C(C)C)n3)cc2)C1,activity_only,,"arm activity_only, seed 42, final generation",False
C=C(C)SC(=O)C(=O)c1ccc(Nc2ncc(F)c(-c3cnc(C)n3C(C)C)n2)cc1,activity_only,,"arm activity_only, seed 42, final generation",False
C=C(C)SC(=O)c1ccc(Nc2ncc(F)c(-c3cnc(C)n3C(C)C)n2)cc1,activity_only,,"arm activity_only, seed 42, final generation",False
C=C(C)CNC(=O)C(=O)c1ccc(Nc2ccc(Nc3ncc(F)c(-c4cnc(C)n4C(C)C)n3)cc2)cc1,activity_only,,"arm activity_only, seed 42, final generation",False
CC(C)=CSC(=O)C(=O)c1ccc(Nc2ncc(F)c(-c3cnc(C)n3C(C)C)n2)cc1,activity_only,,"arm activity_only, seed 42, final generation",False
CC(N)=CCC(=O)c1ccc(Nc2ncc(F)c(-c3cnc(C)n3C(C)C)n2)cc1,activity_only,,"arm activity_only, seed 42, final generation",False
C=C(C)n1c(SC(=O)c2ccc(Nc3ncc(F)c(-c4cnc(C)n4C(C)C)n3)cc2)cnc1NC,activity_only,,"arm activity_only, seed 42, final generation",False
C=C(C)c1ccc(C(=O)c2ccc(Nc3ncc(F)c(-c4cnc(C)n4C(C)C)n3)cc2)cc1,activity_only,,"arm activity_only, seed 42, final generation",False
CC(O)=CC(=O)c1ccc(Nc2ccc(Nc3ncc(F)c(-c4cnc(C)n4C(C)C)n3)cc2)cc1,activity_only,,"arm activity_only, seed 42, final generation",False
C=C(C)SC(=O)C(O)CSC(=O)c1ccc(Nc2ncc(F)c(-c3cnc(C)n3C(C)C)n2)cc1,activity_only,,"arm activity_only, seed 42, final generation",False
CC(C)=CNc1ccc(CC(=O)c2ccc(Nc3ncc(F)c(-c4cnc(C)n4C(C)C)n3)cc2)cc1,activity_only,,"arm activity_only, seed 42, final generation",False
C=C(C)SC(=O)CS[C@@H]1CCN(C(=O)c2ccc(Nc3ncc(F)c(-c4cnc(C)n4C(C)C)n3)cc2)C1,activity_only,,"arm activity_only, seed 42, final generation",False
CC(=C[C@@H](C)CNCC(=O)c1ccc(Nc2ncc(F)c(-c3cnc(C)n3C(C)C)n2)cc1)CS,activity_only,,"arm activity_only, seed 42, final generation",False
CC(=C[C@@H](C)CCNC(=O)c1ccc(Nc2ncc(F)c(-c3cnc(C)n3C(C)C)n2)cc1)CS,activity_only,,"arm activity_only, seed 42, final generation",False
CC(C)=Cc1ccc(-c2ccc(Nc3ncc(F)c(-c4cnc(C)n4C(C)C)n3)cc2)cc1F,activity_only,,"arm activity_only, seed 42, final generation",False
C=C(C)CN[C@@H](C)CCNC(=O)c1ccc(Nc2ncc(F)c(-c3cnc(C)n3C(C)C)n2)cc1,activity_only,,"arm activity_only, seed 42, final generation",False
NC(=O)c1nn(CCC(=O)O)c2c1CCc1cnc(Nc3ccccc3)nc1-2,activity_only,,"arm activity_only, seed 43, final generation",False
Cc1ncc(-c2ccnc(Nc3ccc(Cc4ccc(C(N)=O)cc4)cc3)n2)n1C(C)C,activity_only,,"arm activity_only, seed 43, final generation",False
Cc1ncc(-c2ccnc(Nc3nc(-c4ccnc(Nc5ccc(C(N)=O)cc5)n4)ncc3S)n2)n1C(C)C,activity_only,,"arm activity_only, seed 43, final generation",True
Cc1ncc(-c2ccnc(Nc3ccc(C(N)=O)cc3)n2)n1-c1nccc(-c2cnc(C)n2C(C)C)n1,activity_only,,"arm activity_only, seed 43, final generation",False
Cc1ncc(-c2ccnc(-c3ccnc(Nc4ccc(C(N)=O)cc4)n3)n2)n1C(C)C,activity_only,,"arm activity_only, seed 43, final generation",False
Cc1ncc(-c2ccnc(Nc3ccc(-c4ccc(Nc5ccc(C(N)=O)cc5)cc4)cc3)n2)n1C(C)C,activity_only,,"arm activity_only, seed 43, final generation",False
CC(=CC(=CN)c1ccc(Nc2nccc(-c3cnc(C)n3C(C)C)n2)cc1)C(=O)SN,activity_only,,"arm activity_only, seed 43, final generation",False
Cc1ncc(-c2ccnc(Nc3ccc(Cc4ccc(C(=O)C(C)C)cc4)cc3)n2)n1C(C)C,activity_only,,"arm activity_only, seed 43, final generation",False
CC(=NCN)c1ccc(Cc2ccc(Nc3nccc(-c4cnc(C)n4C(C)C)n3)cc2)cc1,activity_only,,"arm activity_only, seed 43, final generation",False
CC(=Cc1cccc2[nH]c(O)c(N=Nc3ccc(S(N)(=O)=O)cc3)c12)CN,activity_only,,"arm activity_only, seed 43, final generation",False
Cc1ncc(-c2ccnc(Nc3ccc(C(=O)CN)cc3)n2)n1C(C)C,activity_only,,"arm activity_only, seed 43, final generation",False
CC(=NCN)c1ccc(Nc2nccc(-c3cnc(C)n3C(C)C)n2)cc1,activity_only,,"arm activity_only, seed 43, final generation",False
Cc1ncc(-c2ccnc(Nc3ccc(C(=O)C(N)=O)cc3)n2)n1C(C)C,activity_only,,"arm activity_only, seed 43, final generation",False
CSC(C)=Cc1cccc2[nH]c(O)c(N=Nc3ccc(-c4ccc(S(N)(=O)=O)cc4)cc3)c12,activity_only,,"arm activity_only, seed 43, final generation",False
CCc1cnn2c(NCc3ccc[n+]([O-])c3)cc(N3CCCC[C@H]3CCc3ccc[n+]([O-])c3)nc12,activity_only,,"arm activity_only, seed 44, final generation",False
CCC[C@H]1CCCCN1c1cc(NCc2ccc[n+]([O-])c2)n2ncc(CC)c2n1,activity_only,,"arm activity_only, seed 44, final generation",False
CC(=O)CC(=C(N)O)c1ccc(Nc2ncc(F)c(-c3cnc(C)n3C(C)C)n2)cc1,activity_only,,"arm activity_only, seed 44, final generation",False
CC(=O)N[SH](O)(SO)c1ccc(Nc2ncc(F)c(-c3ncc(F)c(-c4cnc(C)n4C(C)C)n3)n2)cc1N,activity_only,,"arm activity_only, seed 44, final generation",False
C=C(C)c1ccc(Nc2ncc(C(C)C)c(-c3ncc(F)c(-c4cnc(C)n4C(C)C)n3)n2)cc1,activity_only,,"arm activity_only, seed 44, final generation",False
CCCC(O)CCOC(C(=O)NC(C)=O)c1ccc(Nc2ncc(F)c(-c3cnc(C)n3C(C)C)n2)cc1,activity_only,,"arm activity_only, seed 44, final generation",False
CCc1cnn2c(NCc3ccc[n+]([O-])c3)cc(N3CCCC[C@H]3CC(N)=O)nc12,activity_only,,"arm activity_only, seed 44, final generation",False
Cc1ncc(-c2nc(-c3nc(Nc4ccc([SH](O)(SO)C(N)=O)c(N)c4)ncc3F)ncc2F)n1C(C)C,activity_only,,"arm activity_only, seed 44, final generation",False
Cc1ncc(-c2nc(Nc3ccc(C(NC(C)C)C(=O)C(=O)C(C)C)cc3)ncc2F)n1C(C)C,activity_only,,"arm activity_only, seed 44, final generation",True
CCNC(=O)c1ccc(Nc2ncc(F)c(-c3cnc(C)n3C(C)C)n2)cc1SC,activity_only,,"arm activity_only, seed 44, final generation",False
Cc1ncc(-c2nc(Nc3ccc(NC#N)cc3)ncc2F)n1-c1ncc(F)c(-c2cnc(C)n2C(C)C)n1,activity_only,,"arm activity_only, seed 44, final generation",False
Cc1ncc(-c2nc(Nc3ccc(C(=O)C(C)C)c(O)c3)ncc2F)n1C(C)C,activity_only,,"arm activity_only, seed 44, final generation",False
CCC1=S(Br)C=NC(Nc2ccc(Nc3ncc(F)c(-c4cnc(C)n4C(C)C)n3)cc2)=N1,activity_only,,"arm activity_only, seed 44, final generation",False
CCC(C(=O)C(=O)c1cnc(C)n1C(C)C)c1ccc(Nc2ncc(F)c(-c3cnc(C)n3C(C)C)n2)cc1,activity_only,,"arm activity_only, seed 44, final generation",True
Cc1ncc(-c2nc(Nc3ccc(C(CC[CH]C(C)C)C(O)C(=O)NON)cc3)ncc2F)n1C(C)C,activity_only,,"arm activity_only, seed 44, final generation",False
Cc1ncc(-c2nc(Nc3ccc([SH](=O)CO)cc3)ncc2F)n1C(C)C,activity_only,,"arm activity_only, seed 44, final generation",False
CC(=CC=CCNC(=O)c1ccc(Nc2ncc(F)c(-c3cnc(C)n3C(C)C)n2)cc1F)NSF,activity_only,,"arm activity_only, seed 45, final generation",False
C=C(C)c1ccc(NNC(=O)c2ccc(Nc3ncc(F)c(-c4cnc(C)n4C(C)C)n3)cc2F)cc1F,activity_only,,"arm activity_only, seed 45, final generation",False
C=C(C)NCNC(=O)c1ccc(Nc2ncc(F)c(-c3cnc(C)n3C(C)C)n2)cc1F,activity_only,,"arm activity_only, seed 45, final generation",False
C=C(C)NC(=O)C(=O)c1ccc(Nc2ncc(F)c(-c3cnc(C)n3C(C)C)n2)cc1F,activity_only,,"arm activity_only, seed 45, final generation",False
CC(=O)C(F)(F)CNC(=O)c1ccc(Nc2ncc(F)c(-c3cnc(C)n3C(C)C)n2)cc1F,activity_only,,"arm activity_only, seed 45, final generation",False
CNc1ncc(CCNC(=O)c2ccc(Nc3ncc(F)c(-c4cnc(C)n4C(C)C)n3)cc2F)n1[C@@H](C)O,activity_only,,"arm activity_only, seed 45, final generation",False
CC(=O)c1ccc(Nc2ncc(F)c(-c3cnc(C)n3C(C)C)n2)cc1F,activity_only,,"arm activity_only, seed 45, final generation",False
CC(=CC(=O)c1ccc(Nc2ncc(F)c(-c3cnc(C)n3C(C)C)n2)cc1F)NSF,activity_only,,"arm activity_only, seed 45, final generation",False
Cc1ncc(-c2nc(Nc3ccc(C(=O)Nc4c(Br)nc(C)n4C(C)C)c(F)c3)ncc2F)n1C(C)C,activity_only,,"arm activity_only, seed 45, final generation",False
Cc1ncc(-c2nc(Nc3ccc(C(=O)Nc4ccc(C(=O)S)c(F)c4)c(F)c3)ncc2F)n1C(C)C,activity_only,,"arm activity_only, seed 45, final generation",False
CC(=CNC=CC(=O)c1ccc(Nc2ncc(F)c(-c3cnc(C)n3C(C)C)n2)cc1F)NSF,activity_only,,"arm activity_only, seed 45, final generation",False
Cc1ncc(-c2nc(Nc3ccc(C(=O)NSF)c(F)c3)ncc2F)n1C(C)C,activity_only,,"arm activity_only, seed 45, final generation",False
CC(=CC(=O)c1ccc(Nc2ncc(F)c(-c3cnc(C)n3C(C)C)n2)cc1F)NC(C)C,activity_only,,"arm activity_only, seed 45, final generation",False
CC(=O)C(=O)c1ccc(Nc2ncc(F)c(-c3cnc(C)n3C(C)C)n2)cc1,activity_only,,"arm activity_only, seed 45, final generation",False
CC(=CNC(=O)C(=O)c1ccc(Nc2ncc(F)c(-c3cnc(C)n3C(C)C)n2)cc1F)NS,activity_only,,"arm activity_only, seed 45, final generation",False
CCNC(=O)c1ccc(Nc2ncc(F)c(-c3ncc(F)c(-c4cnc(C)n4C(C)C)n3)n2)cc1F,activity_only,,"arm activity_only, seed 45, final generation",False
CC(=CC(=O)c1ccc(Nc2ncc(F)c(-c3cnc(C)n3C(C)C)n2)cc1)C(C)C,activity_only,,"arm activity_only, seed 45, final generation",True
C=C(C)n1c(CC(=O)c2ccc(Nc3ncc(F)c(-c4cnc(C)n4C(C)C)n3)cc2F)cnc1C,activity_only,,"arm activity_only, seed 45, final generation",False
CCC(C)=CNC(=O)C(=O)c1ccc(Nc2ncc(F)c(-c3cnc(C)n3C(C)C)n2)cc1F,activity_only,,"arm activity_only, seed 45, final generation",False
C=C(C)c1ccc(NNc2ccc(Nc3ncc(F)c(-c4cnc(C)n4C(C)C)n3)cc2)cc1F,activity_only,,"arm activity_only, seed 45, final generation",False
Cc1ncc(-c2nc(Nc3ccc(C(=O)NCNCC[C@H](C)N(C)C)c(F)c3)ncc2F)n1C(C)C,activity_only,,"arm activity_only, seed 45, final generation",False
C=CCCNCNC(=O)c1ccc(Nc2ncc(F)c(-c3cnc(C)n3C(C)C)n2)cc1F,activity_only,,"arm activity_only, seed 45, final generation",False
Cc1ncc(-c2nc(Nc3ccc(C(=O)NC(=O)C(=O)C(C)C)c(F)c3)ncc2F)n1C(C)C,activity_only,,"arm activity_only, seed 45, final generation",False
Cc1ncc(-c2nc(Nc3nc(Nc4ccc(C(=O)NSF)c(F)c4)ncc3F)ncc2F)n1C(C)C,activity_only,,"arm activity_only, seed 45, final generation",False
C=C(C)[C@@H](C)[C@@H](C)[SH](C)C(=O)C(=O)c1ccc(Nc2ncc(F)c(-c3cnc(C)n3C(C)C)n2)cc1F,activity_only,,"arm activity_only, seed 45, final generation",False
C=NC(F)NC(=O)c1ccc(Nc2ncc(F)c(-c3cnc(C)n3C(C)C)n2)cc1F,activity_only,,"arm activity_only, seed 45, final generation",False
C=C(C)NCSN(C)C(=O)c1ccc(Nc2ncc(F)c(-c3cnc(C)n3C(C)C)n2)cc1F,activity_only,,"arm activity_only, seed 46, final generation",False
CCC(=O)c1ccc(C(C)=Cc2ccc(Nc3ncc(F)c(-c4cnc(C)n4C(C)C)n3)cc2F)cc1,activity_only,,"arm activity_only, seed 46, final generation",False
CC(=Cc1ccc(Nc2ncc(F)c(-c3cnc(C)n3C(C)C)n2)cc1F)C(=O)C(O)=C=O,activity_only,,"arm activity_only, seed 46, final generation",False
C=C(C)NCC(=O)c1ccc(Nc2ncc(F)c(-c3ncc(F)c(-c4cnc(C)n4C(C)C)n3)n2)cc1F,activity_only,,"arm activity_only, seed 46, final generation",False
C=C(C)[CH]C(=O)c1ccc(C(=O)c2ccc(Nc3ncc(F)c(-c4cnc(C)n4C(C)C)n3)cc2F)cc1,activity_only,,"arm activity_only, seed 46, final generation",False
C=C(C)C(=O)c1ccc(Nc2ncc(F)c(-c3cnc(C)n3C(C)C)n2)cc1F,activity_only,,"arm activity_only, seed 46, final generation",False
C=C(C)N(C)C(=O)c1ccc(Nc2ncc(F)c(-c3cnc(C)n3C(C)C)n2)cc1F,activity_only,,"arm activity_only, seed 46, final generation",False
CC(C)=CN(C)N(C)C(=O)C(=O)c1ccc(Nc2ncc(F)c(-c3cnc(C)n3C(C)C)n2)cc1F,activity_only,,"arm activity_only, seed 46, final generation",False
CC(=CC(C)C)N(C)C(=O)c1ccc(Nc2ncc(F)c(-c3cnc(C)n3C(C)C)n2)cc1F,activity_only,,"arm activity_only, seed 46, final generation",False
CSCNC(=S)c1ccc(NC(=O)c2ccc(Nc3ncc(F)c(-c4cnc(C)n4C(C)C)n3)cc2F)cc1,activity_only,,"arm activity_only, seed 46, final generation",True
Cc1ncc(-c2nc(Nc3ccc(C(=O)Nc4ccc(C(=O)C(C)C)c(F)c4)c(F)c3)ncc2F)n1C(C)C,activity_only,,"arm activity_only, seed 46, final generation",False
Cc1ncc(-c2nc(-c3nc(Nc4ccc(C(=O)NCC(C)C)c(F)c4)ncc3F)ncc2F)n1C(C)C,activity_only,,"arm activity_only, seed 46, final generation",False
CC(=CSC(=O)c1ccc(Nc2ncc(F)c(-c3cnc(C)n3C(C)C)n2)cc1F)SC(C)C,activity_only,,"arm activity_only, seed 46, final generation",False
C=C(C)CNC(=S)N(C)C(=O)N(C)C(=O)c1ccc(Nc2ncc(F)c(-c3cnc(C)n3C(C)C)n2)cc1,activity_only,,"arm activity_only, seed 46, final generation",False
CC(=CC(=N)c1ccc(Nc2ncc(F)c(-c3cnc(C)n3C(C)C)n2)cc1)C(=O)c1cnc(C)n1C(C)C,activity_only,,"arm activity_only, seed 46, final generation",False
CNC(=O)c1ccc(Nc2ncc(F)c(-c3cnc(C)n3C(C)C)n2)cc1F,activity_only,,"arm activity_only, seed 46, final generation",True
Cc1ncc(-c2nc(Nc3ccc(C=CCc4ccc(C(=O)C(C)C)cc4)c(F)c3)ncc2F)n1C(C)C,activity_only,,"arm activity_only, seed 46, final generation",False
CN[SH](C)(CO)C(=O)c1ccc(Nc2ncc(F)c(-c3cnc(C)n3C(C)C)n2)cc1F,activity_only,,"arm activity_only, seed 46, final generation",False
CC(=O)Nc1ccc(-c2ccc(N3CCOCC3)cc2)cc1,druglike_only,,"arm druglike_only, seed 42, final generation",False
CC(=O)Nc1ccc(-c2ccc(N3CCN(C)CC3)cc2)cc1,druglike_only,,"arm druglike_only, seed 42, final generation",False
CC(=O)Nc1ccc(-c2ccc(N3CCCC3)cc2)cc1,druglike_only,,"arm druglike_only, seed 42, final generation",False
NCc1ccc(-c2ccc(CN3CCOCC3)cc2)cc1,druglike_only,,"arm druglike_only, seed 42, final generation",False
CC(=O)Nc1ccc(Cc2ccc(N3CCCC3)cc2)cc1,druglike_only,,"arm druglike_only, seed 42, final generation",False
O=C(Nc1ccccn1)c1ccc(N2CCCC2)cc1,druglike_only,,"arm druglike_only, seed 42, final generation",False
CN1CCN(c2ccc(Nc3ccccc3)cc2)CC1,druglike_only,,"arm druglike_only, seed 42, final generation",False
CCC(=O)Nc1ccc(-c2ccc(N3CCN(C)CC3)cc2)cc1,druglike_only,,"arm druglike_only, seed 42, final generation",False
CC(=O)Nc1ccc(-c2ccc(CN3CCOCC3)cc2)cc1C,druglike_only,,"arm druglike_only, seed 42, final generation",False
OCc1ccc(-c2ccc(N3CCOCC3)cc2Cl)cc1,druglike_only,,"arm druglike_only, seed 42, final generation",False
CCN(C(C)=O)c1ccc(-c2ccc(NC(C)=O)cc2)cc1,druglike_only,,"arm druglike_only, seed 42, final generation",False
COc1ccc(N2CCN(c3ccccc3)CCNC2)cc1,druglike_only,,"arm druglike_only, seed 42, final generation",False
CCC(=O)Nc1ccc(-c2ccc(NC(C)=O)cc2)cc1,druglike_only,,"arm druglike_only, seed 42, final generation",False
CC(=O)Nc1ccc(Cc2ccc(N3CCOCC3)cc2)cc1C,druglike_only,,"arm druglike_only, seed 42, final generation",False
CC(=O)Nc1ccc(-c2ccc(CN3CCOCC3)o2)cc1,druglike_only,,"arm druglike_only, seed 42, final generation",False
CC(=O)Nc1ccc(NC(=O)c2ccc(C(C)C)cc2)cc1,druglike_only,,"arm druglike_only, seed 42, final generation",False
CC(=O)Nc1ncc(-c2ccc(N3CCCC3)cc2)cc1C,druglike_only,,"arm druglike_only, seed 42, final generation",False
COc1cc(N2CCCC2)ccc1Nc1ccccc1,druglike_only,,"arm druglike_only, seed 42, final generation",False
O=C(Nc1ccccc1)c1ccc(C(=O)N2CCCCC2)cc1,druglike_only,,"arm druglike_only, seed 43, final generation",False
NC(=O)c1ccc(-c2ccc(CN3CCCCC3)cc2)cc1,druglike_only,,"arm druglike_only, seed 43, final generation",False
NC(=O)c1ccc(-c2ccc(N3CCCCC3)cc2)cc1,druglike_only,,"arm druglike_only, seed 43, final generation",False
O=C(Nc1ccccc1)c1ccc(CN2CCCCC2)nc1,druglike_only,,"arm druglike_only, seed 43, final generation",False
O=C(Nc1ccccc1)c1ccc(CN2CCCCCC2)cc1,druglike_only,,"arm druglike_only, seed 43, final generation",False
O=C1CCN(C(=O)c2ccc(CNc3ccccc3)cc2)CC1,druglike_only,,"arm druglike_only, seed 43, final generation",False
COc1cc(N2CCN(C)CC2)ccc1Nc1ccccc1,druglike_only,,"arm druglike_only, seed 43, final generation",False
O=C(Nc1ccccc1)c1ccc(C(=O)NC2CCCC2)cc1,druglike_only,,"arm druglike_only, seed 43, final generation",False
NC(=O)c1ccc(-c2ccc(N3CCC(=O)CC3)cc2)cc1,druglike_only,,"arm druglike_only, seed 43, final generation",False
COc1ccc(Cc2cccc(N3CCC(O)CC3)c2)cc1,druglike_only,,"arm druglike_only, seed 43, final generation",False
O=C(NC1CCCC1)c1ccc(CN2CCCCC2)cc1,druglike_only,,"arm druglike_only, seed 43, final generation",False
OC1CCN(c2ccc(Cc3ccccc3)cc2)CC1,druglike_only,,"arm druglike_only, seed 43, final generation",False
COc1ccc(N2CCC(O)CC2)c(-c2ccccc2)c1,druglike_only,,"arm druglike_only, seed 43, final generation",False
O=C(NC1CCCC1)c1ccc(Cc2ccccc2)cc1,druglike_only,,"arm druglike_only, seed 43, final generation",False
O=C(c1ccc(CN2CCCCCC2)cc1)N1CCC(O)CC1,druglike_only,,"arm druglike_only, seed 43, final generation",False
OC1CCN(c2cccc(Cc3ccc(F)cc3)c2)CC1,druglike_only,,"arm druglike_only, seed 43, final generation",False
COc1ccc(N2CCC(O)CC2)c(Cc2ccccc2)c1,druglike_only,,"arm druglike_only, seed 43, final generation",False
OC1CCN(c2ccccc2CCc2ccccc2)CC1,druglike_only,,"arm druglike_only, seed 43, final generation",False
CN(C)c1ccc(C(=O)NC(=O)Cc2ccccc2)cc1,druglike_only,,"arm druglike_only, seed 44, final generation",False
COc1ccc(-c2ccc(NC(=O)N(C)C)cc2)cc1,druglike_only,,"arm druglike_only, seed 44, final generation",False
COc1ccc(-c2ccc(NC(=O)C3CCC3)cc2)cc1,druglike_only,,"arm druglike_only, seed 44, final generation",False
CC(=O)Nc1ccc(N(C)C(=O)c2ccccc2)cc1,druglike_only,,"arm druglike_only, seed 44, final generation",False
Cc1cc(S(=O)(=O)N(C)C)ccc1Nc1ccccc1,druglike_only,,"arm druglike_only, seed 44, final generation",False
CC(=O)N1CCC(c2ccc(NC(=O)c3ccccc3)cc2)CC1,druglike_only,,"arm druglike_only, seed 44, final generation",False
CC(=O)NS(=O)(=O)c1ccc(-c2ccccc2)c(C)c1,druglike_only,,"arm druglike_only, seed 44, final generation",False
Cc1ccccc1C(=O)Nc1ccc(C(=O)N(C)C)cn1,druglike_only,,"arm druglike_only, seed 44, final generation",False
CN(C)C(=O)c1ccc(NC(=O)c2ccccc2)nc1,druglike_only,,"arm druglike_only, seed 44, final generation",False
Cc1cc(N(C)C)ccc1NC(=O)c1ccccc1C,druglike_only,,"arm druglike_only, seed 44, final generation",False
O=C1CCCCN1c1ccc(NCc2ccccc2)cc1,druglike_only,,"arm druglike_only, seed 44, final generation",False
COc1ccc(N(C)c2ccc(NC(C)=O)cc2)cc1,druglike_only,,"arm druglike_only, seed 44, final generation",False
CCC(=O)NCc1ccc(N2Cc3ccccc3C2=O)cc1,druglike_only,,"arm druglike_only, seed 44, final generation",False
O=C1CCCCN1c1ccc(Nc2ccccc2)cc1,druglike_only,,"arm druglike_only, seed 44, final generation",False
CC(=O)N1CCC(c2ccc(CNc3ccccc3)cc2)CC1,druglike_only,,"arm druglike_only, seed 44, final generation",False
CC(=O)N1CCC(c2ccc(NC(=O)C3CCC3)cc2)CC1,druglike_only,,"arm druglike_only, seed 44, final generation",False
Cc1cc(S(=O)(=O)NC2CC2)ccc1Cc1ccccc1,druglike_only,,"arm druglike_only, seed 44, final generation",False
CN(C)C(=O)Nc1ccc(NC(=O)c2cccnc2)cc1,druglike_only,,"arm druglike_only, seed 44, final generation",False
CC(=O)N1CCC(NC(=O)c2ccc(N(C)C)cc2)CC1,druglike_only,,"arm druglike_only, seed 44, final generation",False
Cc1ccccc1C(=O)Nc1ccc(NC(=O)C(F)(F)F)cc1,druglike_only,,"arm druglike_only, seed 44, final generation",False
COc1cccc(CC(=O)NC(=O)c2ccccc2)c1,druglike_only,,"arm druglike_only, seed 45, final generation",False
O=S(=O)(c1ccccc1)N1CCC(Nc2ccccc2)CC1,druglike_only,,"arm druglike_only, seed 45, final generation",False
COc1ccc(C(=O)Nc2ccc(C(C)C)cc2)cc1,druglike_only,,"arm druglike_only, seed 45, final generation",False
COc1cccc(NC(=O)c2ccc(N3CCN(C)CC3)cc2)c1,druglike_only,,"arm druglike_only, seed 45, final generation",False
COC(=O)Nc1ccc(Cc2ccc(OC)cc2)cc1,druglike_only,,"arm druglike_only, seed 45, final generation",False
NC(=O)c1ccc(-c2ccc(N3CCOCC3)cc2)cc1,druglike_only,,"arm druglike_only, seed 45, final generation",False
NC(=O)c1ccc(N2CCC(c3ccccc3)CC2)cc1,druglike_only,,"arm druglike_only, seed 45, final generation",False
COc1ccccc1C(=O)Nc1cccc(N2CCN(C)CC2)c1,druglike_only,,"arm druglike_only, seed 45, final generation",False
CN1CCCN(c2ccc(NC(=O)c3cccnc3)cc2)CC1,druglike_only,,"arm druglike_only, seed 45, final generation",False
CN1CCN(c2cccc(C(=O)Nc3cccnc3)c2)CC1,druglike_only,,"arm druglike_only, seed 45, final generation",False
COc1ccccc1CNC(=O)Cc1ccc(F)cc1,druglike_only,,"arm druglike_only, seed 45, final generation",False
COc1ccc(-c2cc(N3CCN(C)CC3)ccc2O)cc1,druglike_only,,"arm druglike_only, seed 45, final generation",False
O=S(=O)(c1ccc(F)cc1)N1CCC(Nc2ccccc2)CC1,druglike_only,,"arm druglike_only, seed 45, final generation",False
O=S(=O)(c1ccccc1)N1CCC(Nc2ccc(F)cc2)CC1,druglike_only,,"arm druglike_only, seed 45, final generation",False
COc1ccc(C(=O)NC(=O)Cc2ccc(C(C)C)cc2)cc1,druglike_only,,"arm druglike_only, seed 45, final generation",False
CN1CCN(c2cccc(Nc3ccccc3)c2)CC1,druglike_only,,"arm druglike_only, seed 45, final generation",False
COc1ccccc1C(=O)Nc1ccc(N2CCCN(C)CC2)cc1,druglike_only,,"arm druglike_only, seed 45, final generation",False
CN1CCN(c2cccc(S(=O)(=O)Nc3ccccc3)c2)CC1,druglike_only,,"arm druglike_only, seed 45, final generation",False
CN1CCN(C(=O)c2cccc(Nc3cccnc3)c2)CC1,druglike_only,,"arm druglike_only, seed 45, final generation",False
CN1CCN(c2ccc(Nc3ccc(F)cc3)cn2)CC1,druglike_only,,"arm druglike_only, seed 45, final generation",False
COc1ccccc1Nc1ccc(N2CCN(C)CC2)nc1,druglike_only,,"arm druglike_only, seed 45, final generation",False
CN1CCN(c2cccc(NC(=O)Nc3ccccc3)c2)CC1,druglike_only,,"arm druglike_only, seed 45, final generation",False
COc1cccc(-c2cccc(N3CCNCC3)c2)c1,druglike_only,,"arm druglike_only, seed 45, final generation",False
CC(C)c1ccc(C(=O)Nc2cccc(N3CCN(C)CC3)c2)cc1,druglike_only,,"arm druglike_only, seed 45, final generation",False
O=C(Nc1ccc(N2CCOCC2)cc1)c1ccccc1,druglike_only,,"arm druglike_only, seed 46, final generation",False
CN1CCN(c2ccc(NC(=O)Cc3ccccc3)cc2)CC1,druglike_only,,"arm druglike_only, seed 46, final generation",False
O=C(Cc1ccccc1)Nc1ccc(N2CCCC2)cc1,druglike_only,,"arm druglike_only, seed 46, final generation",False
COc1ccc(-c2ccc(C(=O)N3CCCC3)cc2)cc1O,druglike_only,,"arm druglike_only, seed 46, final generation",False
CN1CCN(c2ccc(NCc3ccccc3)cc2)CC1,druglike_only,,"arm druglike_only, seed 46, final generation",False
O=C(c1ccc(NCc2ccccc2F)cc1)N1CCCC1,druglike_only,,"arm druglike_only, seed 46, final generation",False
CN1CCN(c2ccc(C(=O)Nc3ccccc3)c(Cl)c2)CC1,druglike_only,,"arm druglike_only, seed 46, final generation",False
CN1CCN(c2ccc(NC(=O)c3ccncc3)cc2)CC1,druglike_only,,"arm druglike_only, seed 46, final generation",False
O=C(Cc1ccncc1)Nc1ccc(N2CCCC2)cc1,druglike_only,,"arm druglike_only, seed 46, final generation",False
Oc1cccc(N2CCN(Cc3ccccc3F)CC2)c1,druglike_only,,"arm druglike_only, seed 46, final generation",False
COc1ccc(CC(=O)Nc2ccc(N3CCCC3)cc2)cc1,druglike_only,,"arm druglike_only, seed 46, final generation",False
O=C(Cc1ccc(Cl)cc1)Nc1ccc(N2CCCC2)nc1,druglike_only,,"arm druglike_only, seed 46, final generation",False
CN1CCN(c2ccc(Nc3cccc(F)c3)cc2)CC1,druglike_only,,"arm druglike_only, seed 46, final generation",False
CN1CCN(c2ccc(NCc3ccccc3F)cc2)CC1,druglike_only,,"arm druglike_only, seed 46, final generation",False
O=C(Oc1ccc(Nc2ccccc2)cc1)N1CCCC1,druglike_only,,"arm druglike_only, seed 46, final generation",False
O=C(c1ccc(NCCc2ccccc2)cc1)N1CCCC1,druglike_only,,"arm druglike_only, seed 46, final generation",False
CCN1CCN(C(=O)Nc2ccc(-c3cccc(C)c3)cc2)CC1,druglike_only,,"arm druglike_only, seed 46, final generation",False
O=C(c1cccc(NCc2ccccc2)n1)N1CCCC1,druglike_only,,"arm druglike_only, seed 46, final generation",False
O=C(Cc1ccccc1)NC(=O)Cc1cccc(Cl)c1F,druglike_only,,"arm druglike_only, seed 46, final generation",False
CN1CCN(c2ccc(NC(=O)Nc3ccccc3)cc2)CC1,druglike_only,,"arm druglike_only, seed 46, final generation",False
C=C(C)NCSN(C)C(=O)c1ccc(Nc2ncc(F)c(-c3cnc(C)n3C(C)C)n2)cc1F,pareto_front,,pooled front (activity_only),False
C=C(C)c1ccc(NC(=O)c2ccc(Nc3ncc(F)c(-c4cnc(C)n4C(C)C)n3)cc2F)cc1F,pareto_front,,pooled front (activity_only),False
CC(=O)NC(=O)c1ccc(Nc2ncc(F)c(-c3cnc(C)n3C(C)C)n2)cc1F,pareto_front,,pooled front (activity_only),False
CC(=O)c1ccc(Nc2ncc(F)c(-c3cnc(C)n3C(C)C)n2)cc1F,pareto_front,,pooled front (activity_only),False
CC(=O)c1ccc(Nc2ncc(F)c(-c3cnc(C)n3C(C)C)n2)cc1,pareto_front,,pooled front (activity_only|multi_real),False
CC(=O)Nc1ccc(Nc2ncc(F)c(-c3cnc(C)n3C(C)C)n2)cc1,pareto_front,,pooled front (activity_only),False
CC(=O)Nc1ccc(Nc2ncc(F)c(-c3cnc(C)n3C(C)C)n2)cn1,pareto_front,,pooled front (multi_real),False
Cc1ncc(-c2nc(Nc3ccc(C(=O)N(C)C)cc3)ncc2F)n1C(C)C,pareto_front,,pooled front (activity_only),False
Cc1ncc(-c2nc(Nc3ccc(C(N)=O)cc3)ncc2F)n1C(C)C,pareto_front,,pooled front (activity_only),False
Cn1nc(C(N)=O)c2c1-c1nc(Nc3ccccc3)ncc1CC2,pareto_front,,pooled front (activity_only|multi_real),False
NS(=O)(=O)c1ccc(-c2ccc(Nc3nccc(-c4cnc5ccccn45)n3)cc2)cc1,pareto_front,,pooled front (activity_only),False
NS(=O)(=O)c1ccc(Nc2nccc(-c3cnc4ccccn34)n2)cc1,pareto_front,,pooled front (activity_only),False
CNC(=O)c1ccc(Nc2nccc(-c3cnc(C)n3C(C)C)n2)cc1,pareto_front,,pooled front (activity_only),False
Cc1ncc(-c2nc(Nc3ccc(C#N)cc3)ncc2F)n1C(C)C,pareto_front,,pooled front (activity_only|multi_real),False
Cc1ncc(-c2ccnc(Nc3ccc(C(N)=O)cc3)n2)n1C(C)C,pareto_front,,pooled front (activity_only),False
Cc1ncc(-c2nc(Nc3cccnc3)ncc2F)n1C(C)C,pareto_front,,pooled front (activity_only),False
Cc1ncc(-c2nc(Nc3cccc(F)c3)ncc2F)n1C(C)C,pareto_front,,pooled front (multi_real),False
CC(=O)NCCC(C)Nc1ncc(F)c(-c2cnc(C)n2C(C)C)n1,pareto_front,,pooled front (multi_real),False
Cc1ncc(-c2ccnc(Nc3ccc(C(=O)O)cc3)n2)n1C(C)C,pareto_front,,pooled front (activity_only),False
CC(=O)Nc1ncc(F)c(-c2cnc(C)n2C(C)C)n1,pareto_front,,pooled front (activity_only|multi_real),False
Cc1ncc(-c2nc(Nc3ccccc3)ncc2F)n1C(C)C,pareto_front,,pooled front (activity_only|multi_real),False
Cc1ncc(-c2ccnc(Nc3ccc(CO)cc3)n2)n1C(C)C,pareto_front,,pooled front (activity_only|multi_real),False
CCCNC(=O)Nc1ncc(F)c(-c2cnc(C)n2C(C)C)n1,pareto_front,,pooled front (multi_real),False
CCC(=O)Nc1ncc(F)c(-c2cnc(C)n2C(C)C)n1,pareto_front,,pooled front (multi_real),False
CCc1ccc(Nc2nccc(-c3cnc(C)n3C(C)C)n2)cc1,pareto_front,,pooled front (multi_real),False
Cc1ncc(-c2ccnc(Nc3ccc(Cl)cc3)n2)n1C(C)C,pareto_front,,pooled front (activity_only),False
Cc1ncc(-c2nc(NC(=O)C(C)C)ncc2F)n1C(C)C,pareto_front,,pooled front (multi_real),False
CCCC(=O)Nc1ncc(F)c(-c2cnc(C)n2C(C)C)n1,pareto_front,,pooled front (multi_real),False
Cc1ncc(-c2nc(NC(=O)N(C)C)ncc2F)n1C(C)C,pareto_front,,pooled front (multi_real),False
Cc1ncc(-c2ccnc(Nc3cccc(F)c3)n2)n1C(C)C,pareto_front,,pooled front (activity_only|multi_real),False
Cc1ncc(-c2nc(NC(=O)C3CC3)ncc2F)n1C(C)C,pareto_front,,pooled front (multi_real),False
CCCCNc1ncc(F)c(-c2cnc(C)n2C(C)C)n1,pareto_front,,pooled front (multi_real),False
Cc1ncc(-c2ccnc(Nc3ccc(-c4ccccc4)cc3)n2)n1C(C)C,pareto_front,,pooled front (activity_only),False
Cc1ncc(-c2nc(NC(=O)c3ccccc3)ncc2F)n1C(C)C,pareto_front,,pooled front (multi_real),False
Cc1ncc(-c2ccnc(Nc3cccnc3)n2)n1C(C)C,pareto_front,,pooled front (druglike_only),False
Cc1ncc(-c2ccnc(Nc3ccccc3)n2)n1C(C)C,pareto_front,,pooled front (activity_only|multi_real),False
CC(C)c1ccc(Nc2nccc(-c3ccc(S(N)(=O)=O)cc3)n2)cc1,pareto_front,,pooled front (multi_real),False
CNc1ccc(C(C)c2ccc(S(N)(=O)=O)cc2)cc1,pareto_front,,pooled front (multi_real),False
CCCNC(=O)c1ccc(C(C)c2ccc(S(N)(=O)=O)cc2)cc1,pareto_front,,pooled front (multi_real),False
CC(C)Cc1ccc(C(C)c2ccc(S(N)(=O)=O)cc2)cc1,pareto_front,,pooled front (multi_real),False
CC(c1ccc(S(C)(=O)=O)cc1)c1ccc(S(N)(=O)=O)cc1,pareto_front,,pooled front (multi_real),False
C=C(C)c1ccc(C(C)c2ccc(S(N)(=O)=O)cc2)cc1,pareto_front,,pooled front (multi_real),False
CC(C)c1cc(-c2ccc(-c3ccc(S(N)(=O)=O)cc3)cc2)n[nH]1,pareto_front,,pooled front (multi_real),False
CC(C)Cc1nc(Nc2ccc(S(N)(=O)=O)cc2)ncc1F,pareto_front,,pooled front (multi_real),False
CC(c1ccc(S(N)(=O)=O)cc1)c1ccc(S(N)(=O)=O)cc1,pareto_front,,pooled front (multi_real),False
CCc1ccc(C(C)c2ccc(S(N)(=O)=O)cc2)cc1,pareto_front,,pooled front (multi_real),False
CCc1ccc(Nc2nccc(-c3ccc(S(N)(=O)=O)cc3)n2)cc1,pareto_front,,pooled front (multi_real),False
CC(C)CC(=O)c1ccc(-c2ccc(S(N)(=O)=O)cc2)cc1,pareto_front,,pooled front (multi_real),False
CCC(C)Oc1ccc(-c2ccc(S(N)(=O)=O)cc2)cc1,pareto_front,,pooled front (multi_real),False
CC(C)C(=O)c1ccc(-c2ccc(S(N)(=O)=O)cc2)nc1,pareto_front,,pooled front (multi_real),False
CC(C)Cc1ccc(Nc2ccc(S(N)(=O)=O)cc2)cc1,pareto_front,,pooled front (multi_real),False
CC(C)C=Cc1ccc(-c2ccc(S(N)(=O)=O)cc2)nc1,pareto_front,,pooled front (multi_real),False
CC(C)c1cc(C(C)c2ccc(S(N)(=O)=O)cc2)ccn1,pareto_front,,pooled front (multi_real),False
CC(C)Cc1nccc(-c2ccc(S(N)(=O)=O)cc2)n1,pareto_front,,pooled front (multi_real),False
CC(C)Nc1nccc(-c2ccc(S(N)(=O)=O)cc2)n1,pareto_front,,pooled front (multi_real),False
CC(C)Nc1ccc(-c2ccc(S(N)(=O)=O)cc2)nc1,pareto_front,,pooled front (multi_real),False
CC(C)NC(=O)c1ccc(-c2ccc(S(N)(=O)=O)cc2)nc1,pareto_front,,pooled front (multi_real),False
Cc1cc(C(C)C)ccc1Nc1ccc(S(N)(=O)=O)cc1,pareto_front,,pooled front (multi_real),False
CC(C)Cc1ccc(-c2ccc(S(N)(=O)=O)cn2)cc1,pareto_front,,pooled front (multi_real),False
CC(C)Cc1ccc(-c2ccc(S(N)(=O)=O)cc2)cc1,pareto_front,,pooled front (multi_real|multi_scrambled),False
CC(C)Oc1ccc(-c2ccc(S(N)(=O)=O)cc2)cc1,pareto_front,,pooled front (multi_real),False
Cc1ncc(-c2nc(C3CNCC(C)C3)ncc2F)n1C(C)C,pareto_front,,pooled front (multi_real),False
CC(C)c1ccc(Oc2ccc(S(N)(=O)=O)cc2)cc1,pareto_front,,pooled front (multi_real),False
CNC(=O)c1ccc(-c2ccc(S(N)(=O)=O)cc2)cc1,pareto_front,,pooled front (multi_real),False
CC(C)N(C)c1ccc(-c2ccc(S(N)(=O)=O)cc2)cc1,pareto_front,,pooled front (multi_real),False
Cc1ncc(-c2cnc(NC(=O)N(C)C)s2)n1C(C)C,pareto_front,,pooled front (multi_real),False
Cc1cc(OC(C)C)ccc1-c1ccc(S(N)(=O)=O)cc1,pareto_front,,pooled front (multi_real),False
CC(C)(C)c1ccc(Oc2ccc(S(N)(=O)=O)cc2)cc1,pareto_front,,pooled front (multi_real),False
NS(=O)(=O)c1ccc(-c2ccc(-c3ccc(S(N)(=O)=O)cc3)cc2)cc1,pareto_front,,pooled front (multi_real),False
NS(=O)(=O)c1ccc(-c2ccc(S(N)(=O)=O)cc2)cc1,pareto_front,,pooled front (multi_real),False
CC(C)(C)Cc1cc(-c2ccc(S(N)(=O)=O)cc2)ccn1,pareto_front,,pooled front (multi_real),False
CCCc1ccc(Oc2ccc(S(N)(=O)=O)cc2)cc1,pareto_front,,pooled front (multi_real),False
CC(F)(F)c1ccc(-c2ccc(S(N)(=O)=O)cc2)cc1,pareto_front,,pooled front (multi_real),False
CCCCc1ccc(-c2ccc(S(N)(=O)=O)cc2)cc1,pareto_front,,pooled front (multi_real),False
CC(=O)Nc1ccc(-c2ccc(S(N)(=O)=O)cc2)cc1,pareto_front,,pooled front (multi_real),False
Cc1cc(-c2ccc(S(N)(=O)=O)cc2)ccc1N1CCCC1,pareto_front,,pooled front (druglike_only),False
NS(=O)(=O)c1ccc(Cc2ccc(C(F)(F)F)cc2)cc1,pareto_front,,pooled front (multi_real),False
NS(=O)(=O)c1ccc(-c2ccc(-c3ccccc3)cc2)cc1,pareto_front,,pooled front (multi_real),False
NS(=O)(=O)c1ccc(-c2ccc(N3CCCC3)cc2)cc1,pareto_front,,pooled front (multi_real),False
NS(=O)(=O)c1ccc(-c2ccc(N3C=CCC3)cc2)cc1,pareto_front,,pooled front (multi_real),False
NS(=O)(=O)c1ccc(NC(=O)Cc2ccccc2)cc1,pareto_front,,pooled front (multi_real),False
CS(=O)(=O)c1ccc(-c2ccc(S(C)(=O)=O)cc2)cc1,pareto_front,,pooled front (multi_real),False
CNS(=O)(=O)c1ccc(-c2cccc3c2OCCC3)cc1,pareto_front,,pooled front (druglike_only),False
CS(=O)(=O)c1ccc(C(=O)Nc2ccc(F)cc2)cc1,pareto_front,,pooled front (multi_scrambled),False
CCN1CCN(C(=O)Nc2cccc(-c3ccccc3)n2)CC1,pareto_front,,pooled front (druglike_only),False
CN1CCN(c2ccc(NC(=O)c3cccc(F)c3)cc2)CC1,pareto_front,,pooled front (druglike_only),False
CN1CCN(c2cccc(C(=O)Nc3ccc(F)cc3)c2)CC1,pareto_front,,pooled front (druglike_only),False
O=C(Nc1ccc(N2CCOCC2)cc1)c1ccc(F)cc1,pareto_front,,pooled front (druglike_only),False
O=C(Nc1ccc(N2CCCC2)cc1)c1ccccc1,pareto_front,,pooled front (druglike_only),False
CC(=O)Nc1ccc(N2CCN(c3ccccc3)CC2)cc1,pareto_front,,pooled front (druglike_only),False
CN1CCN(c2ccc(NC(=O)c3ccccc3)cc2)CC1,pareto_front,,pooled front (druglike_only|multi_scrambled),False
CN1C=CN(C(=O)Nc2cccc(Cc3ccccc3)n2)CC1,pareto_front,,pooled front (druglike_only),False
O=C(Nc1ccccc1)c1ccc(N2CCCCC2)cc1,pareto_front,,pooled front (druglike_only),False
O=C(Nc1ccc(N2CCOCCC2=O)cc1)c1ccccc1,pareto_front,,pooled front (druglike_only),False
COc1ccc(CC(=O)Nc2ccc(OC)cc2)cc1,pareto_front,,pooled front (druglike_only),False
CN(C)C(=O)N1CCc2nc(NCc3ccccc3)ccc2C1,pareto_front,,pooled front (multi_scrambled),False
CCC(=O)Nc1ccc(NC(=O)c2ccccc2)cc1,pareto_front,,pooled front (druglike_only),False
COc1ccc(NC(=O)c2ccc(OC)cc2Cl)cc1,pareto_front,,pooled front (druglike_only),False
COc1ccc(C(=O)NC(=O)Cc2ccccc2)cc1,pareto_front,,pooled front (druglike_only|multi_scrambled),False
O=C(Nc1ccccc1)c1ccc(CN2CCCCC2)cc1,pareto_front,,pooled front (druglike_only),False
COc1ccc(-c2ccc(C(=O)N3CCC(O)CC3)cc2)cc1,pareto_front,,pooled front (druglike_only),False
CS(=N)(=O)Cc1cccc(Nc2ncc(F)c(NCc3cccnc3)n2)c1,decoys,,"matched decoy, from arm druglike_only",False
CC(=O)c1c(C)c2cnc(Nc3ccc(-c4csc(C(N)=O)c4)cn3)nc2n(C2CCCC2)c1=O,decoys,,"matched decoy, from arm multi_scrambled",False
Cc1cccc(Nc2nccc(C(=O)Nc3ncc(C(C)C)s3)n2)c1,decoys,,"matched decoy, from arm druglike_only",False
N[C@H]1CC[C@H](Nc2cc(NC3=CCN(C4CCC(C(=O)O)CC4)CC3)n3ncnc3n2)CC1,decoys,,"matched decoy, from arm multi_scrambled",False
Cc1[nH]nc2ccc(-c3cncc(Nc4ncc5cc(C(=O)N(C)C)n(C6CCCC6)c5n4)n3)cc12,decoys,,"matched decoy, from arm multi_scrambled",False
CC(C)(C)c1cnc(Sc2c(O)[nH]c3ccc(C(=O)O)cc23)o1,decoys,,"matched decoy, from arm multi_scrambled",False
CN(C)c1ccc(Nc2nccc(NC(=O)N=Nc3ccc(S(C)(=O)=O)cc3)n2)cc1,decoys,,"matched decoy, from arm multi_scrambled",False
O=C(c1ccc(NNC2CCOCC2)nc1)N1CCN(CSC2CC2)CC1,decoys,,"matched decoy, from arm multi_scrambled",False
Oc1ccc(N2CCC(O)CC2)cc1-c1ccc(N2CCNCC2)cc1,decoys,,"matched decoy, from arm druglike_only",False
COc1cc(F)ccc1-c1nc2c(NCN3CC(O)C3)c(Br)cnc2[nH]1,decoys,,"matched decoy, from arm druglike_only",False
Cc1nc2c(F)cc(-c3nc(NCc4ccc(O)c(O)c4)ncc3F)cc2n1C1CC1,decoys,,"matched decoy, from arm multi_scrambled",False
CNCNc1nc(NCc2cccc(C(F)(F)F)c2)c2ncn(C(C)C3CC3)c2n1,decoys,,"matched decoy, from arm multi_scrambled",False
N[C@@H]1CCCN(CCC=Cc2ccnc(N[C@H]3CC[C@H](NC4CCOCC4)CC3)n2)C1,decoys,,"matched decoy, from arm druglike_only",False
CNNc1ccc(C)c(Nc2ccc3c(n2)CCN(C(=O)CN(C)C)C3)n1,decoys,,"matched decoy, from arm multi_scrambled",False
CCCc1cccc(Nc2ccc(N3CCN(CC4CCS4)CC3)cn2)c1,decoys,,"matched decoy, from arm druglike_only",False
CC(C)c1c2cc(-c3ccnc(N[C@H]4CC[C@H](NCCN(C)C)CC4)n3)ccc2nn1C,decoys,,"matched decoy, from arm multi_scrambled",False
CC(C)c1[nH]nc2c(NCc3ccc(-c4ccccn4)cc3)nc(C(C)(C)O)nc12,decoys,,"matched decoy, from arm multi_scrambled",False
CC(C)N1CCc2cnc(Nc3ccc(N4CC=NCC4)cn3)nc2C1,decoys,,"matched decoy, from arm multi_scrambled",False
Nc1ncnc2occ(-c3ccc(NC4CCC(C5CCNCC5)C4)cc3)c12,decoys,,"matched decoy, from arm multi_scrambled",False
COc1ccc(Nc2cc(Nc3ccccc3N[C@@H](C)CO)ncn2)cc1,decoys,,"matched decoy, from arm druglike_only",False
CN1CCN(c2cc3cnc(Nc4ccc(C(=O)N(C)C)cc4Cl)cc3n2C(=O)OC(C)(C)C)CC1,decoys,,"matched decoy, from arm multi_scrambled",False
CNCNc1cncc(-c2ccc3n[nH]c(NC(=O)c4ccccc4)c3c2)c1,decoys,,"matched decoy, from arm multi_scrambled",False
CC(C)CC(=O)NC1CC=C(c2ncc(F)c(-c3cccc4c3OCC4)n2)C1,decoys,,"matched decoy, from arm druglike_only",False
Nc1ccc(CC(=O)Nc2[nH]nc3ccc(C4CCCC4)cc23)cc1,decoys,,"matched decoy, from arm multi_scrambled",False
CC(=O)Nc1ccc(Cc2ccc(C=C3CC(=O)NC(=N)S3)cc2)cc1,decoys,,"matched decoy, from arm druglike_only",False
COc1ccccc1-c1nc(Nc2ccc(CN(C)C(=O)NCCO)c(C)n2)ncc1F,decoys,,"matched decoy, from arm multi_scrambled",False
O=C(NCCc1ccc(F)cc1)c1ccc(CN2CCCCS2)cc1,decoys,,"matched decoy, from arm druglike_only",False
CC(=O)Nc1ccc(CNc2nc(Nc3ccc4c(n3)CCN(C(C)C)C4)ncc2F)cc1,decoys,,"matched decoy, from arm multi_scrambled",False
CC(C)COc1cc(Nc2ccc(S(=O)(=O)N(C)C)cc2)n2ncc(N3CCN(C)CC3)c2n1,decoys,,"matched decoy, from arm multi_scrambled",False
COc1ccc(C=CNC(=O)N2CCc3cnc(Nc4ccnn4C)nc3C2)cn1,decoys,,"matched decoy, from arm druglike_only",True
CNNc1n[nH]c2c1CN(C(=O)O[C@H](CN(C)C)c1ccccc1)C2(C)C,decoys,,"matched decoy, from arm druglike_only",True
O=C(Nc1ccccc1)c1nc(Nc2ccc3c(n2)CCNC3)ncc1F,decoys,,"matched decoy, from arm druglike_only",False
O=C(N[C@H]1CC[C@H](NC2CCOCC2)CC1)N1CCc2nc(CN3CCCCC3)ccc2C1,decoys,,"matched decoy, from arm druglike_only",False
CC(C)(N)CNNC(=O)c1oc2ccccc2c1CN1CCN(c2ccccc2)CC1,decoys,,"matched decoy, from arm multi_scrambled",False
N[C@H](C=Nc1nnc(-c2ccc(N3CCNCC3)cc2)s1)Cc1cccc(Cl)c1,decoys,,"matched decoy, from arm druglike_only",False
O=C(O)c1cc(C(F)(F)F)ccc1NNc1ccc(N2CCNCC2)cn1,decoys,,"matched decoy, from arm druglike_only",False
C1=C(c2cc(NCc3ccc(N4CCCNCC4)cn3)ccn2)CC1,decoys,,"matched decoy, from arm druglike_only",False
Nc1nc2ccc(C(=O)c3ccccc3OC(F)(F)F)cn2c1N1CCCC1,decoys,,"matched decoy, from arm druglike_only",False
O=C(NCN1CCCCC1)N1CCc2nc(CN3CCCCC3)ccc2N1,decoys,,"matched decoy, from arm druglike_only",False
CN(C)Cc1c(O)cc(O)c2c(=O)cc(Sc3ccccc3N)oc12,decoys,,"matched decoy, from arm druglike_only",False
CC(C)c1cnn2c(NCC(F)(F)F)cc(NC[C@H]3CCNC[C@@H]3O)nc12,decoys,,"matched decoy, from arm multi_scrambled",False
O=C(NC1CCCC1)c1ccc(Nc2cn[nH]c2C(=O)NC2CCNCC2)cc1,decoys,,"matched decoy, from arm multi_scrambled",False
NC(=O)NC(=O)CC(=O)Nc1[nH]nc2ccc(N3CCCCC3=O)cc12,decoys,,"matched decoy, from arm druglike_only",False
O=C(Nc1[nH]nc2cc(-c3cccs3)ccc12)C(=O)NC1CCCC1,decoys,,"matched decoy, from arm multi_scrambled",False
C=CC(=O)Nc1cccc(C(=O)N2CC(c3ccc(N4CCN(C)CC4)cc3)CCCO2)c1,decoys,,"matched decoy, from arm druglike_only",False
CN(C)CC(O)COc1ccc(Nc2nccc(Nc3ccc(C#N)cc3)n2)cc1,decoys,,"matched decoy, from arm druglike_only",False
CC(=O)NC1CCC(c2nc3c(-n4c(O)ccc4O)ccnc3[nH]2)C1,decoys,,"matched decoy, from arm druglike_only",False
O=C1NC(=O)C(n2c(O)ccc2O)=C1c1coc2cc(CO)ccc12,decoys,,"matched decoy, from arm druglike_only",False
CCC(Cc1ccc(Nc2ncc(F)c(-c3ccc(F)cc3OC)n2)nc1)C(=O)CN,decoys,,"matched decoy, from arm druglike_only",False
O=C(NC1CCNCC1)c1[nH]ncc1Nc1c(F)cccc1F,decoys,,"matched decoy, from arm druglike_only",False
O=C(O)c1ccc2[nH]c(O)c(Nc3ccccc3F)c2c1,decoys,,"matched decoy, from arm multi_scrambled",False
COc1cccc(F)c1C(=O)Nc1c[nH]nc1C(=O)N[C@@H]1CCN(C)[C@H]1CO,decoys,,"matched decoy, from arm multi_scrambled",False
CCN(CCCc1ccc(Nc2ncc(C(F)(F)F)c(OC3CCCCC3)n2)cc1)C(C)=O,decoys,,"matched decoy, from arm druglike_only",True
N[C@H](CNc1ncc(S(=O)(=O)O)s1)Cc1ccc(C(F)(F)F)cc1,decoys,,"matched decoy, from arm multi_scrambled",False
Nc1nc2ccc(C(=O)c3ccc(Br)cc3C(=O)O)cn2c1N1CCCC1,decoys,,"matched decoy, from arm druglike_only",False
CC(C(=O)NC(=O)Nc1cc(C2CC2)[nH]n1)c1ccc(N2CCCC2=O)cc1,decoys,,"matched decoy, from arm multi_scrambled",False
CC(NC(=O)c1ccc(N2CCN(C)CC2)cc1)C(=O)NSc1cc(C2CC2)[nH]n1,decoys,,"matched decoy, from arm druglike_only",False
COc1ccc(CC(=O)c2c(N)nc3ccc(C(=O)c4ccccc4)cn23)cc1O,decoys,,"matched decoy, from arm druglike_only",False
Nc1nc2ccc(NC(=O)CCNC(=O)C3CCC3)cn2c1Cc1ccccc1,decoys,,"matched decoy, from arm druglike_only",False
CCCN(c1cc(C)cc2c(=O)c(O)c(Cc3cc(C)nc(C)c3)oc12)[SH](=O)=O,decoys,,"matched decoy, from arm druglike_only",False
CN(C)CCN1Cc2ccc3nc2C(C1)N3c1c(O)[nH]c2ccc(Br)cc12,decoys,,"matched decoy, from arm multi_scrambled",False
CC(C)(N)CN1CCc2nc(-c3cc(C4CCCNC4)nc(N)n3)ccc2C1,decoys,,"matched decoy, from arm multi_scrambled",False
CC(C)NC(=O)N1CCc2cnc(Nc3ccc(N4CC=NCC4)cn3)nc2C1,decoys,,"matched decoy, from arm multi_scrambled",False
COCc1ncc(-c2nc(N[C@H]3CC[C@H](N)CC3)ncc2Br)n1C(C)C,decoys,,"matched decoy, from arm druglike_only",False
CNS(=O)(=O)CCOc1c(Br)cnc2[nH]c(-c3ccc(OC)cc3)nc12,decoys,,"matched decoy, from arm multi_scrambled",False
C[C@@H]1CN(c2ccc(Nc3ccc(N4CCN(C(=O)CO)CC4)cc3)nc2)C[C@H](C)N1C[C@@H](C)O,decoys,,"matched decoy, from arm druglike_only",False
c1cc(-c2cc(C3CC3)[nH]n2)c2cc(C3CCNCC3)[nH]c2n1,decoys,,"matched decoy, from arm druglike_only",False
N#Cc1ccc(-c2nc(NCc3cccnc3)ncc2CF)cc1,decoys,,"matched decoy, from arm druglike_only",False
OC1CCN(c2ccnc(N[C@H]3CCC[C@H](NC4CCOCC4)CC3)n2)CC1,decoys,,"matched decoy, from arm druglike_only",False
c1cc2c(-c3ccnc(Nc4ccc5c(n4)CCNC5)n3)c[nH]c2cn1,decoys,,"matched decoy, from arm druglike_only",False
CN(C)S(=O)(=O)c1ccc(NC(=O)c2ncoc2-c2ccc(N3CCCC3=O)cc2)cc1,decoys,,"matched decoy, from arm druglike_only",False
C[C@H](O)[C@@H](C)Nc1nc2nc(c1Br)-c1cc(C3CCCC3)ccc1N2,decoys,,"matched decoy, from arm multi_scrambled",False
CC(C)(C)C(=O)Nc1n[nH]c2c1CN(C(=O)O[C@H](CCO)c1ccccc1)C2(C)C,decoys,,"matched decoy, from arm multi_scrambled",False
C=C(C)S(=O)(=O)c1ccc(-c2ccc(/C=C3\SC(=O)NC3=O)o2)cc1C,decoys,,"matched decoy, from arm druglike_only",False
C=C1N=C([C@H]2CC[C@H](N)CC2)C=C(Nc2ccc(F)c(Cl)c2)N1N,decoys,,"matched decoy, from arm multi_scrambled",False
CC(O)C(=O)N1CCN(c2ccc(Nc3nccc(-c4cncn4C(=O)O)n3)cc2)CC1,decoys,,"matched decoy, from arm multi_scrambled",False
O=S1(=O)CCCN1C1CCN(c2nccc(Nc3ccc(NCO)cc3)n2)CC1,decoys,,"matched decoy, from arm multi_scrambled",False
CCNC(=O)N1CCC(c2ncc3c(n2)-c2c(c(C(=O)NC)nn2C)C(C)(C)C3)CC1,decoys,,"matched decoy, from arm druglike_only",False
CCOC(=O)N=S(=O)(CC)c1ccc(Nc2ncc(Br)c(NC(C)(C)C)n2)cc1,decoys,,"matched decoy, from arm multi_scrambled",False
Cc1c(N[C@H]2CCCNC2)nc2ccnn2c1-c1ccc(O)c(Br)c1,decoys,,"matched decoy, from arm druglike_only",False
CCN1CCN(c2cc3c(-c4ccc(C(=O)N5CCCC5)cc4OC)ccnc3[nH]2)CC1,decoys,,"matched decoy, from arm multi_scrambled",False
CCN(CC)c1cnc(Nc2cnn(C)c2)nc1NCCCNC(=O)C1CCC1,decoys,,"matched decoy, from arm multi_scrambled",False
CC(c1ccc(Nc2ccc(N3CCN(C)CC3)cc2)cc1O)N(C)C,decoys,,"matched decoy, from arm multi_scrambled",False
CN(CCO)Cc1ccc(Nc2cc(OC3CCCCC3)nc3ncnn23)nc1,decoys,,"matched decoy, from arm multi_scrambled",False
N[C@H](CNc1ncc(-c2nccs2)s1)Cc1ccc(C(F)(F)F)cc1,decoys,,"matched decoy, from arm multi_scrambled",False
CC(=O)Nc1ccc(C(C)C(=O)NNc2ccc(S(N)(=O)=O)cc2)cc1,decoys,,"matched decoy, from arm multi_scrambled",True
CN(C)[C@@H]1CCN(C(=O)c2ccc(NNC[C@@H](N)Cc3ccc(C(F)(F)F)cc3)cc2)C1,decoys,,"matched decoy, from arm druglike_only",False
CC(=O)C1CCc2nc(Nc3ncc(F)c(C(=O)c4cccs4)n3)ccc2C1,decoys,,"matched decoy, from arm multi_scrambled",False
COCCNc1cc(Nc2ccc(OCC(O)CN(C)C)cc2)ncn1,decoys,,"matched decoy, from arm druglike_only",True
CCCC(=O)Nc1ccc(C(=O)Nc2ccc(F)cc2OC)cc1,decoys,,"matched decoy, from arm multi_scrambled",False
CC(C)c1cnn2c(NCC(=O)C(C)c3ccccc3)nc(N3CCC[C@@H]3CO)nc12,decoys,,"matched decoy, from arm druglike_only",False
Cc1nc2c(F)cc(-c3nc(NCCN)ncc3F)cc2n1C1CCC(C)CCN1,decoys,,"matched decoy, from arm multi_scrambled",False
COc1ccc(NN2CCN(c3ccc(N4CCCC4)cc3)CC2)cc1,decoys,,"matched decoy, from arm druglike_only",False
CNS(=O)(=O)c1ccc(N2CCN(c3ccc(/C=C4\SC(=N)NC4=O)o3)CC2)cc1,decoys,,"matched decoy, from arm druglike_only",False
O=C(Nc1cn[nH]c1C(=O)NC1CCNCC1)c1ccccc1,decoys,,"matched decoy, from arm multi_scrambled",False
CC(=O)Nc1ccc(CNc2nc(CS(C)(=O)=O)nc3c(C(C)C)cnn23)cc1,decoys,,"matched decoy, from arm multi_scrambled",False
COC[C@H](Nc1nc(N2CCN(C)CNC2)ncc1Br)[C@H](C)O,decoys,,"matched decoy, from arm druglike_only",False
O=C1NC(=O)C(c2coc3cc(CO)ccc23)=C1c1cccnc1,decoys,,"matched decoy, from arm druglike_only",False
COC(C)(C)n1nc(NCc2ccc(N3CCN(C)CC3)cc2)c2c(N)ncnc21,decoys,,"matched decoy, from arm multi_scrambled",True
COc1ccccc1Nc1ccnc(Nc2ccc(OCN3CCN(C)CC3)cc2)n1,decoys,,"matched decoy, from arm multi_scrambled",False
