smiles,vina_seed,vina_score,n_heavy_atoms,n_rotatable,seconds,status
COC1CCN(c2nccc(Nc3cc4c(ccn4C4CCCC4)cn3)n2)CC1,42,-8.798,29,5,5.280936241149902,ok
CC(=CC(=O)c1ccc(Nc2ncc(F)c(-c3cnc(C)n3C(C)C)n2)cc1)C(C)C,42,-9.103,31,7,7.9842541217803955,ok
COc1ccccc1C(=O)Nc1ccc(N2CCCN(C)CC2)cc1,42,-5.814,25,4,8.993978261947632,ok
Oc1cccc(N2CCN(Cc3ccccc3F)CC2)c1,42,-7.187,21,4,2.9079458713531494,ok
CN(C)S(=O)(=O)c1ccc(Nc2cc(N[C@H]3CC[C@H](N)CC3)nc3c(Br)cnn23)cc1Cl,42,-9.404,32,6,8.444565057754517,ok
N[C@H](C=Nc1nnc(-c2ccc(N3CCNCC3)cc2)s1)Cc1cccc(Cl)c1,42,-7.338,29,7,8.375387191772461,ok
COCCNS(=O)(=O)c1ccc(Nc2nccc(-c3cnc(C)n3C(C)C)n2)cc1,42,-8.345,30,9,9.800023794174194,ok
O=C(O)c1ccc2[nH]c(O)c(Nc3ccccc3F)c2c1,42,-8.294,21,4,3.5363929271698,ok
CC(=CC=CCNC(=O)c1ccc(Nc2ncc(F)c(-c3cnc(C)n3C(C)C)n2)cc1F)NSF,42,-8.883,36,10,16.670675039291382,ok
CC(C)C(=O)c1ccc(-c2ccc(S(N)(=O)=O)cc2)nc1,42,-7.591,21,5,2.874178647994995,ok
Oc1ccc(N2CCC(O)CC2)cc1-c1ccc(N2CCNCC2)cc1,42,-8.69,26,5,4.751768112182617,ok
COC[C@H](Nc1nc(Nc2ccc(S(C)(=N)=O)cc2)ncc1Br)[C@H](C)O,42,-7.438,26,9,7.2091453075408936,ok
Cc1nc2c(F)cc(-c3nc(NCc4ccc(O)c(O)c4)ncc3F)cc2n1C1CC1,42,-8.92,31,7,9.48019003868103,ok
CC(C)CC(=O)c1ccc(-c2ccc(S(N)(=O)=O)cc2)cc1,42,-8.26,22,6,3.3286540508270264,ok
CCC(C)=CNC(=O)C(=O)c1ccc(Nc2ncc(F)c(-c3cnc(C)n3C(C)C)n2)cc1F,42,-9.431,34,8,10.039201974868774,ok
Cc1ncc(-c2ccnc(Nc3ccc(S(=O)(=O)NCCCOC(C)C)cc3)n2)n1C,42,-7.945,31,10,13.245383977890015,ok
CC(C)Cc1ccc(Oc2ccc(S(N)(=O)=O)cc2)cc1,42,-8.075,21,6,2.971165895462036,ok
CC(C)c1cc(-c2ccc(-c3ccc(S(N)(=O)=O)cc3)cc2)n[nH]1,42,-7.662,24,5,3.674391984939575,ok
CC(CO)Sc1nc(Nc2ccc(S(C)(=N)=O)cc2)ncc1Br,42,-7.315,23,7,5.665316820144653,ok
Cc1ccccc1C(=O)Nc1ccc(NC(=O)C(F)(F)F)cc1,42,-7.845,23,3,2.5899980068206787,ok
CC(=O)NC(=O)Nc1ncc(F)c(-c2cnc(C)n2C(C)C)n1,42,-7.757,23,3,3.4957761764526367,ok
CC(C)c1ccc(CNc2ccc(S(N)(=O)=O)cc2)cc1,42,-7.902,21,6,3.2588648796081543,ok
CC(C)Nc1nccc(-c2ccc(S(N)(=O)=O)cc2)n1,42,-7.718,20,5,3.1218221187591553,ok
CS(=N)(=O)Cc1cccc(Nc2ncc(F)c(NCc3cccnc3)n2)c1,42,-8.584,27,7,6.1537439823150635,ok
C=C(c1ccc(C(=O)NC)cc1)c1ccc(S(N)(=O)=O)cc1,42,-8.732,22,5,3.4796290397644043,ok
CC(=O)Nc1ccc(N(C)CCN(C)C(=O)OC(C)(C)C)nn1,42,-6.501,23,5,6.730942010879517,ok
O=C(Nc1ccccc1)c1ccc(C(=O)NC2CCCC2)cc1,42,-7.851,23,4,3.069106101989746,ok
O=C(Cc1ccc(OC(F)(F)F)cc1)Nc1cc(C2CC2)[nH]n1,42,-8.071,23,5,4.932154893875122,ok
C=C(C)CNC(=O)C(=O)c1ccc(Nc2ccc(Nc3ncc(F)c(-c4cnc(C)n4C(C)C)n3)cc2)cc1,42,-9.411,39,10,19.890518188476562,ok
c1nc2nc(OCC3CCCC3)nc(OC3CCCC3)c2[nH]1,42,-7.698,22,5,4.184302806854248,ok
O=C(O)N1CCc2cnc(NCc3cccc(Cl)c3)nc2C1,42,-8.019,22,3,3.4834470748901367,ok
CC(C)n1cnc2c(NCc3ccccc3)nc(NCCO)nc21,42,-8.097,24,8,7.013714075088501,ok
CCN(CC)c1cnc(Nc2cnn(C)c2)nc1NCCCNC(=O)C1CCC1,42,-7.18,29,11,16.057919025421143,ok
CN=S(C)(=O)c1ccc(Nc2ncc(Br)c(N[C@H](C)[C@H](C)O)n2)cc1OC,42,-7.532,27,8,8.912289142608643,ok
CC(O)C(=O)N1CCN(c2ccc(C(=O)N3CCCC3)cc2)CC1,42,-7.357,24,4,3.7470510005950928,ok
C=C(C)CN[C@@H](C)CCNC(=O)c1ccc(Nc2ncc(F)c(-c3cnc(C)n3C(C)C)n2)cc1,42,-8.243,35,11,20.22871708869934,ok
c1cc(-c2cc(C3CC3)[nH]n2)c2cc(C3CCNCC3)[nH]c2n1,42,-8.939,23,3,3.61222505569458,ok
CC(C)c1cnn2c(NCC(F)(F)F)cc(NC[C@H]3CCNC[C@@H]3O)nc12,42,-8.701,27,6,7.058525800704956,ok
Cn1nc(C(N)=O)c2c1-c1nc(Nc3ccccc3)ncc1CC2,42,-8.216,24,3,3.1400399208068848,ok
CC(C)c1cnn2c(NCC(=O)C(C)c3ccccc3)nc(N3CCC[C@@H]3CO)nc12,42,-8.555,31,7,12.778063774108887,ok
C=C(C)c1ccc(NNC(=O)c2ccc(Nc3ncc(F)c(-c4cnc(C)n4C(C)C)n3)cc2F)cc1F,42,-9.622,38,8,17.733082056045532,ok
CC(=O)Nc1ccc(-c2ccc(CN3CCOCC3)cc2)cc1C,42,-7.604,24,4,3.746533155441284,ok
NC(=O)Nc1ccc(C(=O)N2CCN(c3ccccc3)CC2)cc1,42,-8.243,24,3,4.143949270248413,ok
CN(C)c1ccc(NC(=O)c2ccccc2)c(C(=O)N2CCC2)c1,42,-7.103,24,4,4.23652982711792,ok
Cc1cccc(C(=O)NC(=O)c2ccc(C(C)C)cc2)c1,42,-8.494,21,3,2.8902781009674072,ok
CC(=O)Nc1ccc(CNc2nc(Nc3ccc4c(n3)CCN(C(C)C)C4)ncc2F)cc1,42,-9.105,33,7,12.222652912139893,ok
Cc1[nH]nc2ccc(-c3cncc(Nc4ncc5cc(C(=O)N(C)C)n(C6CCCC6)c5n4)n3)cc12,42,-10.06,36,5,12.588668823242188,ok
CC(C)NC(=O)N(C)CCN(C)c1ccc(C(C)C)cc1,42,-6.901,21,6,5.9570629596710205,ok
CC(C)C=c1cc(-c2ccc[nH]2)c2c(O)[nH]c3ccc(F)c1c32,42,-9.169,23,3,2.9053399562835693,ok
COc1ccc(CC(=O)Nc2ccc(N3CCCC3)cc2)cc1,42,-7.507,23,5,3.910513162612915,ok
CC(=O)Nc1ncc(F)c(-c2cnc(C)n2C(C)C)n1,42,-7.68,20,3,2.727503776550293,ok
O=C(Nc1ccc(F)cc1)c1[nH]ncc1NC(=O)c1c(F)cccc1F,42,-9.359,26,4,5.3059210777282715,ok
CC(=O)Nc1ccc(-c2ccc(N3CCOCC3)cc2)cc1,42,-7.657,22,3,2.564980983734131,ok
CCCc1cccc(Nc2ccc(N3CCN(CC4CCS4)CC3)cn2)c1,42,-7.953,27,7,7.24568510055542,ok
C=CC(=O)Nc1cccc(C(=O)N2CCCC(Nc3ncc(SCc4ncc(C(C)(C)C)o4)s3)C2)c1,42,-8.238,36,8,23.741117000579834,ok
CCNc1nc(OC)c(F)c(-c2cnc(C)n2C(C)C)n1,42,-6.873,21,5,3.349931001663208,ok
Nc1ccc(-c2cc(Nc3ccc(S(N)(=O)=O)cc3)[nH]n2)cc1,42,-8.094,23,6,4.276293992996216,ok
CC(=O)Nc1ccc(C(C)C(=O)NNc2ccc(S(N)(=O)=O)cc2)cc1,42,-8.233,26,7,7.141685962677002,ok
O=C(NN1CCN(C(=O)c2ccccc2)CC1)c1ccccc1,42,-7.85,23,3,2.704901695251465,ok
CN(C)Cc1c(O)cc(O)c2c(=O)cc(Sc3ccccc3N)oc12,42,-7.771,25,7,5.697854042053223,ok
C=C(C)c1ccc(NNc2ccc(Nc3ncc(F)c(-c4cnc(C)n4C(C)C)n3)cc2)cc1F,42,-9.242,35,8,14.344473838806152,ok
c1nc2nc(C3CCOCC3)nc(OCC3CCCCC3)c2[nH]1,42,-8.417,23,4,4.700534820556641,ok
CCN1CC=C(NC(=O)c2ccc(N3CCCC3=O)cc2)CC1,42,-7.504,23,4,4.142242670059204,ok
Cc1ncc(-c2ccnc(NC(=O)CC(C)C)n2)n1C(C)C,42,-7.646,22,5,4.838904142379761,ok
COc1ccc(CC(=O)c2c(N)nc3ccc(C(=O)c4ccccc4)cn23)cc1O,42,-8.769,30,8,11.850661039352417,ok
c1cc2c(-c3ccnc(Nc4ccc5c(n4)CCNC5)n3)c[nH]c2cn1,42,-9.511,26,3,4.156447887420654,ok
CN1CCN(c2cccc(C(=O)Nc3ccc(F)cc3)c2)CC1,42,-8.64,23,3,3.2453529834747314,ok
NC(=O)c1ccc(CCN2CCN(C(=O)c3ccccc3)CC2)cc1,42,-8.111,25,5,5.264415979385376,ok
Cc1cc(C(C)C)ccc1Nc1ccc(S(N)(=O)=O)cc1,42,-8.573,21,5,3.2827699184417725,ok
Nc1nc2ccc(NC(=O)CCNC(=O)C3CCC3)cn2c1Cc1ccccc1,42,-8.412,29,8,9.355316162109375,ok
C=C(C)c1ccc(NC(=O)c2ccc(Nc3ncc(F)c(-c4cnc(C)n4C(C)C)n3)cc2F)cc1F,42,-8.812,37,7,12.77853798866272,ok
CN(C)[C@@H]1CCN(C(=O)c2ccc(NNC[C@@H](N)Cc3ccc(C(F)(F)F)cc3)cc2)C1,42,-8.43,32,9,13.916139125823975,ok
Cc1ccc(F)c(Nc2cc(Nc3ccc(OCC(O)CN(C)C)cc3)ncn2)c1,42,-8.349,30,10,11.171587228775024,ok
O=[N+]([O-])c1ccc(Nc2nccc(-c3cnn4ncccc34)n2)cc1,42,-9.004,25,4,4.029055118560791,ok
CCC(=O)Nc1ccc(-c2ccc(NC(C)=O)cc2)cc1,42,-7.494,21,4,2.5318238735198975,ok
O=C(NC1CCCC1)c1ccc(Cc2ccccc2)cc1,42,-8.086,21,4,2.451525926589966,ok
CCN(CC)C1CCN(C2CCN(c3ccc(Nc4ncc5cc6n(c5n4)C4(CCCCC4)CNC6=O)nc3)CC2)C1,42,-7.394,42,7,16.50133204460144,ok
Cc1ncc(-c2nc(NC(=S)N(C)C)ncc2F)n1C(C)C,42,-6.576,22,3,3.1428070068359375,ok
Cc1ncc(-c2nc(Nc3ccc(C(=O)Nc4ccc(C(=O)S)c(F)c4)c(F)c3)ncc2F)n1C(C)C,42,-8.78,37,7,13.905180931091309,ok
O=C(O)c1ccc2[nH]c(O)c(C=c3[nH]cc4c3=CCOC4=O)c2c1,42,-8.414,24,3,3.31097412109375,ok
COc1cc(C(C)C)ccc1NC(=O)c1ccccc1,42,-7.348,20,4,2.4551429748535156,ok
CCCC(=O)Nc1ncc(F)c(-c2cnc(C)n2C(C)C)n1,42,-7.799,22,5,3.555927038192749,ok
CC(=O)C1CCc2nc(Nc3ncc(F)c(C(=O)c4cccs4)n3)ccc2C1,42,-8.872,28,5,4.46849799156189,ok
CC(=O)N1CCC(NC(=O)c2ccc(N(C)C)cc2)CC1,42,-6.68,21,3,2.842881917953491,ok
O=C(c1ccc2ccccc2c1)c1cn(-c2ccccc2)nc1C1=Nn2c(n[nH]c2=S)SC1,42,-7.462,33,4,7.641231060028076,ok
COc1ccccc1Nc1ccc(N2CCN(C)CC2)nc1,42,-7.478,22,4,2.8103549480438232,ok
CC(C)N1CCN(c2ccc(Nc3ncc4cc5n(c4n3)C3(CCCCC3)CNC5=O)nc2)C[C@H]1C,42,-8.0,36,4,8.984614133834839,ok
CC(C)(N)CN1CCc2nc(-c3cc(C4CCCNC4)nc(N)n3)ccc2C1,42,-7.684,28,6,6.380580902099609,ok
C#CCN1CCCC1CN1CCc2nc(Nc3ncc(F)c(-c4cc(F)c5nc(C)n(C(C)C)c5c4)n3)ccc2C1,42,-8.914,41,7,18.83873176574707,ok
CC(C)=CN(C)N(C)C(=O)C(=O)c1ccc(Nc2ncc(F)c(-c3cnc(C)n3C(C)C)n2)cc1F,42,-9.097,36,8,15.103157758712769,ok
CCS(=N)(=O)c1ccc(Nc2ncc(Br)c(N[C@@H](C)[C@H](C)O)n2)cc1,42,-7.604,25,8,8.237230062484741,ok
O=S(=O)(NCCc1c[nH]cn1)c1ccc(N=Cc2c(O)[nH]c3ccc4ncsc4c23)cc1,42,-8.103,32,8,10.656225681304932,ok
CC(C)NC(=O)c1ccc(-c2cccc3c2OCCC3)nc1,42,-8.426,22,3,2.874361991882324,ok
CN1CCN(Cc2ccc(NC(=O)c3[nH]ncc3Nc3ncnc4[nH]ccc34)cc2)CC1,42,-9.358,32,6,9.358930349349976,ok
COC(=O)Nc1ccc(Cc2ccc(OC)cc2)cc1,42,-7.683,20,4,3.3606789112091064,ok
Cc1ncc(-c2nc(Nc3ccc(C(=O)NC4CCN(C)CC4)c(F)c3)ncc2F)n1C(C)C,42,-9.163,34,6,10.587769031524658,ok
CN1CCCN(c2ccc(NC(=O)c3cccnc3)cc2)CC1,42,-5.427,23,3,9.720410108566284,ok
C=C(NC(=O)Cc1ccccc1)c1ccc(C(C)(C)C)cc1,42,-7.838,22,4,3.942775011062622,ok
CC(=C[C@@H](C)CN[C@@H]1CCN(C(=O)c2ccc(Nc3ncc(F)c(-c4cnc(C)n4C(C)C)n3)cc2)C1)CS,42,-8.78,39,11,27.140989780426025,ok
N[C@H](CNc1ncc(S(=O)(=O)O)s1)Cc1ccc(C(F)(F)F)cc1,42,-8.16,24,8,7.3003151416778564,ok
Cn1cnc(S(=O)(=O)N2CCC(Nc3ncc(C#N)c(-c4cnn(CC(F)(F)F)c4)n3)CC2)c1,42,-8.524,34,6,13.048935890197754,ok
CC(=O)c1c(C)c2cnc(Nc3ccc(-c4csc(C(N)=O)c4)cn3)nc2n(C2CCCC2)c1=O,42,-9.425,35,6,9.819136142730713,ok
N[C@H]1CC[C@H](Nc2cc(NC3=CCN(C4CCC(C(=O)O)CC4)CC3)n3ncnc3n2)CC1,42,-8.463,33,6,12.059494733810425,ok
CN1CCN(c2ccc(NC(=O)c3ccccc3)cc2)CC1,42,-7.463,22,3,2.7412149906158447,ok
CNS(=O)(=O)c1ccc(Nc2ncc3c(n2)N(c2cc(F)ccc2Cl)C(=O)C32CC2)cc1,42,-8.262,32,5,7.8301918506622314,ok
CC(=O)Nc1ccc(CNc2nc(NC(CO)CO)nc3c(C(C)C)cnn23)cc1,42,-8.515,30,9,10.087555170059204,ok
CCNC(=O)c1ccc(Nc2ncc(F)c(-c3ncc(F)c(-c4cnc(C)n4C(C)C)n3)n2)cc1F,42,-8.499,36,7,15.029458999633789,ok
COc1ccc(CC(=O)Nc2ccc(OC)cc2)cc1,42,-7.306,20,5,2.6869852542877197,ok
OC1CCC(c2[nH]ncc2-c2ccnc(NC3CCCC3)n2)CC1,42,-7.86,24,5,4.938722848892212,ok
CC(=NCN)c1ccc(Nc2nccc(-c3cnc(C)n3C(C)C)n2)cc1,42,-8.584,27,7,8.315603971481323,ok
Cc1ncc(-c2nc(NC(=O)C3CC3)ncc2F)n1C(C)C,42,-7.978,22,4,3.6940460205078125,ok
COc1cccc(F)c1C(=O)Nc1c[nH]nc1C(=O)N[C@@H]1CCN(C)[C@H]1CO,42,-7.73,28,7,8.907140016555786,ok
O=C(Nc1[nH]nc2cc(-c3cccs3)ccc12)C(=O)NC1CCCC1,42,-7.801,25,3,4.506407737731934,ok
Cc1ncc(-c2nc(C3CNCC(C)C3)ncc2F)n1C(C)C,42,-8.846,23,3,3.1997768878936768,ok
Cn1cc(C2=C(c3coc4ccccc34)C(=O)NC2=O)c2cccc(CO)c21,42,-9.089,28,4,5.642626047134399,ok
C=C(C)n1c(SC(=O)c2ccc(Nc3ncc(F)c(-c4cnc(C)n4C(C)C)n3)cc2)cnc1NC,42,-8.896,36,8,17.295424938201904,ok
CC(O)C(=O)N1CCN(c2ccc(OC3CCCC3)cc2)CC1,42,-7.295,23,5,3.967439889907837,ok
O=C(Nc1c[nH]nc1-c1nc2cc(CN3CCOCC3)ccc2[nH]1)NC1CCCCC1,42,-8.503,31,5,9.853615999221802,ok
O=C(NCc1ccccc1)NC(=O)c1ccc(N2CCCCC2=O)cc1,42,-7.965,26,4,4.69923210144043,ok
Cc1ncc(-c2nc(-c3nc(Nc4ccc(C(=O)NCC(C)C)c(F)c4)ncc3F)ncc2F)n1C(C)C,42,-8.447,38,8,16.016480207443237,ok
C=C(C)[CH]C(=O)c1ccc(C(=O)c2ccc(Nc3ncc(F)c(-c4cnc(C)n4C(C)C)n3)cc2F)cc1,42,-9.46,38,9,17.524065017700195,ok
CC(=O)Nc1cc(-c2ccc(S(N)(=O)=O)cc2)ccn1,42,-8.111,20,4,2.8012211322784424,ok
CCc1cnn2c(NCc3ccc[n+]([O-])c3)cc(N3CCCC[C@H]3CC(N)=O)nc12,42,-8.973,30,6,10.482151985168457,ok
Cc1ncc(-c2nc(Nc3nc(Nc4ccc(C(=O)NSF)c(F)c4)ncc3F)ncc2F)n1C(C)C,42,-8.653,37,8,16.566869020462036,ok
O=C(Cc1ccc(Cl)cc1)Nc1ccc(N2CCCC2)nc1,42,-7.522,22,4,3.283054828643799,ok
C=C(C)NCC(=O)c1ccc(Nc2ncc(F)c(-c3ncc(F)c(-c4cnc(C)n4C(C)C)n3)n2)cc1F,42,-8.191,38,9,19.330129861831665,ok
OC1CCN(c2ccc(Cc3ccccc3)cc2)CC1,42,-7.591,20,4,3.0892059803009033,ok
O=C(Nc1ccc(N2CCOCCC2=O)cc1)c1ccccc1,42,-5.863,23,3,9.661739110946655,ok
O=C(NCN1CCCCC1)N1CCc2nc(CN3CCCCC3)ccc2N1,42,-7.592,27,4,6.284435987472534,ok
N=C(N)NS(=O)(=O)c1ccc(N=Cc2c(O)[nH]c3ccc4ncsc4c23)cc1,42,-8.374,28,5,6.4526801109313965,ok
CS(=O)(=O)c1ccc(C(=O)Nc2ccc(F)cc2)cc1,42,-7.651,20,3,2.3544092178344727,ok
Cc1ncc(-c2ccnc(Nc3ccc(-c4ccccc4)cc3)n2)n1C(C)C,42,-8.957,28,5,5.298896789550781,ok
CC(C)NCc1ccc(Cc2ccc(S(N)(=O)=O)cc2)cc1,42,-8.463,22,7,4.723198890686035,ok
CC(C)S(=O)(=O)c1ccc(Oc2ccc(S(N)(=O)=O)cc2)cc1,42,-7.652,23,6,4.059741973876953,ok
CNc1ccc(N2CCN(C(=O)c3ccccc3)CC2)c(C)c1,42,-7.034,23,3,3.6424999237060547,ok
O=C(Nc1cccc2c1C(=O)c1c(-c3ccc(C(=O)N4CCNCC4)s3)n[nH]c1-2)NN1CCOCC1,42,-7.79,36,4,12.348176002502441,ok
CN1CCN(c2ccc(NC(=O)Cc3ccccc3)cc2)CC1,42,-7.213,23,4,5.616045236587524,ok
CC(C)NCc1ccc(-c2ccc(S(N)(=O)=O)cc2)cc1,42,-8.261,21,6,4.511333703994751,ok
CN(C)CC(=O)N1CCc2nc(NCc3cccc(Cl)c3)ccc2C1,42,-8.53,25,5,6.593784809112549,ok
Cc1cc(C)c(CNc2nc(N[C@@H](C)[C@@H](C)O)nc3c2ncn3C(C)C)cn1,42,-8.327,28,8,9.465895891189575,ok
CN(C)CCNS(=O)(=O)c1ccc(Nc2nccc(-c3cnc4cccnn34)n2)cc1,42,-8.547,31,8,11.930407285690308,ok
CN(C)C(=O)N1CCc2nc(NCc3ccccc3)ccc2C1,42,-8.061,23,3,3.8855040073394775,ok
CC(C)CC(=O)NC1CC=C(c2ncc(F)c(-c3cccc4c3OCC4)n2)C1,42,-8.693,28,5,9.172409057617188,ok
O=C(Cc1ccncc1)Nc1ccc(N2CCCC2)cc1,42,-7.243,21,4,2.9739298820495605,ok
O=C(Nc1ccc(N2CCOCC2)cc1)c1ccc(F)cc1,42,-7.729,22,3,2.4002718925476074,ok
CN(CCN(C)c1ccccc1Cl)NC(=O)c1ccccc1,42,-7.164,22,6,5.829726934432983,ok
Cc1nc2c(F)cc(-c3nc(Nc4ccc5c(n4)CCN(CC(=O)O)C5)ncc3F)cc2n1C(C)C,42,-8.714,36,6,14.086051225662231,ok
Cc1ncc(-c2nc(Nc3ccc([SH](=O)CO)cc3)ncc2F)n1C(C)C,42,-8.623,27,7,7.877136945724487,ok
CSCNC(=S)c1ccc(NC(=O)c2ccc(Nc3ncc(F)c(-c4cnc(C)n4C(C)C)n3)cc2F)cc1,42,-8.346,39,9,21.57533311843872,ok
CC(=CC(=CN)c1ccc(Nc2nccc(-c3cnc(C)n3C(C)C)n2)cc1)C(=O)SN,42,-8.771,32,9,12.306488990783691,ok
Cc1nc2c(F)cc(-c3nc(NCCN)ncc3F)cc2n1C1CCC(C)CCN1,42,-5.942,30,6,28.925915956497192,ok
O=S1(=O)CCCN1C1CCN(c2nccc(Nc3ccc(NCO)cc3)n2)CC1,42,-7.773,29,7,10.210001945495605,ok
c1nc2nc(C3CC3)nc(OCC3CCCCC3)c2[nH]1,42,-8.03,20,4,3.869454860687256,ok
C=C(C)NCSN(C)C(=O)c1ccc(Nc2ncc(F)c(-c3cnc(C)n3C(C)C)n2)cc1F,42,-8.545,34,9,19.354317903518677,ok
CC(=O)NC1CCC(c2nc3c(-n4c(O)ccc4O)ccnc3[nH]2)C1,42,-6.322,25,5,7.619394063949585,ok
C=C(C)C(=O)c1ccc(Nc2ncc(F)c(-c3cnc(C)n3C(C)C)n2)cc1F,42,-8.905,29,6,7.897398948669434,ok
O=C(Nc1cn[nH]c1C(=O)NC1CCNCC1)c1ccccc1,42,-8.503,23,4,5.599173069000244,ok
CCc1ccc(Nc2nccc(-c3cnc(C)n3C(C)C)n2)cc1,42,-8.394,24,5,5.9569993019104,ok
O=C(Nc1ccccc1Cl)c1ccc(Nc2nc(Nc3ccc(O)cc3)ncc2F)cc1,42,-9.805,32,7,11.380589962005615,ok
Cc1cc(N2CCCC2=O)c2oc(-c3ccc(O)c(O)c3)c(O)c(=O)c2c1,42,-6.187,27,5,5.8024232387542725,ok
CN1CCN(C(=O)c2cccc(Nc3cccnc3)c2)CC1,42,-7.995,22,3,3.9968090057373047,ok
O=S(=O)(c1ccc(F)cc1)N1CCC(Nc2ccccc2)CC1,42,-7.052,23,4,5.334269762039185,ok
C[C@@H]1CN(c2ccc(Nc3ccc(N4CCN(C(=O)CO)CC4)cc3)nc2)C[C@H](C)N1C[C@@H](C)O,42,-7.986,35,9,14.810473918914795,ok
COc1ccc(Cc2cccc(N3CCC(O)CC3)c2)cc1,42,-8.517,22,5,4.592847108840942,ok
CCC(=O)NC(=O)c1ncc(F)c(-c2cnc(C)n2C(C)C)n1,42,-7.953,23,4,4.749777793884277,ok
CC(C)(C)C(=O)Nc1n[nH]c2c1CN(C(=O)O[C@H](CCO)c1ccccc1)C2(C)C,42,-6.542,30,6,13.970385074615479,ok
CCC(=O)Nc1ccc(-c2ccc(N3CCN(C)CC3)cc2)cc1,42,-7.641,24,4,3.867755174636841,ok
CCOC(=O)N=S(=O)(CC)c1ccc(Nc2ncc(Br)c(NC(C)(C)C)n2)cc1,42,-7.266,29,6,11.265211820602417,ok
CC(C)C(=O)N1CCCc2nc(NCc3ccccc3)ccc2C1,42,-6.428,24,4,13.527237176895142,ok
O=C(Nc1ccccc1)c1ccc(CN2CCCCCC2)cc1,42,-5.796,23,4,12.133836030960083,ok
COc1ccc(-c2nn(-c3ccccc3)cc2C(=O)NC(=S)Nc2ccc(Cl)cc2)cc1,42,-6.856,32,5,8.21911907196045,ok
COc1cc[nH]c1C=C1C(=O)Nc2ccc(F)c(C#C[C@@H]3CCCN3)c21,42,-7.457,26,2,4.426974296569824,ok
CC(C)(C)c1nccc(-c2ccc(S(N)(=O)=O)cc2)n1,42,-7.82,20,3,2.883288621902466,ok
CC(C)CNc1ccc2c(n1)CCN(C(=O)c1cccc(F)c1)C2,42,-8.416,24,4,4.294728994369507,ok
CC(c1ccc(Nc2ccc(N3CCN(C)CC3)cc2)cc1O)N(C)C,42,-7.925,26,6,5.933528184890747,ok
O=C(Nc1ccccc1)c1ccc(CN2CCCCC2)nc1,42,-7.324,22,4,3.2809300422668457,ok
CC(=C[C@@H](C)CNCC(=O)c1ccc(Nc2ncc(F)c(-c3cnc(C)n3C(C)C)n2)cc1)CS,42,-8.203,35,12,24.000253915786743,ok
CCN1CC=C(NC(=O)c2cccc3c2OCCC3)CC1,42,-7.959,21,3,2.8663330078125,ok
CC(c1ccc(S(C)(=O)=O)cc1)c1ccc(S(N)(=O)=O)cc1,42,-8.472,22,5,4.745556831359863,ok
N[C@@H]1CCCN(CCC=Cc2ccnc(N[C@H]3CC[C@H](NC4CCOCC4)CC3)n2)C1,42,-8.254,31,9,15.95615005493164,ok
CN(C)c1ccc(Nc2nccc(NC(=O)N=Nc3ccc(S(C)(=O)=O)cc3)n2)cc1,42,-8.08,31,6,12.703505039215088,ok
COc1cc(Nc2ncc(Br)c(O[C@H](C)[C@H](C)O)n2)ccc1S(C)(=N)=O,42,-7.358,26,8,8.114382982254028,ok
CC(C)c1cnn2c(NCc3ccc(NC(=O)CCCCCCO)cc3)nc(OC3CCN(C)CC3)nc12,42,-7.552,38,12,30.389689922332764,ok
CN1CCN(c2ccc(Nc3cccc(F)c3)cc2)CC1,42,-7.799,21,3,2.594456911087036,ok
Cc1ncc(-c2nc(Nc3cccc(F)c3)ncc2F)n1C(C)C,42,-8.775,24,4,3.940087080001831,ok
COc1ccc(-c2ccc(NC(=O)N(C)C)cc2)cc1,42,-8.2,20,3,2.5900380611419678,ok
Cc1ncc(-c2nc(Nc3ccc(C(=O)NCNCC[C@H](C)N(C)C)c(F)c3)ncc2F)n1C(C)C,42,-8.054,36,11,21.599735021591187,ok
CC(C)CNc1ncc2c(n1)-c1c(c(C(N)=O)nn1C)CC2,42,-7.395,22,4,3.633504629135132,ok
Cc1ncc(-c2ccnc(Nc3cccc(F)c3)n2)n1C(C)C,42,-8.574,23,4,4.593295097351074,ok
C=C(C)SC(=O)CS[C@@H]1CCN(C(=O)c2ccc(Nc3ncc(F)c(-c4cnc(C)n4C(C)C)n3)cc2)C1,42,-8.631,38,9,23.573302030563354,ok
NS(=O)(=O)c1ccc(-c2ccc(CC3CC3)cn2)cc1,42,-7.874,20,5,3.289397954940796,ok
CCC[C@H]1CCCCN1c1cc(NCc2ccc[n+]([O-])c2)n2ncc(CC)c2n1,42,-8.936,29,6,9.29246211051941,ok
CC(O)C(=O)N1CCN(c2ccc(Nc3nccc(-c4cncn4C(=O)O)n3)cc2)CC1,42,-8.524,32,6,10.004003047943115,ok
O=C(Cc1cccc(Br)c1)Nc1[nH]nc2ccc(N3CCCS3(=O)=O)cc12,42,-9.583,27,4,6.545590162277222,ok
CCC(=O)Nc1ccc(-c2ccc(S(N)(=O)=O)cc2)cc1,42,-7.826,21,5,2.8282322883605957,ok
FC(F)(F)c1cnc(Nc2ccc3[nH]cnc3c2)nc1Nc1ccccc1Cl,42,-9.513,28,4,5.890505075454712,ok
COc1cc(CS(C)(=N)=O)cc(Nc2ncc(F)c(-c3ccc(F)cc3OC)n2)c1,42,-8.828,30,7,7.505643844604492,ok
N#Cc1ccc(-c2nc(NCc3cccnc3)ncc2CF)cc1,42,-9.058,24,5,4.633234977722168,ok
COc1cc(N2CCN(C(C)=O)CC2)ccc1Nc1ncc(OC)c(-c2cnc3ccccn23)n1,42,-8.623,35,6,9.514868974685669,ok
CC(C)=Cc1ccc(Nc2ccc(Nc3ncc(F)c(-c4cnc(C)n4C(C)C)n3)cc2)cc1F,42,-9.41,35,7,11.089010000228882,ok
CCC(=O)c1ccc(C(C)=Cc2ccc(Nc3ncc(F)c(-c4cnc(C)n4C(C)C)n3)cc2F)cc1,42,-8.39,37,8,14.718143939971924,ok
Cc1ncc(-c2ccnc(Nc3ccc(C(=O)N(C)C)cc3)n2)n1C(C)C,42,-8.775,27,5,5.632718086242676,ok
CC(C)c1nc(N2CCN(C(=O)C3CC3)CC2)c2[nH]cnc2n1,42,-7.679,23,3,3.1898818016052246,ok
O=C(c1cccc(NCc2ccccc2)n1)N1CCCC1,42,-8.196,21,4,3.6314938068389893,ok
NC(=O)Oc1ccc(-c2ccc(S(N)(=O)=O)cc2)cc1,42,-7.834,20,4,3.332444906234741,ok
CC(C)(C)c1ccc(NC(=O)Cc2ccccn2)cc1,42,-7.226,20,3,2.965487003326416,ok
O=C(Nc1cn[nH]c1CC1CCCOCC1)c1c(F)cccc1F,42,-6.697,24,4,11.48298978805542,ok
CC(=C[C@@H](C)CCNC(=O)c1ccc(Nc2ncc(F)c(-c3cnc(C)n3C(C)C)n2)cc1)CS,42,-8.448,35,11,16.850339889526367,ok
O=C(NCc1ccc(N2CCCC2=O)cc1)c1ccccc1,42,-8.152,22,4,3.1132707595825195,ok
COc1cc(F)ccc1-c1ccnc(NC(=O)C2CCC[C@@H](NC(C)=O)C2)c1,42,-8.789,28,5,7.085161924362183,ok
N[C@H](CNc1ncc(-c2nccs2)s1)Cc1ccc(C(F)(F)F)cc1,42,-8.036,25,7,7.5332722663879395,ok
CN(CCNc1ccccc1C(N)=O)c1ccccc1Cl,42,-7.135,21,6,6.130730152130127,ok
O=C(O)C1CCC(N2CC=C(c3ccccc3)CC2)CC1,42,-7.315,21,3,3.01578688621521,ok
Cc1ncc(-c2ccnc(Nc3ccc(Cc4ccc(C(N)=O)cc4)cc3)n2)n1C(C)C,42,-9.411,32,7,10.495756149291992,ok
COc1ccc(-c2[nH]nc3c2C(=O)c2c(NC(=O)CN4CCN(C(=N)N)CC4)cccc2-3)cc1,42,-8.082,34,5,13.065944194793701,ok
Cc1ncc(-c2nc(Nc3ccc(C(=O)Nc4c(Br)nc(C)n4C(C)C)c(F)c3)ncc2F)n1C(C)C,42,-9.412,37,7,10.150557041168213,ok
C=CC(=O)Nc1cccc(C(=O)N2CC(c3ccc(N4CCN(C)CC4)cc3)CCCO2)c1,42,-6.01,33,5,21.603063821792603,ok
CC(C)=CC[C@@H]1CCN(C(=O)c2ccc(Nc3ncc(F)c(-c4cnc(C)n4C(C)C)n3)cc2)C1,42,-9.411,35,7,8.871531009674072,ok
CNS(=O)(=O)c1ccc(N2CCN(c3ccc(/C=C4\SC(=N)NC4=O)o3)CC2)cc1,42,-7.848,30,5,6.2391557693481445,ok
CCCC(O)CCOC(C(=O)NC(C)=O)c1ccc(Nc2ncc(F)c(-c3cnc(C)n3C(C)C)n2)cc1,42,-8.462,38,13,18.87991189956665,ok
CC(c1ccc(S(N)(=O)=O)cc1)c1ccc(S(N)(=O)=O)cc1,42,-8.704,22,6,3.6957008838653564,ok
C=C(c1ccc(S(C)(=O)=O)cc1)c1ccc(S(N)(=O)=O)cc1,42,-8.322,22,5,3.213595151901245,ok
CC(C)c1ccc(C(=O)NC(=O)Cc2ccccc2)cc1,42,-8.148,21,4,3.171548366546631,ok
CC(=Cc1cccc2[nH]c(O)c(N=Nc3ccc(S(N)(=O)=O)cc3)c12)CN,42,-5.725,27,8,9.707498788833618,ok
O=C(c1ccccc1)N1CCN(C(O)c2ccccc2)CC1,42,-7.266,22,4,2.5548720359802246,ok
CCC(C)Oc1ccc(-c2ccc(S(N)(=O)=O)cc2)cc1,42,-7.826,21,6,3.1940271854400635,ok
CC[C@@H](C)Oc1nc(Nc2ccc(S(N)(=O)=O)cc2)nc(N)c1C=O,42,-7.929,25,9,6.348745107650757,ok
Cc1ncc(-c2nc(N[C@@H](C)CO)ncc2F)n1C(C)C,42,-7.386,21,6,3.8915388584136963,ok
CC(C)(N)CNNC(=O)c1oc2ccccc2c1CN1CCN(c2ccccc2)CC1,42,-7.689,31,8,11.004743814468384,ok
Cc1ccc(-c2ccc(N3CCCC3)cc2C(=O)O)cc1,42,-6.628,21,3,2.2650890350341797,ok
CC(C)=CSC(=O)C(=O)c1ccc(Nc2ncc(F)c(-c3cnc(C)n3C(C)C)n2)cc1,42,-8.942,32,7,10.089803695678711,ok
CC(C)(C)Cc1cc(-c2ccc(S(N)(=O)=O)cc2)ccn1,42,-7.783,21,4,2.93562912940979,ok
C=CCCNCNC(=O)c1ccc(Nc2ncc(F)c(-c3cnc(C)n3C(C)C)n2)cc1F,42,-8.099,33,10,11.23190188407898,ok
COc1ccc(-c2ccc(N3CCCCC3=O)cc2)cc1O,42,-6.96,22,4,2.5787997245788574,ok
CC(C)Nc1ncc(F)c(-c2ccc(S(N)(=O)=O)cc2)n1,42,-8.009,21,5,3.019091844558716,ok
CC(=CC(=O)c1ccc(Nc2ncc(F)c(-c3cnc(C)n3C(C)C)n2)cc1F)NSF,42,-8.807,32,8,8.250603914260864,ok
Cc1ncc(-c2cnc(NC(=O)OC(C)C)s2)n1C(C)C,42,-6.463,21,4,3.1970810890197754,ok
Cc1ncc(-c2nc(NC(C)C)ncc2F)n1C(C)C,42,-7.402,20,4,2.401031017303467,ok
CN1CCN(c2ccc(Nc3ccc(F)cc3)cn2)CC1,42,-7.52,21,3,2.299333095550537,ok
CCN(C)C(=O)NCc1ncc(F)c(-c2cnc(C)n2C(C)C)n1,42,-7.808,24,5,4.806103944778442,ok
NC(=O)c1ccc(-c2ccc(N3CCCCC3)cc2)cc1,42,-7.697,21,3,2.2469639778137207,ok
CC(C)CS(=O)(=O)c1ccc(-c2ccc(S(N)(=O)=O)cn2)cc1,42,-7.629,23,6,3.5538809299468994,ok
O=C(Oc1ccc(Nc2ccccc2)cc1)N1CCCC1,42,-8.118,21,3,2.8834261894226074,ok
O=C(Cc1ccccc1)NC(=O)c1cccc2c1OCCC2,42,-8.496,22,3,2.655726194381714,ok
CNCNc1nc(NCc2cccc(C(F)(F)F)c2)c2ncn(C(C)C3CC3)c2n1,42,-8.294,30,8,9.019232988357544,ok
O=C(c1ccccc1)N1CC=C(c2ccc(N3CCCCC3=O)cc2)CC1,42,-8.184,27,3,3.9342479705810547,ok
O=C(c1ccc(CN2CCCCCC2)cc1)N1CCC(O)CC1,42,-5.505,23,4,8.655067920684814,ok
O=Nc1c(-c2c(O)[nH]c3ccc([N+](=O)[O-])cc23)[nH]c2ccc(O)cc12,42,-8.857,25,5,3.7359018325805664,ok
CC(C)N1CCN(C(=O)c2ccc(OC(C)(C)C)cc2)CC1,42,-6.892,22,3,3.5599076747894287,ok
CN(C)C/C=C/C(=O)Nc1ccc(S(=O)(=O)N2CCCC(Nc3ncc(SCc4ncc(C(C)(C)C)o4)s3)C2)cc1,42,-7.739,41,11,30.917160034179688,ok
CC(C)C(=O)N1CCN(C(=O)c2ccc(C(C)C)cc2)CC1,42,-6.488,22,3,2.3018949031829834,ok
COc1ccc2[nH]c(O)c(C=c3[nH]cc4c3=CCNC4=O)c2c1,42,-8.022,23,3,2.748694896697998,ok
CC(C)N1CCc2cnc(Nc3ccc(N4CC=NCC4)cn3)nc2C1,42,-8.252,26,4,3.7372488975524902,ok
CNc1ccc(C(C)c2ccc(S(N)(=O)=O)cc2)cc1,42,-8.487,20,5,3.21142578125,ok
CC(C(=O)NC(=O)Nc1cc(C2CC2)[nH]n1)c1ccc(N2CCCC2=O)cc1,42,-7.69,28,5,6.1054298877716064,ok
C1=C/COCc2cc(ccc2OCCN2CCCC2)Nc2nccc(n2)-c2ccc(s2)COC/1,42,-5.211,34,4,28.109179258346558,ok
NCc1ccc(-c2ccc(CN3CCOCC3)cc2)cc1,42,-7.421,21,5,2.7366201877593994,ok
CC(C)C(=O)N1CCc2cnc(Nc3ccnn3C)nc2C1,42,-7.585,22,3,3.477609157562256,ok
Cc1cc(OC(C)C)ccc1-c1ccc(S(N)(=O)=O)cc1,42,-8.265,21,5,3.0974221229553223,ok
C[C@H](O)[C@@H](C)Nc1nc2nc(c1Br)-c1cc(C3CCCC3)ccc1N2,42,-7.519,25,5,4.933459043502808,ok
COc1ccc(-c2ccc(NC(=O)C3CCC3)cc2)cc1,42,-7.992,21,4,2.4124457836151123,ok
NS(=O)(=O)c1ccc(N=Nc2c(O)[nH]c3ccc(C(=O)NCc4ccncc4)cc23)cc1,42,-7.936,32,8,11.981194972991943,ok
O=c1[nH]c(O)c(C=Nc2ccc(CN3CCOCC3)cc2)c2ccccc12,42,-8.802,27,5,3.8948347568511963,ok
NC(=O)c1ccc(N2CCC(c3ccccc3)CC2)cc1,42,-7.108,21,3,2.7459020614624023,ok
NC(=O)c1ccccc1N1CCN(c2ccccc2Cl)CC1,42,-7.39,22,3,3.139561176300049,ok
CC(F)(F)c1ccc(-c2ccc(S(N)(=O)=O)cc2)cc1,42,-8.229,20,4,2.1965999603271484,ok
CC(=O)Nc1ccc(Nc2ncc(F)c(-c3cnc(C)n3C(C)C)n2)cc1,42,-8.897,27,5,5.445959091186523,ok
CCSc1nn2c(COc3ccc(Cl)cc3)nnc2s1,42,-6.707,20,4,3.7480437755584717,ok
O=S(=O)(c1ccccc1)N1CCC(Nc2ccccc2)CC1,42,-7.245,22,4,3.5195746421813965,ok
NS(=O)(=O)c1ccc(N=Nc2c(O)[nH]c3ccc4ncsc4c23)cc1,42,-5.888,25,5,5.639625072479248,ok
Cc1ncc(-c2nc(NC(=O)c3ccccc3)ncc2F)n1C(C)C,42,-8.778,25,4,3.722123146057129,ok
O=C(c1ccccc1)N1CCN(Nc2ccccc2Cl)CC1,42,-7.207,22,3,3.519245147705078,ok
CC(C)NC(=O)N1CCc2cnc(Nc3ccc(N4CC=NCC4)cn3)nc2C1,42,-8.712,29,4,5.301038026809692,ok
N#Cc1ccc2c(=O)[nH]c(O)c(C=Nc3ccc(CN4CCCCC4)cc3)c2c1,42,-8.766,29,5,4.392318964004517,ok
CCc1nc(NC(C)=O)nc(-c2cnc(C)n2C(C)C)c1F,42,-7.582,22,4,3.342042922973633,ok
CN1C=CN(C(=O)Nc2cccc(Cc3ccccc3)n2)CC1,42,-8.537,23,3,3.6903140544891357,ok
NCCCCNC(=O)c1ccc(Nc2nc(N[C@H]3CC[C@H](N)CC3)nc3c2ncn3C2CCCC2)cc1,42,-9.127,37,12,20.088035821914673,ok
CNc1nccc(-n2ccc3ccc(C#N)cc32)n1,42,-8.199,19,2,2.0123138427734375,ok
NC(=O)c1ccc(-c2ccc(CN3CCCCC3)cc2)cc1,42,-7.764,22,4,2.9180190563201904,ok
CC(=O)Nc1ccc(-c2ccc(S(N)(=O)=O)cc2)cc1,42,-7.875,20,4,2.2688698768615723,ok
CCc1ccc(C(C)c2ccc(S(N)(=O)=O)cc2)cc1,42,-8.106,20,5,3.1757659912109375,ok
O=C(NC1CCNCC1)c1[nH]ncc1Nc1c(F)cccc1F,42,-7.878,23,4,5.3464460372924805,ok
CC(C)c1ccc2c(N=Nc3ccc(S(N)(=O)=O)cc3)c(O)[nH]c2c1,42,-8.437,25,6,5.311100006103516,ok
CN(C)CCNS(=O)(=O)c1ccc(Nc2cccc(-c3cnc4ccccn34)c2)cc1,42,-9.127,31,8,11.497717142105103,ok
COc1ccc(-c2ocnc2C(=O)NCc2ccncc2)cn1,42,-8.122,23,5,3.7927098274230957,ok
COc1ccc(C(=O)NC(=O)Cc2ccccc2)cc1,42,-7.647,20,4,3.1794180870056152,ok
CC(C)S(=O)(=O)c1ccc(Nc2ccc(S(N)(=O)=O)cc2)cc1,42,-7.851,23,6,3.9675121307373047,ok
CC(=O)N1CCC(c2ccc(NC(=O)C3CCC3)cc2)CC1,42,-7.82,22,3,2.3241190910339355,ok
Cc1ncc(-c2nc(Nc3ccc(C(=O)N(C)C)cc3)ncc2F)n1C(C)C,42,-9.117,28,5,5.509119987487793,ok
COc1ccc2cc(-c3[nH]nc4cccnc34)[nH]c2c1,42,-7.788,20,2,1.8795311450958252,ok
COCc1ncc(-c2nc(N[C@H]3CC[C@H](N)CC3)ncc2Br)n1C(C)C,42,-8.353,26,7,6.388452053070068,ok
CC(C)c1ccc(Nc2ccc(S(N)(=O)=O)cc2)cc1,42,-8.086,20,5,3.4117000102996826,ok
CCC(Cc1ccc(Nc2ncc(F)c(-c3ccc(F)cc3OC)n2)nc1)C(=O)CN,42,-8.454,31,10,10.985832929611206,ok
COc1cc(F)ccc1-c1nc2c(NCN3CC(O)C3)c(Br)cnc2[nH]1,42,-7.726,26,6,5.730801105499268,ok
OC1CCN(c2ccccc2CCc2ccccc2)CC1,42,-8.355,21,5,3.962110996246338,ok
CC(C)C(=O)Nc1nc(OCC2CCCC2)c2[nH]cnc2n1,42,-7.915,22,5,3.5649900436401367,ok
CNS(=O)(=O)CCOc1c(Br)cnc2[nH]c(-c3ccc(OC)cc3)nc12,42,-7.889,26,7,7.087313175201416,ok
Cc1ncc(-c2nc(Nc3ccc(NC#N)cc3)ncc2F)n1-c1ncc(F)c(-c2cnc(C)n2C(C)C)n1,42,-8.002,39,7,20.009132623672485,ok
Cc1ncc(-c2nc(NC(=O)C(C)O)ncc2F)n1C(C)C,42,-7.978,22,5,3.767267942428589,ok
CC(=CC(=O)SN[C@@H]1CCN(C(=O)c2ccc(Nc3ncc(F)c(-c4cnc(C)n4C(C)C)n3)cc2)C1)CO,42,-9.023,39,10,24.12208890914917,ok
CC(=O)N[SH](O)(SO)c1ccc(Nc2ncc(F)c(-c3ncc(F)c(-c4cnc(C)n4C(C)C)n3)n2)cc1N,42,-8.716,39,11,20.900588035583496,ok
CN1CCN(c2ccc(NC(=O)Nc3ccccc3)cc2)CC1,42,-7.856,23,3,3.1092090606689453,ok
CNC(=O)c1ccc(-c2ccc(S(N)(=O)=O)cc2)cc1,42,-7.704,20,4,2.3784687519073486,ok
CC(=O)CC(=C(N)O)c1ccc(Nc2ncc(F)c(-c3cnc(C)n3C(C)C)n2)cc1,42,-8.597,31,9,10.983936071395874,ok
CC(=O)Nc1ccc(N2CCN(c3ccccc3)CC2)cc1,42,-7.064,22,3,2.5827107429504395,ok
CC(=Nc1ccc(S(N)(=O)=O)cc1)c1ccc(C(C)C)cc1,42,-7.732,22,5,3.3355557918548584,ok
COc1ccccc1Nc1ccnc(Nc2ccc(OCN3CCN(C)CC3)cc2)n1,42,-8.465,31,8,8.417043924331665,ok
CN(C)CCN(C)c1ccc(N2CCCCC2=O)cc1O,42,-6.281,21,6,4.382481336593628,ok
Cc1ncc(-c2ccnc(Nc3ccc(C(N)=O)cc3)n2)n1-c1nccc(-c2cnc(C)n2C(C)C)n1,42,-7.835,37,7,16.013768911361694,ok
CN1CCC(c2c(O)cc(O)c3c2O/C(=C\c2ccccc2)C3=O)CC1,42,-9.034,26,4,4.302988052368164,ok
C[C@@H](O)[C@@H](C)Oc1nc(Nc2ccc(S(=O)(=O)CCO)cc2)ncc1C(F)(F)F,42,-7.977,29,10,10.1533682346344,ok
Nc1nc(Nc2ccc(S(N)(=O)=O)cc2)nn1C(=O)c1c(F)cccc1F,42,-8.555,27,6,6.993083953857422,ok
CC(C)CNc1nc2c(cc1Cl)CN(C(=O)CN(C)C)CC2,42,-7.043,22,5,4.324305057525635,ok
CNNc1ccc(C)c(Nc2ccc3c(n2)CCN(C(=O)CN(C)C)C3)n1,42,-7.879,27,6,5.789597988128662,ok
Cc1ncc(-c2nc(NC(=O)NCC(C)C)ncc2F)n1C(C)C,42,-7.814,24,5,4.637526035308838,ok
CC(C)(CO)CNC(=O)c1ccc2[nH]c(O)c(N=Nc3ccc(S(N)(=O)=O)cc3)c2c1,42,-6.655,31,10,14.184101819992065,ok
CC(C)c1cnn2c(NCc3ccccc3)cc(N[C@@H](CO)[C@@H](O)CO)nc12,42,-7.93,28,11,12.539189100265503,ok
Cc1ncc(-c2nc(Nc3ccc(C(=O)NC(=O)C(=O)C(C)C)c(F)c3)ncc2F)n1C(C)C,42,-9.689,34,7,10.510295867919922,ok
C=C(C)n1c(C(=O)c2ccc(Nc3ncc(F)c(-c4cnc(C)n4C(C)C)n3)cc2)cnc1NC,42,-9.24,35,8,11.545861959457397,ok
CC(C)[C@H](CO)Nc1nc(Nc2ccc(C(=O)O)c(Cl)c2)c2ncn(C(C)C)c2n1,42,-8.146,30,9,9.827184200286865,ok
O=C(O)N1CCN(C(=O)c2ccc(CCc3ccccc3)cc2)CC1,42,-8.32,25,4,4.559034824371338,ok
CN1CCN(c2cccc(NC(=O)Nc3ccccc3)c2)CC1,42,-8.207,23,3,3.6973989009857178,ok
COc1ccccc1CNC(=O)Cc1ccc(F)cc1,42,-7.643,20,5,3.636375665664673,ok
Cc1ncc(-c2nc(NC(=O)C(C)C)ncc2F)n1C(C)C,42,-8.262,22,4,3.4294910430908203,ok
Nc1nc2ccc(C(=O)c3ccccc3OC(F)(F)F)cn2c1N1CCCC1,42,-7.932,28,5,8.276035070419312,ok
NCCC=c1cc(-c2ccc[nH]2)c2c(O)[nH]c3ccc(F)c1c32,42,-9.307,23,5,3.926018714904785,ok
CC(=CSC(=O)c1ccc(Nc2ncc(F)c(-c3cnc(C)n3C(C)C)n2)cc1F)SC(C)C,42,-8.851,34,8,14.37839412689209,ok
NS(=O)(=O)c1ccc(Nc2ccc(C3CC3)cc2)cc1,42,-8.047,20,5,3.2048511505126953,ok
Cc1nc2c(F)cc(-c3nc(Nc4ccc5c(n4)CCN(C(=O)CCN(C)C)C5)ncc3F)cc2n1C(C)(C)C,42,-9.03,40,6,19.936094045639038,ok
COc1ccccc1Nc1cc2[nH]c(-c3cn[nH]c3)cc2cn1,42,-7.922,23,4,3.35262393951416,ok
C=CC(=O)Nc1ccc(OC(=O)N2CCCC(Nc3ncc(SCc4ncc(C(C)(C)C)o4)s3)C2)cc1,42,-7.973,37,8,24.368754148483276,ok
CCCCNc1ncc(F)c(-c2cnc(C)n2C(C)C)n1,42,-7.327,21,6,4.35004186630249,ok
O=C(Nc1ccc(N2CCOCC2)cc1)c1ccccc1,42,-7.138,21,3,2.050487756729126,ok
CNc1ccc(N2CCCN(C(=O)c3ccc(C)nc3)CC2)cc1,42,-6.054,24,3,13.008508920669556,ok
CCC(C)Nc1ncc(F)c(-c2cnc(C)n2C(C)C)n1,42,-7.587,21,5,4.135068893432617,ok
c1nc2nc(C3CCCCC3)nc(OCC3CCCCC3)c2[nH]1,42,-8.751,23,4,3.9945499897003174,ok
Cc1ncc(C(=O)Nc2ncc(F)c(C(C)C)n2)n1C(C)C,42,-6.849,22,4,3.891820192337036,ok
O=C1CCCCN1c1ccc(NCc2ccccc2)cc1,42,-7.985,21,4,2.7686238288879395,ok
NC(=O)c1ccc2[nH]c(O)c(N=Nc3ccc(S(N)(=O)=O)cc3)c2c1,42,-8.254,25,6,5.23747992515564,ok
CC(C)c1cccc(CC(=O)Nc2ccc(S(N)(=O)=O)cc2)c1,42,-9.025,23,6,4.969568967819214,ok
Cc1ncc(-c2nc(Nc3ccc(C(=O)N4CCCN(C)CC4)cc3)ncc2F)n1C(C)C,42,-7.51,33,5,20.760360956192017,ok
CC(C)(C)c1ccc(Oc2ccc(S(N)(=O)=O)cc2)cc1,42,-7.76,21,4,3.556750774383545,ok
CC(c1ccc(C2CC2)cc1)c1ccc(S(N)(=O)=O)cc1,42,-8.426,21,5,3.4562621116638184,ok
CCN(C)CCNc1ncc(F)c(-c2cnc(C)n2C(C)C)n1,42,-7.181,23,7,6.300158977508545,ok
CC(C)CC(=O)c1ccc2[nH]c(O)c(C=Nc3ccc(S(N)(=O)=O)cc3)c2c1,42,-8.156,28,8,7.422455072402954,ok
O=C(Nc1cn[nH]c1CC1CCCCC1)c1c(F)cccc1F,42,-8.838,23,4,3.592581033706665,ok
COCCNS(=O)(=O)c1ccc(Nc2nccc(-c3cnc(C)n3C)n2)cc1,42,-7.948,28,8,7.878137826919556,ok
O=C(Cc1ccccc1)NC(=O)c1cccc2c1CCCC2,42,-9.114,22,3,3.2481558322906494,ok
C[C@@H](O)[C@@H](C)Nc1nc(Nc2ccc(S(=N)(=O)CCO)cc2)ncc1Br,42,-7.513,26,10,7.420417070388794,ok
C=C(C)c1ccc(C(=O)c2ccc(Nc3ncc(F)c(-c4cnc(C)n4C(C)C)n3)cc2)cc1,42,-9.66,34,7,9.356152057647705,ok
CN(CCN(C)c1ccccc1Cl)C(=O)Oc1ccccc1C(N)=O,42,-7.001,25,6,9.706328868865967,ok
CC(C)NC(=O)c1ccc2c(n1)CCN(C(=O)c1ccccc1)C2,42,-7.969,24,3,3.4055497646331787,ok
NC(=O)c1ccc(N2CCN(c3ccccc3)CC2)cc1,42,-6.745,21,3,2.6917808055877686,ok
CCCc1ccc(Nc2ccc(S(N)(=O)=O)cc2)cc1,42,-8.131,20,6,3.2037997245788574,ok
N#CCC=c1cc(-c2ccc[nH]2)c2c(O)[nH]c3ccc(F)c1c32,42,-7.975,23,3,3.3555309772491455,ok
COc1cc(N2CCN(C)CC2)ccc1Nc1ccccc1,42,-7.609,22,4,3.240478992462158,ok
CC(O)=CC(=O)c1ccc(Nc2ccc(Nc3ncc(F)c(-c4cnc(C)n4C(C)C)n3)cc2)cc1,42,-9.565,36,9,14.549115180969238,ok
CN1CCN(C(=O)N2CCC(Nc3ncc(Cl)c(-c4c[nH]c5ccccc45)n3)CC2)CC1,42,-9.556,32,3,7.39589786529541,ok
Cc1ncc(-c2ccnc(Nc3ccc(-c4ccc(Nc5ccc(C(N)=O)cc5)cc4)cc3)n2)n1C(C)C,42,-8.521,38,8,16.465346097946167,ok
O=C1NC(=O)C(c2coc3cc(CO)ccc23)=C1c1cccnc1,42,-8.822,24,4,3.5128109455108643,ok
O=C(Cc1ccccc1)NCc1ccc(N2CC=CC2=O)cc1,42,-7.959,23,5,3.9795870780944824,ok
CC(=O)NC(=O)c1ccc(Nc2ncc(F)c(-c3cnc(C)n3C(C)C)n2)cc1F,42,-9.392,30,5,6.670927047729492,ok
Cc1ccccc1C(=O)Nc1ccc(C(=O)N(C)C)cn1,42,-7.24,21,3,2.454257011413574,ok
CC(=O)N1CCC(c2ccc(CNc3ccccc3)cc2)CC1,42,-8.445,23,4,3.4724931716918945,ok
C[C@H](CO)Nc1nc(Nc2ccc(S(N)(=O)=O)cc2)ncc1Br,42,-6.995,23,8,5.509666204452515,ok
C=NC(F)NC(=O)c1ccc(Nc2ncc(F)c(-c3cnc(C)n3C(C)C)n2)cc1F,42,-8.733,31,7,9.425991773605347,ok
CC(C)Cc1ccc(Nc2ccc(S(N)(=O)=O)cc2)cc1,42,-7.963,21,6,3.4866809844970703,ok
O=C(Cc1ccccc1)NC(=O)Cc1cccc(Cl)c1F,42,-7.211,21,4,3.313744068145752,ok
O=C1CCCCN1c1ccc(Nc2ccccc2)cc1,42,-7.784,20,3,2.648512840270996,ok
COc1ccc(N(C)c2ccc(NC(C)=O)cc2)cc1,42,-7.373,20,4,2.6867048740386963,ok
CCN(CC)C1CCN(c2ccc(Nc3ncc4cc5n(c4n3)C3(CCCCC3)CNC5=O)nc2)C1,42,-8.615,36,6,11.558499097824097,ok
O=C(Nc1ccccc1Cl)N1CCN(C(=O)c2cccnc2)CC1,42,-7.3,24,2,2.918867826461792,ok
CCCC(=O)Nc1ccc(C(=O)Nc2ccc(F)cc2OC)cc1,42,-7.265,24,6,5.178817987442017,ok
CC(C)Cc1ccc(-c2ccc(S(N)(=O)=O)cc2)cc1,42,-8.033,20,5,3.057119131088257,ok
CC(=O)Cc1ccc(-c2ccc(S(N)(=O)=O)cc2)cc1,42,-8.228,20,5,2.775315284729004,ok
NS(=O)(=O)c1ccc(N=Cc2c(=O)[nH]c3ccc4[nH]cccc4c23)cc1,42,-8.698,26,4,4.76593279838562,ok
O=C1Nc2ccc(F)c3c(S[C@H]4CCNC4)cc(-c4ccc[nH]4)c1c23,42,-7.887,25,3,3.6471049785614014,ok
CC(C)c1cc(C(C)c2ccc(S(N)(=O)=O)cc2)ccn1,42,-8.119,21,5,4.010379076004028,ok
Cc1ncc(-c2nc(Nc3ccc(C=CCc4ccc(C(=O)C(C)C)cc4)c(F)c3)ncc2F)n1C(C)C,42,-9.018,38,9,20.358607053756714,ok
O=C(C1CCC1)N1CCc2nc(Nc3ccccc3)ccc2C1,42,-8.08,23,3,3.3240067958831787,ok
Cc1ncc(-c2nc(Nc3ccc(C(CC[CH]C(C)C)C(O)C(=O)NON)cc3)ncc2F)n1C(C)C,42,-8.647,37,14,19.423712015151978,ok
CC(C)(C)n1nc(-c2cccc3ccccc23)c2c(N)ncnc21,42,-8.578,24,2,3.6151070594787598,ok
O=c1[nH]cc(-c2ccc(N3CCOCC3)cc2)c2sc(-c3cn[nH]c3)cc12,42,-9.26,27,3,5.067774295806885,ok
CCN1CCN(c2cc3c(-c4ccc(C(=O)N5CCCC5)cc4OC)ccnc3[nH]2)CC1,42,-7.513,32,5,9.165365934371948,ok
CCNC(=O)Nc1cc(-c2cnc(C)n2C(C)C)c(F)cn1,42,-7.832,22,4,3.828423023223877,ok
CC(c1ccc(C(N)=O)cc1)c1ccc(S(N)(=O)=O)cc1,42,-8.587,21,5,3.7187139987945557,ok
CC(C)c1ccc(C(=O)Nc2cccc(N3CCN(C)CC3)c2)cc1,42,-8.615,25,4,4.088814973831177,ok
CC(=O)c1ccc(Nc2ncc(F)c(-c3cnc(C)n3C(C)C)n2)cc1F,42,-8.952,27,5,5.561553239822388,ok
CN(C)c1ccc(C(=O)NC(=O)Cc2ccccc2)cc1,42,-7.715,21,4,3.2653729915618896,ok
CNS(=O)(=O)c1ccc2[nH]c(O)c(C=c3[nH]cc4c3=CCOC4=O)c2c1,42,-7.969,26,4,4.934496641159058,ok
CC[C@@H](NC(=O)N1CCc2cnc(NC3CCOCC3)nc2C1)c1ccc(C#N)c(Cl)c1,42,-8.757,32,5,8.997087001800537,ok
O=C(c1ccccc1)N1CCCN(c2ccccc2)CC1,42,-5.725,21,2,8.962066173553467,ok
CC(C)Cc1nccc(-c2ccc(S(N)(=O)=O)cc2)n1,42,-7.745,20,5,3.3796308040618896,ok
O=C(O)c1cc(C(F)(F)F)ccc1NNc1ccc(N2CCNCC2)cn1,42,-9.017,27,5,7.124758005142212,ok
CNC(=O)c1ccc(Nc2ncc(F)c(-c3cnc(C)n3C(C)C)n2)cc1F,42,-9.07,28,5,5.87894606590271,ok
Nc1cc(-c2c[nH]c3ccccc23)nn1-c1nc(Nc2ccc(Cl)cc2)nc(N2CCOCC2)n1,42,-9.078,35,6,11.357686042785645,ok
CC(=CC(C)C)N(C)C(=O)c1ccc(Nc2ncc(F)c(-c3cnc(C)n3C(C)C)n2)cc1F,42,-9.194,34,7,11.77227783203125,ok
O=C1CCN(C(=O)c2ccc(CNc3ccccc3)cc2)CC1,42,-8.332,23,4,3.234368085861206,ok
Cc1ncc(-c2nc(NC3CC3)ncc2F)n1C(C)C,42,-7.241,20,4,2.6351311206817627,ok
Nc1c[nH]nc1C(=O)Nc1ccc(F)cc1,42,-7.116,16,3,2.175508975982666,ok
CS(=O)(=O)c1ccc(-c2ccc(S(C)(=O)=O)cc2)cc1,42,-6.848,20,3,2.2244889736175537,ok
Cc1ncc(-c2nc(Nc3cccnc3)ncc2F)n1C(C)C,42,-8.436,23,4,3.4403979778289795,ok
CN1CCN(c2ccc(NCc3ccccc3)cc2)CC1,42,-7.816,21,4,2.9352688789367676,ok
CN=C(N)SCCCN1C(=O)C2=C(C1=O)n1ccc3cccc(c31)C1Cc3ccccc3N21,42,-9.012,33,4,8.986626625061035,ok
CCN(CC)CCNc1cc(-c2ccc[nH]2)c2c3c(ccc(F)c13)NC2=O,42,-7.478,27,7,7.979338884353638,ok
CCCNc1ncc(F)c(-c2cnc(C)n2C(C)C)n1,42,-7.246,20,5,3.397331953048706,ok
NS(=O)(=O)c1ccc(-c2ccc(N3C=CCC3)cc2)cc1,42,-7.401,21,4,2.7237439155578613,ok
CN1CCN(c2cc(NCc3cccnc3)n3nccc3n2)CC1,42,-7.38,24,3,4.199625253677368,ok
O=C(Cc1ccccc1)Nc1ccc(N2CCCC2)cc1,42,-7.204,21,4,2.894580841064453,ok
CC(=O)Nc1ccc(CNc2nc(CS(C)(=O)=O)nc3c(C(C)C)cnn23)cc1,42,-9.1,29,6,7.74452805519104,ok
CC(C)=Cc1ccc(-c2ccc(Nc3ncc(F)c(-c4cnc(C)n4C(C)C)n3)cc2)cc1F,42,-9.11,34,6,10.422750234603882,ok
CC(C)c1ccc(C(=O)N2CCN(C(=O)NC(=O)Cc3ccccc3)CC2)cc1,42,-8.004,29,4,4.7674620151519775,ok
CC(C)(C)c1cnc(CSc2cnc(N[C@H]3CC[C@H](O)CC3)s2)o1,42,-7.46,24,6,6.52439284324646,ok
NCCCn1nc(C(N)=O)c2c1-c1nc(Nc3ccccc3)ncc1CC2,42,-8.556,27,7,7.854860067367554,ok
CN(C)CC(=O)N1CCC(Nc2ncc(Cl)c(-c3c[nH]c4ccccc34)n2)CC1,42,-9.339,29,5,8.319607019424438,ok
CCC(=O)Nc1ccc(NC(=O)c2ccccc2)cc1,42,-7.298,20,4,2.6019630432128906,ok
C=C(C)[C@@H](CBr)CCSC(=O)c1ccc(Nc2ncc(F)c(-c3cnc(C)n3C(C)C)n2)cc1,42,-8.316,34,10,19.481297969818115,ok
CC(C)S(=O)(=O)c1ccc(Cc2ccc(S(N)(=O)=O)cc2)cc1,42,-7.762,23,6,4.37519907951355,ok
CCCCc1ccc(Oc2ccc(S(N)(=O)=O)cc2)cc1,42,-7.847,21,7,4.191557884216309,ok
NS(=O)(=O)c1ccc(Cc2ccc(C(F)(F)F)cc2)cc1,42,-8.375,21,4,3.432817220687866,ok
O=C(Nc1ccccc1)c1ccc(C(=O)N2CCCCC2)cc1,42,-7.944,23,3,2.572791814804077,ok
COc1cc(N2CCCC2)ccc1Nc1ccccc1,42,-7.296,20,4,2.890557050704956,ok
COc1ccc(-c2ccc(C(=O)N3CCCC3)cc2)cc1O,42,-7.341,22,4,2.805755853652954,ok
COc1cccc(CC(=O)NC(=O)c2ccccc2)c1,42,-7.71,20,4,3.3583507537841797,ok
CC(C)Nc1ccc(-c2ccc(S(N)(=O)=O)cc2)nc1,42,-8.001,20,5,3.601212978363037,ok
Cc1ncc(-c2nc(Nc3ccc(C(=O)N4CC[C@@H](N(C)C)C4)cc3)ncc2F)n1C(C)C,42,-9.4,33,6,9.894506931304932,ok
Cc1ncc(-c2nc(-c3nc(Nc4ccc([SH](O)(SO)C(N)=O)c(N)c4)ncc3F)ncc2F)n1C(C)C,42,-8.013,38,10,20.093858003616333,ok
NS(=O)(=O)c1ccc(N=Cc2c(O)[nH]c3ccc4ncsc4c23)cc1,42,-8.175,25,5,4.9622180461883545,ok
CC(C)c1ccc(N2CCN(c3ccc(S(N)(=O)=O)cc3)CC2)cc1,42,-7.013,25,5,3.903773069381714,ok
C=C(C)CNC(=S)N(C)C(=O)N(C)C(=O)c1ccc(Nc2ncc(F)c(-c3cnc(C)n3C(C)C)n2)cc1,42,-8.608,38,7,25.162589073181152,ok
Cc1ncc(C(=O)NCc2cccc(F)c2)n1C(C)C,42,-7.692,20,4,2.814440965652466,ok
CCCCOc1c(C(=O)c2c(F)cc(C)cc2F)ccc2[nH]ncc12,42,-8.039,25,6,6.030584812164307,ok
CCC(=O)NCc1ccc(N2Cc3ccccc3C2=O)cc1,42,-8.324,22,4,3.3985989093780518,ok
CC(C)(O)CSc1nc(Nc2ccc(S(C)(=N)=O)cc2)ncc1Br,42,-7.421,24,7,5.304612159729004,ok
O=C(O)c1ccc2[nH]c(O)c(C=c3[nH]cc4c3=CCNC4=O)c2c1,42,-8.16,24,3,4.178692817687988,ok
CC(=O)NC1CCC(N2CC=C(c3ccccc3)CC2)CC1,42,-7.416,22,3,2.761380910873413,ok
NS(=O)(=O)c1ccc(-c2cccc(C(F)(F)F)c2)cc1,42,-8.9,20,3,2.8304991722106934,ok
CCCNC(=O)c1ccc(C(C)c2ccc(S(N)(=O)=O)cc2)cc1,42,-8.754,24,7,5.004944801330566,ok
CC1(C)CN(c2ccc(Nc3ncc4cc5n(c4n3)C3(CCCCC3)CNC5=O)nc2)CCN1,42,-8.154,34,3,7.527842044830322,ok
O=C(O)c1ccc(CN2CC=C(c3ccccc3)CC2)cc1,42,-7.653,22,4,3.583122968673706,ok
CC(=O)NC(=O)Nc1ncc(C(C)C)c(-c2cnc(C)n2C(C)C)n1,42,-8.436,25,4,4.59761381149292,ok
NS(=O)(=O)c1ccc(Nc2nccc(-c3cnc4ccccn34)n2)cc1,42,-9.075,26,5,5.8245460987091064,ok
COc1cccc(NC(=O)c2ccc(N3CCN(C)CC3)cc2)c1,42,-7.842,24,4,3.1733100414276123,ok
COc1ccc(Nc2cc(Nc3ccccc3N[C@@H](C)CO)ncn2)cc1,42,-7.794,27,9,10.66909408569336,ok
CC(=O)Nc1ccc(Cc2ccc(N3CCCC3)cc2)cc1,42,-8.098,22,4,3.269123077392578,ok
O=C(NN1CC=NCC1)c1ccc(-c2cccc3c2OCCC3)cc1,42,-8.892,25,3,3.7546613216400146,ok
Cc1ncc(-c2nc(Nc3ccc(C(=O)Nc4ccc(C(=O)C(C)C)c(F)c4)c(F)c3)ncc2F)n1C(C)C,42,-8.509,39,8,16.69568371772766,ok
CN(C)CCN1Cc2ccc3nc2C(C1)N3c1c(O)[nH]c2ccc(Br)cc12,42,,,,3.700028896331787,prep_failed
CC(=O)Nc1ccc(Cc2ccc(N3CCOCC3)cc2)cc1C,42,-8.418,24,4,3.1569101810455322,ok
N[C@H]1CC[C@H](Nc2nc(Nc3ccccc3)c3ncn(C4CCCC4)c3n2)CC1,42,-9.468,29,6,8.463174104690552,ok
Nc1nc2ccc(C(=O)c3c(Cl)cccc3Cl)cn2c1C(=O)c1c(F)cccc1F,42,-6.628,30,5,8.128525018692017,ok
COc1ccc(NN2CCN(c3ccc(N4CCCC4)cc3)CC2)cc1,42,-7.002,26,5,5.524854898452759,ok
C=C(C)SC(=O)c1ccc(Nc2ncc(F)c(-c3cnc(C)n3C(C)C)n2)cc1,42,-8.732,29,6,8.59194540977478,ok
COc1ccccc1-c1nc(Nc2ccc(CN(C)C(=O)NCCO)c(C)n2)ncc1F,42,-8.615,32,9,12.198719024658203,ok
Cc1cccc(Nc2nccc(C(=O)Nc3ncc(C(C)C)s3)n2)c1,42,-8.645,25,5,6.499843120574951,ok
CCCc1ccc(Oc2ccc(S(N)(=O)=O)cc2)cc1,42,-7.873,20,6,2.9474141597747803,ok
C=C(C)c1ccc(Nc2ccc(S(N)(=O)=O)cc2)cc1,42,-7.628,20,5,3.4781880378723145,ok
COc1cc(Nc2ncc(Br)c(N[C@H](C)[C@@H](C)O)n2)ccc1S(C)(=N)=O,42,-7.342,26,8,7.777176141738892,ok
CC(C)N1CCN(Cc2ccc(N3CCC(O)CC3)cc2)CC1,42,-7.069,23,5,4.334010124206543,ok
Cc1ncc(-c2ccnc(Nc3ccc(C(N)=O)cc3)n2)n1C(C)C,42,-8.624,25,5,5.074998140335083,ok
CNC(=O)c1nn(C)c2c1C(C)(C)Cc1cnc(Nc3ccc(OC4CCN(C)CC4)cc3)nc1-2,42,-8.023,35,5,10.813416004180908,ok
CCC(C)c1ccc(C(C)c2ccc(S(N)(=O)=O)cc2)cc1,42,-8.707,22,6,4.020982027053833,ok
NC(=O)c1ccccc1CN1CCN(C(=O)c2ccccc2)CC1,42,-7.581,24,4,5.12414288520813,ok
C=C(C)S(=O)(=O)c1ccc(-c2ccc(/C=C3\SC(=O)NC3=O)o2)cc1C,42,-8.045,26,4,4.924180030822754,ok
COc1ccc(C=CNC(=O)N2CCc3cnc(Nc4ccnn4C)nc3C2)cn1,42,-8.031,30,5,8.795553922653198,ok
C=C(C)[C@H](CCSC(=O)c1ccc(Nc2ncc(F)c(-c3cnc(C)n3C(C)C)n2)cc1)CNC(C)C,42,-8.082,37,12,24.842979192733765,ok
COC[C@@H](Nc1nc(Nc2ccc(S(C)(=N)=O)cc2)ncc1Br)[C@@H](C)O,42,-7.454,26,9,8.389052867889404,ok
CN(CCO)Cc1ccc(Nc2cc(OC3CCCCC3)nc3ncnn23)nc1,42,-7.902,29,8,11.302810668945312,ok
CN1CCN(CCOc2cc(OC3CCOCC3)c3c(Nc4c(Cl)ccc5c4OCO5)ncnc3c2)CC1,42,-6.928,38,8,24.133777141571045,ok
Cc1nc2c(F)cc(-c3nc(Nc4ccc5c(n4)CCN(CCN(C)C(=N)N)C5)ncc3F)cc2n1C(C)C,42,-8.788,39,7,16.729851961135864,ok
CN=S(C)(=O)c1ccc(Nc2ncc(Br)c(N[C@H](C)[C@H](C)O)n2)cc1,42,-7.708,25,7,6.1611487865448,ok
C=C(C)NC(=O)C(=O)c1ccc(Nc2ncc(F)c(-c3cnc(C)n3C(C)C)n2)cc1F,42,-9.25,32,7,10.268580198287964,ok
Cc1ncc(C(=O)c2ccc(S(N)(=O)=O)cc2)n1C(C)C,42,-7.655,21,5,4.164144992828369,ok
CN(C)CC(O)COc1ccc(Nc2nccc(N(CCCC(F)(F)F)c3cc(Cl)ccc3Cl)n2)cc1,42,-7.3,37,13,24.281759023666382,ok
CC(C)c1c2cc(-c3nc(Nc4ccc(N5CCNCC5)cn4)ncc3F)ccc2nn1C,42,-9.196,33,5,8.486579179763794,ok
COC[C@H](Nc1nc(N2CCN(C)CNC2)ncc1Br)[C@H](C)O,42,-5.605,23,7,16.203678846359253,ok
CC(=CNC(=O)C(=O)c1ccc(Nc2ncc(F)c(-c3cnc(C)n3C(C)C)n2)cc1F)NS,42,-9.267,34,9,11.982100009918213,ok
Nc1c(S(=O)(=O)O)cc(Nc2ccc(Cl)cc2)c2c1C(=O)c1ccccc1C2=O,42,-9.004,29,5,5.257574081420898,ok
COc1cccc(-c2cccc(N3CCNCC3)c2)c1,42,-7.902,20,3,2.834670066833496,ok
CC(C)c1c2cc(-c3ccnc(Nc4ccc5c(N6CCN(C)CC6)ncnc5c4)n3)ccc2nn1C,42,-9.51,37,5,11.895342826843262,ok
C=C(C)SC(=O)C(O)CSC(=O)c1ccc(Nc2ncc(F)c(-c3cnc(C)n3C(C)C)n2)cc1,42,-8.427,35,10,20.465402841567993,ok
CC(C)Cc1ccc(C(C)c2ccc(S(N)(=O)=O)cc2)cc1,42,-8.337,22,6,4.154433965682983,ok
O=C(CCc1ccccc1)NC(=O)N1CC=C(c2ccccc2)CC1,42,-8.002,25,4,5.0819783210754395,ok
Cc1cc(-c2ccc(S(N)(=O)=O)cc2)ccc1C(C)(C)C,42,-7.997,21,3,2.603476047515869,ok
CCc1ccc(Nc2nccc(-c3ccc(S(N)(=O)=O)cc3)n2)cc1,42,-8.928,25,6,5.181056022644043,ok
O=C1NCC2(CCCCC2)n2c1cc1cnc(Nc3ccc(N4CCC(N5CCOCC5)CC4)cn3)nc12,42,-8.295,38,4,11.20776891708374,ok
Cc1ncc(-c2nc(Nc3ccc(C(NC(C)C)C(=O)C(=O)C(C)C)cc3)ncc2F)n1C(C)C,42,-8.518,35,10,14.159987926483154,ok
CN(C)CC(O)COc1ccc(Nc2nccc(Nc3ccc(C#N)cc3)n2)cc1,42,-8.216,30,10,12.399293899536133,ok
CC(=O)CC(C)c1ccc(-c2ccc(S(N)(=O)=O)cc2)cc1,42,-8.064,22,6,3.531712055206299,ok
CC(=O)N1CC=C(NC(=O)c2ccc(N3CCCCC3=O)cc2)CC1,42,-8.05,25,3,4.276121139526367,ok
C=C(C(=O)Nc1ncc(F)c(-c2cnc(C)n2C(C)C)n1)C(C)C,42,-7.993,24,5,5.540210008621216,ok
c1ncc(-c2cc3cnc(Nc4ccc(CN5CCNCC5)cn4)nc3n2C2CCCC2)o1,42,-9.16,33,6,11.071071863174438,ok
C=C(C)Nc1ncc(F)c(-c2cnc(C)n2C(C)C)n1,42,-7.603,20,4,3.2533841133117676,ok
O=C(Nc1ccc(N2CCCC2)cc1)c1ccccc1,42,-7.18,20,3,2.141284942626953,ok
O=C(Nc1ccccc1)c1nc(Nc2ccc3c(n2)CCNC3)ncc1F,42,-9.255,27,4,5.526346921920776,ok
CC(=O)NCCC(C)Nc1ncc(F)c(-c2cnc(C)n2C(C)C)n1,42,-7.774,25,7,7.996255397796631,ok
O=C(NCc1cccc2c1OCCC2)Nc1ccc(N2CCCC2=O)cc1,42,-8.608,27,4,4.18588399887085,ok
CCN(CC)CCNC(=O)c1cccc(Nc2nccc(-c3cnn4ncccc34)n2)c1,42,-8.446,32,9,13.68977689743042,ok
Cc1ncc(-c2nc(NN3C=COCC3)ncc2F)n1C(C)C,42,-8.031,23,4,3.7307350635528564,ok
CN1CCN(c2cccc(Nc3ccccc3)c2)CC1,42,-8.525,20,3,2.8281378746032715,ok
NC(=O)N1CCN(C(=O)Oc2ccc(Oc3ccccc3)cc2)CC1,42,-8.265,25,3,5.4149229526519775,ok
COc1ccc(-c2cc(N3CCN(C)CC3)ccc2O)cc1,42,-7.677,22,4,3.7667908668518066,ok
CC(C)c1cnc(NC(=O)NC(=O)Cc2ccccc2)s1,42,-7.145,21,4,3.386748790740967,ok
CNC(=O)c1ccc(Nc2nccc(-c3cnc(C)n3C(C)C)n2)cc1,42,-8.739,26,5,5.384704113006592,ok
Cc1ncc(Nc2ccc(S(N)(=O)=O)cc2)n1C(C)C,42,-7.301,20,5,3.7027618885040283,ok
OCc1ccc(-c2ccc(N3CCOCC3)cc2Cl)cc1,42,-6.867,21,4,2.881471872329712,ok
CC(=Cc1ccc(Nc2ncc(F)c(-c3cnc(C)n3C(C)C)n2)cc1F)C(=O)C(O)=C=O,42,-9.249,33,8,12.326814889907837,ok
COc1ccc(Nc2nccc(-c3cnc(C)n3C(C)C)n2)cc1,42,-8.298,24,5,4.297156095504761,ok
Cc1ncc(-c2ccnc(Nc3ccc(Cc4ccc(C(=O)C(C)C)cc4)cc3)n2)n1C(C)C,42,-9.198,34,8,11.763921022415161,ok
CC(C)(C)c1cnc(Sc2c(O)[nH]c3ccc(C(=O)O)cc23)o1,42,-7.567,23,4,5.0119850635528564,ok
COc1ccccc1C(=O)Nc1cccc(N2CCN(C)CC2)c1,42,-7.583,24,4,4.466498136520386,ok
CC(C)C(=O)c1ccc(-c2ccc(S(N)(=O)=O)cc2)cc1,42,-7.873,21,5,3.3008151054382324,ok
Cc1ncc(-c2cccc(NC(=O)C(C)C)c2)n1C(C)C,42,-8.552,21,4,3.1382479667663574,ok
O=C1NC(=O)C(c2cnc3ccccn23)=C1c1cn2c3c(cccc13)CN(C(=O)N1CCOCC1)CC2,42,-6.053,37,2,25.022740125656128,ok
C=C(C)c1ccc(C(C)c2ccc(S(N)(=O)=O)cc2)cc1,42,-8.429,21,5,3.6785531044006348,ok
CCC(C(=O)C(=O)c1cnc(C)n1C(C)C)c1ccc(Nc2ncc(F)c(-c3cnc(C)n3C(C)C)n2)cc1,42,-8.887,39,10,21.042118787765503,ok
CCN1CCN(C(=O)Nc2cccc(-c3ccccc3)n2)CC1,42,-8.041,23,3,3.283632755279541,ok
C[C@@H](Nc1nc(Nc2ccc(S(=N)(=O)CC3CC3)cc2)ncc1Br)C(C)(C)O,42,-7.808,28,9,9.616897106170654,ok
CCCN(C)[C@H]1CCN(C(=O)c2ccc(Nc3nccc(-c4cnc(C)n4C(C)C)n3)cc2)C1,42,-8.966,34,8,13.696531772613525,ok
NS(=O)(=O)c1ccc(-c2ccc(Nc3nccc(-c4cnc5ccccn45)n3)cc2)cc1,42,-9.434,32,6,8.88419485092163,ok
CCC(=O)Nc1ncc(F)c(-c2cnc(C)n2C(C)C)n1,42,-7.815,21,4,3.1850647926330566,ok
Cc1ncc(-c2nc(NC(C)(C)O)ncc2F)n1C(C)C,42,-7.037,21,5,3.8950600624084473,ok
CC(NC(=O)c1ccc(N2CCN(C)CC2)cc1)C(=O)NSc1cc(C2CC2)[nH]n1,42,-7.664,30,7,11.384027242660522,ok
Cc1ncc(-c2nc(Nc3ccc(C#N)cc3)ncc2F)n1C(C)C,42,-8.962,25,4,4.1163856983184814,ok
O=C(NC1=CCN(C(=O)c2ccccc2)CC1)c1ccc(N2CCCC2=O)cc1,42,-8.108,29,4,5.477515935897827,ok
CCNC(=O)N1CCC(c2ncc3c(n2)-c2c(c(C(=O)NC)nn2C)C(C)(C)C3)CC1,42,-7.397,31,3,6.643878936767578,ok
C=C(C)[C@@H](C)[C@@H](C)[SH](C)C(=O)C(=O)c1ccc(Nc2ncc(F)c(-c3cnc(C)n3C(C)C)n2)cc1F,42,-8.898,37,9,17.17631721496582,ok
CC(C)c1ccc(Oc2ccc(S(N)(=O)=O)cc2)cc1,42,-8.09,20,5,3.49576997756958,ok
CC(=O)NS(=O)(=O)c1ccc(-c2ccccc2)c(C)c1,42,-7.322,20,3,2.563507080078125,ok
CC(C)C(=O)c1ccc(Nc2ccc(S(N)(=O)=O)cc2)cc1,42,-7.962,22,6,3.4082581996917725,ok
C[C@H](O)[C@@H](C)Nc1nc(Nc2ccc(S(=N)(=O)CCO)cc2)ncc1Br,42,-7.563,26,10,8.078593015670776,ok
CC(C)c1c2cc(-c3ccnc(N[C@H]4CC[C@H](NCCN(C)C)CC4)n3)ccc2nn1C,42,-7.856,32,8,14.268387794494629,ok
CC(C)(O)Cn1cc(-c2nc(NC3CCN(S(=O)(=O)C4CC4)CC3)ncc2C(F)(F)F)cn1,42,-8.728,33,8,12.648831844329834,ok
Cc1nc2ccccn2c1-c1ccnc(N)n1,42,-7.117,17,2,1.6685678958892822,ok
Cc1ncc(-c2ccnc(Nc3ccccc3)n2)n1C(C)C,42,-8.337,22,4,3.593775987625122,ok
CC(=Nc1ccc(S(N)(=O)=O)cc1)c1c(O)[nH]c2ccc(-c3cnco3)cc12,42,-8.272,28,6,8.03027892112732,ok
Cc1cc(-c2ccc(S(N)(=O)=O)cc2)ccc1N1CCCC1,42,-8.431,22,4,2.9609310626983643,ok
Cc1cc(N(C)C)ccc1NC(=O)c1ccccc1C,42,-7.549,20,3,2.63848614692688,ok
O=C(Nc1ccccc1)c1ccc(CN2CCCCC2)cc1,42,-7.465,22,4,3.356574058532715,ok
Cc1nc2c(F)cc(-c3nc(Nc4ccc5c(n4)CCN(C(=O)O)C5)ncc3F)cc2n1C(C)C,42,-8.621,35,4,10.752932786941528,ok
O=C(c1nc(OC2CCCC2)c2[nH]cnc2n1)N1CCCC1,42,-8.009,22,3,3.0978660583496094,ok
Cc1ncc(-c2ccnc(Nc3ccc(C(=O)O)cc3)n2)n1C(C)C,42,-8.346,25,5,5.47821307182312,ok
CN1CCN(c2cc3cnc(Nc4ccc(C(=O)N(C)C)cc4Cl)cc3n2C(=O)OC(C)(C)C)CC1,42,-7.613,36,4,11.285388946533203,ok
Cc1ncc(-c2nc(NC(=O)C(=O)C(C)C)ncc2F)n1C(C)C,42,-8.001,24,5,4.853960037231445,ok
Cc1c(C(=O)NCCc2ccc(F)cc2)[nH]c2cc(F)ccc12,42,-8.706,23,4,3.6632649898529053,ok
CC(O)C(C)Sc1nc(Nc2ccc(S(C)(=N)=O)cc2)ncc1Br,42,-7.549,24,7,5.870444059371948,ok
CC(=O)Nc1ccc(NC(=O)c2ccc(C(C)C)cc2)cc1,42,-8.073,22,4,3.0102779865264893,ok
O=C(O)c1cc(Br)ccc1NCCc1c[nH]c2ccccc12,42,-7.563,22,5,5.068144798278809,ok
COCCOCCOCCOCCNS(=O)(=O)c1ccc(N=Cc2c(O)[nH]c3ccc4ncsc4c23)cc1,42,-6.399,38,17,34.219980001449585,ok
CCN1CCN(C(=O)Nc2ccc(-c3cccc(C)c3)cc2)CC1,42,-8.552,24,3,3.349086046218872,ok
CC(C)NCc1cccc(-c2ccc(S(N)(=O)=O)cc2)c1,42,-8.497,21,6,3.9957690238952637,ok
O=C(NCc1cccc2c1OCCC2)c1ccc(N2CCCCC2=O)cc1,42,-8.932,27,4,4.727658033370972,ok
COC(C)(C)n1nc(NCc2ccc(N3CCN(C)CC3)cc2)c2c(N)ncnc21,42,-8.234,30,7,8.62028694152832,ok
CNS(=O)(=O)Cc1ccc(N=Cc2c(O)[nH]c3ccc4ncsc4c23)cc1,42,-7.774,27,6,5.70176100730896,ok
CC(C)Cc1nc(Nc2ccc(S(N)(=O)=O)cc2)ncc1F,42,-7.918,22,6,3.716732978820801,ok
COc1ccc(N2CCC(O)CC2)c(-c2ccccc2)c1,42,-6.976,21,4,3.263530969619751,ok
Nc1c(S(=O)(=O)O)cc(Nc2ccccc2)c2c1C(=O)c1ccccc1C2=O,42,-8.568,28,5,5.624669790267944,ok
CC(C)c1ccc(Nc2nccc(-c3ccc(S(N)(=O)=O)cc3)n2)cc1,42,-9.119,26,6,5.263092994689941,ok
CNc1ncc(CCNC(=O)c2ccc(Nc3ncc(F)c(-c4cnc(C)n4C(C)C)n3)cc2F)n1[C@@H](C)O,42,-8.849,39,11,22.936957836151123,ok
CS(=O)(=O)c1ccc(-c2ccc(S(N)(=O)=O)cc2)cc1,42,-7.416,20,4,2.485534191131592,ok
CC(C)C=Cc1ccc(-c2ccc(S(N)(=O)=O)cc2)nc1,42,-8.079,21,5,3.4741649627685547,ok
O=C1C=CCN1c1ccc(NCc2ccccc2)cc1,42,-7.82,20,4,2.696500062942505,ok
CC(=O)C(F)(F)CNC(=O)c1ccc(Nc2ncc(F)c(-c3cnc(C)n3C(C)C)n2)cc1F,42,-9.011,34,8,12.717466831207275,ok
CCC(CC)Nc1ncc(F)c(-c2cnc(C)n2C(C)C)n1,42,-7.431,22,6,4.610133171081543,ok
C=C(c1ccc(-c2ccc(S(N)(=O)=O)cc2)cc1)C(C)C,42,-7.626,21,5,3.0087878704071045,ok
COc1cc[nH]c1C=C1C(=O)Nc2ccc(F)c(C#C[C@@H](O)[C@@H](N)[C@@H](C)O)c21,42,-7.481,28,7,8.801687955856323,ok
CN(C)C/C=C/C(=O)Nc1ccc(C(=O)Nc2ncc(SCc3ncc(C(C)(C)C)o3)s2)cc1,42,-7.235,34,9,16.026925086975098,ok
Cc1ncc(CCNC(=O)c2c(F)cccc2F)n1C(C)C,42,-7.524,22,5,5.143344163894653,ok
CN(C)CC(O)COc1ccc(Nc2cc(Nc3cc(C(F)(F)F)ccc3F)ncn2)cc1,42,-8.362,33,10,14.945752143859863,ok
O=C(c1ccc(NNC2CCOCC2)nc1)N1CCN(CSC2CC2)CC1,42,-7.501,27,7,8.747332096099854,ok
O=C(c1ccccc1)N1CCCc2nc(NN3CC=NCC3)ccc2C1,42,-6.273,26,3,13.497255325317383,ok
CC(C)COc1nc(N2CCN(C(C)C)CC2)nc2nc[nH]c12,42,-7.02,23,5,4.366296052932739,ok
CC(=O)Nc1ccc(-c2ccc(N3CCN(C)CC3)cc2)cc1,42,-7.73,23,3,2.8664567470550537,ok
CN(c1ccc(Nc2cccc3c2OCCC3)cc1)N1CC=CC1=O,42,-9.007,25,4,4.725827932357788,ok
Cc1[nH]nc2ccc(-c3cncc(NC(CO)c4ccccc4)n3)cc12,42,-8.604,26,6,7.035674095153809,ok
CC(C)NC(=O)c1ccc(-c2ccc(S(N)(=O)=O)cc2)nc1,42,-7.526,22,5,3.7636001110076904,ok
CN(CCN(C)C(=O)[C@H]1CC[C@H](N)CC1)c1ccccc1Cl,42,-6.808,22,6,6.547831773757935,ok
NC(=O)c1nn(CCC(=O)O)c2c1CCc1cnc(Nc3ccccc3)nc1-2,42,-8.934,28,6,7.707207918167114,ok
CC(C)OC(C)c1ccc(-c2ccc(S(N)(=O)=O)cc2)cc1,42,-7.82,22,6,3.7818238735198975,ok
O=C(Nc1cn[nH]c1C(=O)N1CCCC1)c1c(F)cccc1F,42,-8.29,23,3,3.6203901767730713,ok
CCCCc1ccc(-c2ccc(S(N)(=O)=O)cc2)cc1,42,-8.077,20,6,3.296856164932251,ok
COCCOCCOCCOCCN(C)S(=O)(=O)c1ccc(N=Cc2c(O)[nH]c3ccc4ncsc4c23)cc1,42,-6.195,39,17,36.796971797943115,ok
CCC1=S(Br)C=NC(Nc2ccc(Nc3ncc(F)c(-c4cnc(C)n4C(C)C)n3)cc2)=N1,42,-9.148,33,7,10.982676982879639,ok
NS(=O)(=O)Cc1ccc(N=Cc2c(O)[nH]c3ccc4ncsc4c23)cc1,42,-7.83,26,6,6.005748987197876,ok
CN(C)C(=O)Nc1ccc(NC(=O)c2cccnc2)cc1,42,-7.488,21,3,2.6051321029663086,ok
CCC(C)Cc1ccc(-c2ccc(S(N)(=O)=O)cc2)cc1,42,-8.21,21,6,4.308433771133423,ok
O=C(c1ccc(NCc2ccccc2F)cc1)N1CCCC1,42,-7.808,22,4,3.8193798065185547,ok
Cc1ccc(C(=O)N2CCN(Cc3ccc(C(N)=O)cc3)CC2)cn1,42,-8.459,25,4,3.8081259727478027,ok
CC(=O)N1CCC(Nc2ccc(-c3cnc(C)n3C(C)C)cc2F)CC1,42,-7.672,26,4,5.107168912887573,ok
CC=C(Nc1ncc(F)c(-c2cnc(C)n2C(C)C)n1)C(C)C,42,-6.35,23,5,4.5130860805511475,ok
CN1CCN(c2cccc(S(=O)(=O)Nc3ccccc3)c2)CC1,42,-7.845,23,4,4.216098070144653,ok
CC(C)c1cnc(CN2CNc3ccccc3C2=O)s1,42,-7.248,20,3,2.9540581703186035,ok
Cc1ncc(-c2cnc(NC(=O)N(C)C)s2)n1C(C)C,42,-6.854,20,3,3.4737420082092285,ok
COc1cc(-c2ccc3c(-c4nc5c(N6CCN(C)CC6)cccc5[nH]4)[nH]nc3c2)ccc1O,42,-9.745,34,5,8.319971084594727,ok
O=C(NCCc1ccc(F)cc1)c1ccc(CN2CCCCS2)cc1,42,-8.027,25,6,5.802257061004639,ok
CCCS(=O)(=O)c1ccc(Nc2nccc(-c3cnc(C)n3C(C)C)n2)cc1,42,-8.467,28,7,8.676951169967651,ok
C=C(C)NCNC(=O)c1ccc(Nc2ncc(F)c(-c3cnc(C)n3C(C)C)n2)cc1F,42,-8.793,32,8,9.913768291473389,ok
Cc1c(Nc2ncc(Cl)c(-c3cnc4ccccn34)n2)cnn1C1CCNCC1,42,-9.45,29,4,7.340450048446655,ok
CC(C)Cc1ccc(-c2ccc(S(N)(=O)=O)cn2)cc1,42,-8.006,20,5,2.8575658798217773,ok
CNS(=O)(=O)c1ccc(-c2cccc3c2OCCC3)cc1,42,-8.511,21,3,2.5350170135498047,ok
CC(C)c1cnc(NN2CCN(C(=O)c3ccccc3)CC2)s1,42,-7.348,23,4,4.451756238937378,ok
CC(C)c1ccc(Nc2ccc(N3CCCC3=O)cc2)cc1,42,-7.993,22,4,3.4274048805236816,ok
CC(=O)Nc1cccc(CNc2nc(OC3CCN(C)CC3)nc3c(C(C)C)cnn23)c1,42,-9.306,32,5,10.673115015029907,ok
Cc1ccc(C(=O)N2CCN(NCc3ccccc3)CC2)cn1,42,-7.609,23,4,4.037960767745972,ok
C=C(C)SC(=O)C(=O)c1ccc(Nc2ncc(F)c(-c3cnc(C)n3C(C)C)n2)cc1,42,-8.699,31,7,10.150097846984863,ok
Cc1nc2c(F)cc(-c3nc(Nc4ccc5c(n4)CCN[C@H]5C)ncc3F)cc2n1C(C)(C)C,42,-9.505,34,3,7.99057674407959,ok
CC(C)COc1cc(Nc2ccc(S(=O)(=O)N(C)C)cc2)n2ncc(N3CCN(C)CC3)c2n1,42,-8.494,34,7,13.300734996795654,ok
CC(C)c1ccc(Cc2ccc(S(N)(=O)=O)cc2)cc1,42,-8.495,20,5,3.7003800868988037,ok
CN(C)S(=O)(=O)c1ccc(Nc2cc3[nH]c(-c4cn[nH]c4)cc3cn2)cc1,42,-8.598,27,5,5.869980812072754,ok
COc1ccc2[nH]c(O)c(C=c3[nH]cc4c3=CCOC4=O)c2c1,42,-8.197,23,3,3.7350549697875977,ok
CC(C)c1ncc(F)c(-c2ccc(S(N)(=O)=O)cc2)n1,42,-8.431,20,4,2.57088303565979,ok
O=C(O)N1CCN(C(=O)c2ccc(Oc3ccccc3)cc2)CC1,42,-7.798,24,3,3.8208978176116943,ok
Cc1ncc(-c2nc(Nc3ccc(C(=O)NSF)c(F)c3)ncc2F)n1C(C)C,42,-8.737,29,6,6.841618299484253,ok
Cc1nc2c(F)cc(-c3nc(Nc4ccc5c(n4)CCN(CC(N)=NO)C5)ncc3F)cc2n1C(C)C,42,-8.937,37,7,16.521482944488525,ok
CN1CCN(c2ccc(NC(=O)c3cccc(F)c3)cc2)CC1,42,-7.827,23,3,2.9008400440216064,ok
O=C(Nc1[nH]nc2nc(-c3ccc(O)cc3)c(Br)cc12)C1CC1,42,-7.675,23,4,3.5796420574188232,ok
Cc1ccc(NC(=S)NC(=O)c2cn(-c3ccccc3)nc2-c2ccc(C)cc2)cc1,42,-8.413,31,4,7.994710206985474,ok
Cc1ncc(-c2nc(Nc3ccc(C(=O)C(C)C)c(O)c3)ncc2F)n1C(C)C,42,-8.746,29,7,7.969082832336426,ok
COCCCNS(=O)(=O)c1ccc(Nc2nccc(-c3cnc4ccccn34)n2)cc1,42,-8.331,31,9,12.089134216308594,ok
NS(=O)(=O)c1ccc(-c2ccc(S(N)(=O)=O)cc2)cc1,42,-7.739,20,5,3.1295807361602783,ok
C=C(C)C(=O)C(=O)c1ccc(C(=O)c2ccc(Nc3ncc(F)c(-c4cnc(C)n4C(C)C)n3)cc2)cn1,42,-9.749,38,9,19.421375274658203,ok
CC(=O)Nc1ccc(-c2ccc(N3CCCC3)cc2)cc1,42,-7.151,21,3,2.441991090774536,ok
Cc1ncc(-c2nc(NC(=O)N(C)C)ncc2F)n1C(C)C,42,-7.677,22,3,3.3426387310028076,ok
C[C@@H]1C[C@H]2CN1CCn1[nH]c3c(cccc3c1=O)-c1nc3c(cccc3[nH]c1=O)O2,42,-5.157,30,0,13.75856614112854,ok
Cc1cc(Nc2ncc(Br)c(N[C@H](C)C(C)(C)O)n2)ccc1S(C)(=N)=O,42,-7.987,26,7,6.648643970489502,ok
CN(C)CC(O)COc1ccc(Nc2ncc(Br)c(Nc3ccccc3)n2)cc1,42,-7.969,29,10,11.534164905548096,ok
CC(=O)Nc1ccc(-c2ccc(CN3CCOCC3)o2)cc1,42,-7.739,22,4,3.818326950073242,ok
N[C@H]1CC[C@H](Nc2cc(Nc3ccc(S(=O)(=O)c4ccccc4)cc3)n3ncc(Br)c3n2)CC1,42,-9.748,34,6,11.44095516204834,ok
Nc1nc(Nc2ccc(S(N)(=O)=O)cc2)nc(OCC2CCCCC2)c1N=O,42,-9.011,28,9,8.59822416305542,ok
CNNc1n[nH]c2c1CN(C(=O)O[C@H](CN(C)C)c1ccccc1)C2(C)C,42,-7.373,27,6,10.405361890792847,ok
CN[SH](C)(CO)C(=O)c1ccc(Nc2ncc(F)c(-c3cnc(C)n3C(C)C)n2)cc1F,42,-8.647,32,8,11.960260152816772,ok
Cc1ncc(-c2nc(NC(C)(C)F)ncc2F)n1C(C)C,42,-7.205,21,4,3.261899948120117,ok
C=C(C)c1ccc(Nc2ncc(C(C)C)c(-c3ncc(F)c(-c4cnc(C)n4C(C)C)n3)n2)cc1,42,-7.901,35,7,12.849202871322632,ok
CNCNc1cncc(-c2ccc3n[nH]c(NC(=O)c4ccccc4)c3c2)c1,42,-9.648,28,6,6.899511814117432,ok
CN1CCN(c2ccc(NC(=O)c3ccncc3)cc2)CC1,42,-7.254,22,3,2.6997790336608887,ok
COc1ccc(NC(=O)c2ccc(OC)cc2Cl)cc1,42,-7.29,20,4,2.546147108078003,ok
COc1ccc(C(=O)NC(=O)Cc2ccc(C(C)C)cc2)cc1,42,-8.077,23,5,4.44277811050415,ok
NS(=O)(=O)c1ccc(-c2ccc(-c3ccc(S(N)(=O)=O)cc3)cc2)cc1,42,-7.767,26,6,5.016749858856201,ok
CC(N)=CCC(=O)c1ccc(Nc2ncc(F)c(-c3cnc(C)n3C(C)C)n2)cc1,42,-8.956,30,8,10.162428855895996,ok
CN1CCN(c2ccc(Nc3ccccc3)cc2)CC1,42,-7.587,20,3,2.514603853225708,ok
COCc1cc(C(=O)Nc2cc(C3CC[C@@H](OC(=O)NC(C)C)C3)[nH]n2)n(C)n1,42,-7.511,29,7,9.72329306602478,ok
COc1ccc(NC(=O)c2ccc(N3CCCC3=O)cc2)cc1,42,-7.828,23,4,3.3920400142669678,ok
CC(=O)N1CCC(c2ccc(NC(=O)c3ccccc3)cc2)CC1,42,-7.97,24,3,2.8076488971710205,ok
NS(=O)(=O)c1ccc(N=Cc2c(O)[nH]c3ccc(-c4cnco4)cc23)cc1,42,-8.431,27,6,6.448097229003906,ok
OC1CCN(c2ccnc(N[C@H]3CCC[C@H](NC4CCOCC4)CC3)n2)CC1,42,-6.547,28,6,21.373584032058716,ok
CN1CCN(c2ccc(Nc3ncc4c(n3)-c3c(c(C(N)=O)nn3C)CC4)cc2)CC1,42,-9.703,31,4,6.300241231918335,ok
CCc1cnn2c(NCc3ccc[n+]([O-])c3)cc(N3CCCC[C@H]3CCc3ccc[n+]([O-])c3)nc12,42,-8.901,35,7,15.026801109313965,ok
COc1ccc(N2CCC(O)CC2)c(Cc2ccccc2)c1,42,-8.042,22,5,3.5905227661132812,ok
CC(=CC(=O)c1ccc(Nc2ncc(F)c(-c3cnc(C)n3C(C)C)n2)cc1F)NC(C)C,42,-9.152,33,8,10.781033039093018,ok
O=C(Nc1ccccc1)c1ccc(N2CCCCC2)cc1,42,-7.394,21,3,2.413947343826294,ok
CN(CCN(C)c1ccccc1Cl)C(=O)Nc1cccnc1,42,-6.869,22,5,6.593957901000977,ok
Cc1ncc(-c2ccnc(Nc3ccc(CO)cc3)n2)n1C(C)C,42,-8.286,24,6,5.1458752155303955,ok
CCCNC(=O)Nc1ncc(F)c(-c2cnc(C)n2C(C)C)n1,42,-7.503,23,5,4.894806146621704,ok
CC(=O)Nc1ccc(N(C)C(=O)c2ccccc2)cc1,42,-7.47,20,3,3.51606822013855,ok
CC(C)(C)Nc1nc(C(F)(F)F)nc2ccc(-c3cccc(N)c3)cc12,42,-8.784,26,3,4.497977256774902,ok
CN[C@H]1CCN(C(=O)c2ccc(Nc3nccc(-c4cnc(C)n4C(C)C)n3)cc2)C1,42,-8.974,31,6,9.3386971950531,ok
c1ccc(Cc2nnc3sc(SSc4nn5c(Cc6ccccc6)nnc5s4)nn23)cc1,42,-8.503,32,4,13.005033254623413,ok
Cc1ncc(-c2ccnc(Nc3ccc(C(=O)C(N)=O)cc3)n2)n1C(C)C,42,-8.8,27,6,6.164379119873047,ok
CNC(=O)c1nn(C)c2c1C(C)(C)Cc1cnc(Nc3cccc(CN4CCOCC4)c3)nc1-2,42,-9.154,34,5,9.384126901626587,ok
CC(=O)Nc1ccc(Cc2ccc3c(n2)CCN(C(C)=O)C3)cc1,42,-8.241,24,3,3.56192684173584,ok
CCCN(c1cc(C)cc2c(=O)c(O)c(Cc3cc(C)nc(C)c3)oc12)[SH](=O)=O,42,-7.536,29,7,8.034555912017822,ok
CN(CCc1ccc(N2CC=C(C(N)=O)CC2)cc1)C(=O)OC(C)(C)C,42,-7.792,26,5,7.604158878326416,ok
CC(C)S(=O)(=O)c1ccc(-c2ccc(CO)cc2)cc1,42,-7.048,20,5,3.1491498947143555,ok
O=C(Cc1ccc(Cc2cccs2)cc1)Nc1cc(C2CC2)[nH]n1,42,-8.075,24,6,4.971074104309082,ok
Nc1ccc(CC(=O)Nc2[nH]nc3ccc(C4CCCC4)cc23)cc1,42,-9.315,25,5,5.772790908813477,ok
C=C(c1ccc(C(C)C)cc1)c1ccc(S(N)(=O)=O)cc1,42,-9.022,21,5,3.676988124847412,ok
CN(C)c1ccc(Nc2ccc(N3CCCC3=O)cc2)cc1,42,-7.807,22,4,3.2138619422912598,ok
CC(C)Oc1cccc2[nH]c(O)c(N=Nc3ccc(S(N)(=O)=O)cc3)c12,42,-7.934,26,7,6.1137189865112305,ok
COC(=O)N1CCc2nc(Nc3ncc(F)c(-c4cc(F)c5nc(C)n(C(C)C)c5c4)n3)ccc2C1,42,-8.775,36,4,11.01829195022583,ok
Cc1ncc(-c2cc(NC(C)C)ncc2F)n1C(C)C,42,-7.697,20,4,2.7730560302734375,ok
CC(C)S(=O)(=O)Cc1ccc(-c2ccc(S(N)(=O)=O)cc2)cc1,42,-7.367,23,6,4.441365003585815,ok
CC(=O)NC1CN(c2ccc(Nc3ncc(F)c(-c4cnc(C)n4C(C)C)n3)cc2)C1,42,-8.659,31,6,8.56783413887024,ok
C[C@H](Nc1nc(Nc2ccc(S(=N)(=O)CCO)cc2)ncc1Br)C(C)(C)O,42,-7.955,27,10,8.59450101852417,ok
C=C(C)C(=O)c1ccc(Cc2ccc(Nc3ncc(F)c(-c4cnc(C)n4C(C)C)n3)cc2)cc1,42,-9.565,35,8,12.934573650360107,ok
Cc1ncc(Nc2ccc(S(C)(=O)=O)cc2)n1C(C)C,42,-7.216,20,4,2.839622974395752,ok
O=C(c1ccccc1)N1CCc2nc(NC3=CCC3)ccc2C1,42,-8.055,23,3,3.4900810718536377,ok
COc1ccc(C(=O)Nc2ccc(C(C)C)cc2)cc1,42,-7.585,20,4,2.3614299297332764,ok
O=C(N[C@H]1CC[C@H](NC2CCOCC2)CC1)N1CCc2nc(CN3CCCCC3)ccc2C1,42,-7.841,33,5,12.016394853591919,ok
CNC(=O)c1nn(C)c2c1C(C)(C)Cc1cnc(Nc3cccc(N4CCOCC4)c3)nc1-2,42,-8.927,33,4,8.272403955459595,ok
CN(C)Cc1ccc(C(=O)Nc2cccc3c2OCCC3)cc1,42,-7.947,23,4,3.87603497505188,ok
CN1CCN(c2ccc(C(=O)Nc3ccccc3)c(Cl)c2)CC1,42,-7.404,23,3,3.636030912399292,ok
Cc1ncc(-c2nc(Nc3ccccc3)ncc2F)n1C(C)C,42,-8.597,23,4,4.075369119644165,ok
Cc1ccc(-c2ccc(C(=O)N3CCN(C(=O)C(C)C)CC3)cc2)cc1,42,-7.706,26,3,3.539915084838867,ok
O=C1CCCN1c1ccc(Nc2cccc3c2OCCCC3)cc1,42,-6.687,24,3,10.087301969528198,ok
CN1CCN(c2cccc(Nc3ncc4c(n3)-c3c(c(C(N)=O)nn3C)CC4)c2)CC1,42,-9.078,31,4,7.285556077957153,ok
CC(=O)Nc1ncc(-c2ccc(N3CCCC3)cc2)cc1C,42,-7.402,22,3,2.3896498680114746,ok
CC(C)N1CCN(c2ccc(-c3ccc(S(N)(=O)=O)cc3)cc2)CC1,42,-7.61,25,5,3.9153921604156494,ok
CC(C)(C)c1ccc(-c2ccc(S(N)(=O)=O)cc2)nc1,42,-7.378,20,3,2.5158472061157227,ok
CCOP(=O)(OCC)N(C)CCN1CCc2nc(Nc3ncc(F)c(-c4cc(F)c5nc(C)n(C(C)C)c5c4)n3)ccc2C1,42,-7.905,44,12,30.80054998397827,ok
NC(=O)c1ccc(-c2ccc(N3CCC(=O)CC3)cc2)cc1,42,-7.799,22,3,2.533724784851074,ok
Cn1nc(C(=O)Nc2ccccc2)c2c1-c1nc(Nc3ccccc3)ncc1CC2,42,-7.581,30,4,7.051291227340698,ok
O=C(Nc1ccccn1)c1ccc(N2CCCC2)cc1,42,-7.07,20,3,2.3016748428344727,ok
Cc1ccc(CC(=O)Nc2[nH]nc3ccc(N4CCCS4(=O)=O)cc23)cc1,42,-9.049,27,4,6.498210906982422,ok
Clc1cccc(Nc2nccc(-c3ccnc(N4CCOCC4)c3)n2)c1,42,-8.775,26,4,5.2590882778167725,ok
CC(C)c1cnn2c(NCc3ccccc3)cc(N[C@@H](CO)[C@H](O)CO)nc12,42,-7.819,28,11,11.86205005645752,ok
N[C@H](CNc1cc(-c2ccc3cnccc3c2)no1)Cc1ccc(C(F)(F)F)cc1,42,-8.769,30,7,10.174760818481445,ok
CC(=O)Nc1ccc(Nc2ncc(F)c(-c3cnc(C)n3C(C)C)n2)cn1,42,-8.834,27,5,6.506978988647461,ok
CSC(C)=Cc1cccc2[nH]c(O)c(N=Nc3ccc(-c4ccc(S(N)(=O)=O)cc4)cc3)c12,42,-8.273,33,8,9.885619163513184,ok
C[C@H](Nc1nc(Nc2ccc(S(C)(=N)=O)cc2)ncc1Br)C(C)(C)O,42,-8.052,25,7,6.723995208740234,ok
CN(C)CCNS(=O)(=O)c1ccc(Nc2nccc(-c3cnc4ccccn34)n2)cc1,42,-8.71,31,8,10.13227391242981,ok
CCN(C)C(=S)Nc1ncc(F)c(-c2cnc(C)n2C(C)C)n1,42,-6.907,23,4,4.740016222000122,ok
CCN(C(C)=O)c1ccc(-c2ccc(NC(C)=O)cc2)cc1,42,-6.808,22,4,3.4325509071350098,ok
CN1C/C=C/COCc2ccc(o2)-c2ccnc(n2)Nc2ccc(OCCN3CCCC3)c(c2)C1,42,-4.708,35,4,32.68767070770264,ok
O=C(c1nc(C2CCCCC2)nc2nc[nH]c12)N1CCCC1,42,-8.297,22,2,2.429003953933716,ok
CC(C)Oc1ccc(-c2ccc(S(N)(=O)=O)cc2)cc1,42,-7.635,20,5,2.7694060802459717,ok
CC(=NCN)c1ccc(Cc2ccc(Nc3nccc(-c4cnc(C)n4C(C)C)n3)cc2)cc1,42,-9.05,34,9,14.499454975128174,ok
O=S(=O)(c1ccccc1)N1CCC(Nc2ccc(F)cc2)CC1,42,-7.266,23,4,4.013188123703003,ok
NC(=O)NC(=O)CC(=O)Nc1[nH]nc2ccc(N3CCCCC3=O)cc12,42,-9.712,26,4,6.347222089767456,ok
Cc1ncc(-c2nc(Nc3ccc(C(N)=O)cc3)ncc2F)n1C(C)C,42,-8.824,26,5,6.075301170349121,ok
CC(=O)C(=O)c1ccc(Nc2ncc(F)c(-c3cnc(C)n3C(C)C)n2)cc1,42,-8.735,28,6,6.775136947631836,ok
COCCNc1cc(Nc2ccc(OCC(O)CN(C)C)cc2)ncn1,42,-6.807,26,12,10.57404899597168,ok
O=C(NC1CCCC1)c1ccc(Nc2cn[nH]c2C(=O)NC2CCNCC2)cc1,42,-8.786,29,6,7.795397043228149,ok
NS(=O)(=O)c1ccc(-c2ccc(N3CCCC3)cc2)cc1,42,-7.373,21,4,2.830181121826172,ok
CC(C)NC(=O)c1ccc2c(n1)CCN(C(=O)C1CCC1)C2,42,-7.297,22,3,3.4505200386047363,ok
OC1CCN(c2cccc(Cc3ccc(F)cc3)c2)CC1,42,-8.59,21,4,3.304730176925659,ok
CC(=O)c1ccc(Nc2ncc(F)c(-c3cnc(C)n3C(C)C)n2)cc1,42,-8.77,26,5,5.47078275680542,ok
Cc1ncc(-c2nc(Nc3ccc(N4CCOCC4)cc3)ncc2F)n1C(C)C,42,-9.115,29,5,6.319409132003784,ok
CN1CCN(c2cccc(C(=O)Nc3cccnc3)c2)CC1,42,-8.17,22,3,2.9918410778045654,ok
C=C(C)N(C)C(=O)c1ccc(Nc2ncc(F)c(-c3cnc(C)n3C(C)C)n2)cc1F,42,-9.012,31,6,8.879570960998535,ok
NCCCCNC(=O)c1ccc(CNc2nc(N[C@H]3CC[C@H](N)CC3)nc3c2ncn3C2CCCC2)cc1,42,-8.464,38,13,29.87471103668213,ok
Nc1nc2ccc(C(=O)c3ccc(Br)cc3C(=O)O)cn2c1N1CCCC1,42,-6.974,27,5,7.793735027313232,ok
CC(=Cc1ccc(Nc2ncc(F)c(-c3cnc(C)n3C(C)C)n2)cc1F)CS,42,-8.65,29,7,8.862864971160889,ok
Cc1cc(Nc2ncc(Br)c(N[C@H](C)[C@H](C)O)n2)ccc1S(C)(=N)=O,42,-7.803,25,7,7.1391987800598145,ok
C1=C(c2cc(NCc3ccc(N4CCCNCC4)cn3)ccn2)CC1,42,-6.52,25,5,13.568579196929932,ok
C=CC(=O)Nc1ccc(C(=O)N2CCCC(Nc3ncc(C=Cc4ncc(C(C)(C)C)o4)s3)C2)cc1,42,-8.309,36,7,19.97294282913208,ok
NS(=O)(=O)c1ccc(-c2ccc(-c3ccccc3)cc2)cc1,42,-7.694,22,4,2.8339667320251465,ok
Cc1ncc(-c2ccnc(NC(=O)C(C)C)n2)n1C(C)C,42,-7.853,21,4,3.345000982284546,ok
CC(C)N(C)c1ccc(-c2ccc(S(N)(=O)=O)cc2)cc1,42,-7.093,21,5,3.3333818912506104,ok
CC(=O)N1CC=C(Nc2cccc3c2OCCCC3)CC1,42,-6.458,21,2,8.012497901916504,ok
CCn1c(-c2ccnc(Nc3ccc(S(=O)(=O)NCCOC)cc3)n2)cnc1C,42,-7.899,29,9,10.21540904045105,ok
CCNC(=O)c1ccc(Nc2ncc(F)c(-c3cnc(C)n3C(C)C)n2)cc1SC,42,-8.662,30,7,8.307638168334961,ok
Cc1cc(S(=O)(=O)N(C)C)ccc1Nc1ccccc1,42,-7.854,20,4,2.9323840141296387,ok
Cc1c(N[C@H]2CCCNC2)nc2ccnn2c1-c1ccc(O)c(Br)c1,42,-8.56,25,3,4.007200002670288,ok
O=C(Nc1ccccn1)Nc1cccc2c1[C@H]1CCCN1C2=O,42,-9.146,23,2,2.792144775390625,ok
Cc1ncc(-c2ccnc(Nc3ccc(Cl)cc3)n2)n1C(C)C,42,-8.538,23,4,4.068673133850098,ok
NS(=O)(=O)c1ccc(-c2ccnc(N3CCCC3)n2)cc1,42,-8.161,21,4,3.42399525642395,ok
O=C(c1ccc(NCCc2ccccc2)cc1)N1CCCC1,42,-7.462,22,5,4.631197929382324,ok
NC(=O)c1ccc(-c2ccc(N3CCOCC3)cc2)cc1,42,-7.552,21,3,2.526015043258667,ok
CCN1CCC(c2ccc(Nc3ncc(F)c(-c4cc(F)c5nc6n(c5c4)C(C)(C)CC6)n3)nc2)CC1,42,-9.077,37,5,12.75918984413147,ok
CC(C)c1cccc(CC(=O)Cc2ccc(S(N)(=O)=O)cc2)c1,42,-8.511,23,7,5.58582615852356,ok
Cc1ncc(-c2nc(CC(=O)NC(C)C)ncc2F)n1C(C)C,42,-7.875,23,5,4.518014907836914,ok
O=C1NC(=O)C(n2c(O)ccc2O)=C1c1coc2cc(CO)ccc12,42,-7.629,25,6,5.347003698348999,ok
Nc1ncnc2occ(-c3ccc(NC4CCC(C5CCNCC5)C4)cc3)c12,42,-8.902,28,5,5.8015501499176025,ok
CN(C)C(=O)c1ccc(NC(=O)c2ccccc2)nc1,42,-7.258,20,3,2.60355806350708,ok
CC(=CNC=CC(=O)c1ccc(Nc2ncc(F)c(-c3cnc(C)n3C(C)C)n2)cc1F)NSF,42,-8.831,35,10,18.23287606239319,ok
Cc1ncc(-c2ccnc(Nc3ccc(C(=O)N(C)C)c(F)c3)n2)n1C(C)C,42,-8.8,28,5,6.523876905441284,ok
CCCc1ccc(-c2ccc(S(N)(=O)=O)cc2)cc1F,42,-8.349,20,5,2.6580119132995605,ok
C=C(C)N[C@@H]1CCN(C(=O)c2ccc(Nc3ncc(F)c(-c4cnc(C)n4C(C)C)n3)cc2)C1,42,-9.204,34,7,13.406364917755127,ok
COc1ccc(-c2ccc(C(=O)N3CCC(O)CC3)cc2)cc1,42,-8.262,23,4,2.8524229526519775,ok
Cc1cc(S(=O)(=O)NC2CC2)ccc1Cc1ccccc1,42,-8.278,21,5,3.802337169647217,ok
NC(=O)c1ccc(Nc2nc(N)c(N=O)c(OCC3CCCCC3)n2)cc1,42,-8.983,27,8,8.46275281906128,ok
CC(C)=CNc1ccc(CC(=O)c2ccc(Nc3ncc(F)c(-c4cnc(C)n4C(C)C)n3)cc2)cc1,42,-9.392,37,9,20.3423068523407,ok
O=C(Nc1[nH]nc2nc(-c3cccc(O)c3)ccc12)C1CC1,42,-7.706,22,4,3.4235332012176514,ok
CCN(c1ccc(-c2ccc(S(N)(=O)=O)cc2)nc1)C(C)C,42,-6.528,22,6,4.430154085159302,ok
COc1ccc(N2CCN(c3ccccc3)CCNC2)cc1,42,-5.473,22,3,10.455699920654297,ok
Cc1ncc(-c2ccnc(-c3ccnc(Nc4ccc(C(N)=O)cc4)n3)n2)n1C(C)C,42,-8.427,31,6,9.968934774398804,ok
CCOC(=O)c1cnn2c(-c3ccc(Cl)cc3)nc(NCc3ccccc3)nc12,42,-8.44,29,5,8.430860042572021,ok
O=C1C(c2[nH]c3ccccc3c2O)=Nc2ccccc21,42,-8.128,20,2,1.6612818241119385,ok
NC(=O)c1ccc(OC(=O)N2CCN(c3ccccc3)CC2)cc1,42,-7.501,24,3,5.438456058502197,ok
CC(C)c1[nH]nc2c(NCc3ccc(-c4ccccn4)cc3)nc(C(C)(C)O)nc12,42,-9.055,30,7,8.018126010894775,ok
C=C(C)n1c(CC(=O)c2ccc(Nc3ncc(F)c(-c4cnc(C)n4C(C)C)n3)cc2F)cnc1C,42,-9.288,36,8,13.720410108566284,ok
CCN(CCCc1ccc(Nc2ncc(C(F)(F)F)c(OC3CCCCC3)n2)cc1)C(C)=O,42,-8.111,33,9,14.686444759368896,ok
CN(C(=O)c1ccc(C(N)=O)cc1)c1ccccc1Cl,42,-7.966,20,3,2.7526700496673584,ok
Cc1ncc(-c2ccnc(Nc3cccnc3)n2)n1C(C)C,42,-8.209,22,4,3.646726131439209,ok
CN(C)S(=O)(=O)c1ccc(NC(=O)c2ncoc2-c2ccc(N3CCCC3=O)cc2)cc1,42,-9.433,32,6,10.521328926086426,ok
CC(C)Nc1ccc(-c2ccc(S(N)(=O)=O)cc2)cc1,42,-7.761,20,5,3.117961883544922,ok
CC(=CC(=N)c1ccc(Nc2ncc(F)c(-c3cnc(C)n3C(C)C)n2)cc1)C(=O)c1cnc(C)n1C(C)C,42,-9.193,39,9,22.306850910186768,ok
Cc1nc2c(F)cc(-c3nc(Nc4ccc5c(n4)CCN(C(=O)CN(C)C)C5)ncc3F)cc2n1C(C)C,42,-8.849,38,6,15.021661043167114,ok
CC(=O)Nc1ccc(Cc2ccc(C=C3CC(=O)NC(=N)S3)cc2)cc1,42,-9.251,26,4,4.005770921707153,ok
O=C(NC1CCCC1)c1ccc(CN2CCCCC2)cc1,42,-7.631,21,4,2.990541696548462,ok
NS(=O)(=O)c1ccc(OCc2c(F)cccc2F)cc1,42,-8.027,20,5,4.065432071685791,ok
C=C1N=C([C@H]2CC[C@H](N)CC2)C=C(Nc2ccc(F)c(Cl)c2)N1N,42,-9.427,24,5,5.397515058517456,ok
Cc1ncc(-c2nc(C(=O)NC(=O)N(C)C)ncc2F)n1C(C)C,42,-7.975,24,3,3.6723639965057373,ok
CN1CCN(c2ccc(NCc3ccccc3F)cc2)CC1,42,-8.015,22,4,3.215636968612671,ok
Cc1ncc(-c2ccnc(Nc3ccc(C(=O)CN)cc3)n2)n1C(C)C,42,-8.453,26,7,6.878259181976318,ok
CCCc1ccc(Sc2ccc(S(N)(=O)=O)cc2)cc1,42,-7.581,20,6,3.653411865234375,ok
O=C(Cc1ccc(Br)cc1)Nc1[nH]nc2ccc(N3CCCS3(=O)=O)cc12,42,-8.948,27,4,6.142066955566406,ok
CCS(=N)(=O)c1ccc(Nc2ncc(Br)c(N[C@H](COC)[C@H](C)O)n2)cc1,42,-7.19,27,10,10.251927137374878,ok
CC(=O)Nc1nc(C)c(F)c(-c2cnc(C)n2C(C)C)n1,42,-7.407,21,3,2.9989230632781982,ok
O=C(c1ccccc1)N1CCc2nc(NC3CC3)ccc2C1,42,-8.128,22,3,3.4242749214172363,ok
COc1ccc(-c2nn(-c3ccccc3)cc2C(=O)NC(=S)Nc2ccc(C)cc2)cc1,42,-7.268,32,5,9.376106023788452,ok
Cc1c(N[C@H]2CCCNC2)nc2ccnn2c1Nc1ccc2c(cnn2C)c1,42,-9.128,28,3,5.616995811462402,ok
Cc1ncc(-c2ccc(NC(=O)CC(C)C)cc2)n1C(C)C,42,-7.128,22,5,3.8182830810546875,ok
CC(C)=Cc1cccc2[nH]c(O)c(NNc3ccc(S(N)(=O)=O)cc3)c12,42,-8.125,26,7,7.413881778717041,ok
O=C(Nc1ccc(N2CCCCC2=O)cc1)c1ccccc1,42,-7.583,22,3,2.3537662029266357,ok
Cc1ncc(-c2ccnc(Nc3nc(-c4ccnc(Nc5ccc(C(N)=O)cc5)n4)ncc3S)n2)n1C(C)C,42,-8.738,39,9,22.491240978240967,ok
NC(=O)C1CCC(N2CC=C(c3ccccc3)CC2)CC1,42,-7.334,21,3,2.6203508377075195,ok
NS(=O)(=O)c1ccc(NC(=O)Cc2ccccc2)cc1,42,-7.564,20,5,3.979085922241211,ok
C=CC(=O)Nc1cccc(C(=O)N2CCCC(Nc3ncc(SCc4ncc(C(C)(C)C)o4)s3)C2)c1,43,-8.252,36,8,22.2704439163208,ok
C=CC(=O)Nc1cccc(C(=O)N2CCCC(Nc3ncc(SCc4ncc(C(C)(C)C)o4)s3)C2)c1,44,-8.28,36,8,22.34681797027588,ok
CC(=CC(=O)c1ccc(Nc2ncc(F)c(-c3cnc(C)n3C(C)C)n2)cc1)C(C)C,43,-9.103,31,7,9.359752178192139,ok
CC(=CC(=O)c1ccc(Nc2ncc(F)c(-c3cnc(C)n3C(C)C)n2)cc1)C(C)C,44,-9.114,31,7,9.185039281845093,ok
CC(=O)N1CCC(Nc2ccc(-c3cnc(C)n3C(C)C)cc2F)CC1,43,-7.682,26,4,5.915163040161133,ok
CC(=O)N1CCC(Nc2ccc(-c3cnc(C)n3C(C)C)cc2F)CC1,44,-7.685,26,4,6.325631856918335,ok
CC(=O)Nc1ccc(C(C)C(=O)NNc2ccc(S(N)(=O)=O)cc2)cc1,43,-8.237,26,7,6.993169069290161,ok
CC(=O)Nc1ccc(C(C)C(=O)NNc2ccc(S(N)(=O)=O)cc2)cc1,44,-8.217,26,7,6.357971906661987,ok
CC(=O)Nc1ccc(CNc2nc(NC(CO)CO)nc3c(C(C)C)cnn23)cc1,43,-8.509,30,9,9.283495903015137,ok
CC(=O)Nc1ccc(CNc2nc(NC(CO)CO)nc3c(C(C)C)cnn23)cc1,44,-8.511,30,9,8.984492063522339,ok
CC(C)(C)c1cnc(CSc2cnc(N[C@H]3CC[C@H](O)CC3)s2)o1,43,-7.414,24,6,7.156826019287109,ok
CC(C)(C)c1cnc(CSc2cnc(N[C@H]3CC[C@H](O)CC3)s2)o1,44,-7.001,24,6,7.959594964981079,ok
CC(C)NCc1ccc(Cc2ccc(S(N)(=O)=O)cc2)cc1,43,-8.457,22,7,5.389206171035767,ok
CC(C)NCc1ccc(Cc2ccc(S(N)(=O)=O)cc2)cc1,44,-8.47,22,7,4.851145029067993,ok
CC(C)Nc1ccc(-c2ccc(S(N)(=O)=O)cc2)cc1,43,-7.714,20,5,2.8716628551483154,ok
CC(C)Nc1ccc(-c2ccc(S(N)(=O)=O)cc2)cc1,44,-7.766,20,5,3.4778459072113037,ok
CC(C)c1ccc(CNc2ccc(S(N)(=O)=O)cc2)cc1,43,-7.891,21,6,4.228946924209595,ok
CC(C)c1ccc(CNc2ccc(S(N)(=O)=O)cc2)cc1,44,-7.894,21,6,4.08440899848938,ok
CC(C)c1cnn2c(NCc3ccccc3)cc(N[C@@H](CO)[C@@H](O)CO)nc12,43,-7.925,28,11,11.920204877853394,ok
CC(C)c1cnn2c(NCc3ccccc3)cc(N[C@@H](CO)[C@@H](O)CO)nc12,44,-7.931,28,11,12.037796258926392,ok
CCC(C(=O)C(=O)c1cnc(C)n1C(C)C)c1ccc(Nc2ncc(F)c(-c3cnc(C)n3C(C)C)n2)cc1,43,-8.894,39,10,17.797086000442505,ok
CCC(C(=O)C(=O)c1cnc(C)n1C(C)C)c1ccc(Nc2ncc(F)c(-c3cnc(C)n3C(C)C)n2)cc1,44,-8.869,39,10,21.34290909767151,ok
CCCNc1ncc(F)c(-c2cnc(C)n2C(C)C)n1,43,-7.243,20,5,2.990219831466675,ok
CCCNc1ncc(F)c(-c2cnc(C)n2C(C)C)n1,44,-7.243,20,5,3.270995855331421,ok
CCN(CCCc1ccc(Nc2ncc(C(F)(F)F)c(OC3CCCCC3)n2)cc1)C(C)=O,43,-7.983,33,9,15.091890096664429,ok
CCN(CCCc1ccc(Nc2ncc(C(F)(F)F)c(OC3CCCCC3)n2)cc1)C(C)=O,44,-8.14,33,9,15.476229906082153,ok
CN(C)CCNS(=O)(=O)c1ccc(Nc2cccc(-c3cnc4ccccn34)c2)cc1,43,-9.251,31,8,8.97010612487793,ok
CN(C)CCNS(=O)(=O)c1ccc(Nc2cccc(-c3cnc4ccccn34)c2)cc1,44,-9.167,31,8,8.996906995773315,ok
CNC(=O)c1ccc(Nc2ncc(F)c(-c3cnc(C)n3C(C)C)n2)cc1F,43,-9.071,28,5,6.6244378089904785,ok
CNC(=O)c1ccc(Nc2ncc(F)c(-c3cnc(C)n3C(C)C)n2)cc1F,44,-9.071,28,5,5.873499870300293,ok
CNNc1n[nH]c2c1CN(C(=O)O[C@H](CN(C)C)c1ccccc1)C2(C)C,43,-7.362,27,6,9.395547151565552,ok
CNNc1n[nH]c2c1CN(C(=O)O[C@H](CN(C)C)c1ccccc1)C2(C)C,44,-7.344,27,6,9.031351089477539,ok
COC(C)(C)n1nc(NCc2ccc(N3CCN(C)CC3)cc2)c2c(N)ncnc21,43,-8.234,30,7,8.91274905204773,ok
COC(C)(C)n1nc(NCc2ccc(N3CCN(C)CC3)cc2)c2c(N)ncnc21,44,-8.242,30,7,8.624670028686523,ok
COCCNc1cc(Nc2ccc(OCC(O)CN(C)C)cc2)ncn1,43,-6.7,26,12,9.687183141708374,ok
COCCNc1cc(Nc2ccc(OCC(O)CN(C)C)cc2)ncn1,44,-6.763,26,12,11.737563848495483,ok
COc1ccc(C=CNC(=O)N2CCc3cnc(Nc4ccnn4C)nc3C2)cn1,43,-8.065,30,5,8.274893045425415,ok
COc1ccc(C=CNC(=O)N2CCc3cnc(Nc4ccnn4C)nc3C2)cn1,44,-8.075,30,5,7.748306035995483,ok
CSCNC(=S)c1ccc(NC(=O)c2ccc(Nc3ncc(F)c(-c4cnc(C)n4C(C)C)n3)cc2F)cc1,43,-8.297,39,9,20.58498787879944,ok
CSCNC(=S)c1ccc(NC(=O)c2ccc(Nc3ncc(F)c(-c4cnc(C)n4C(C)C)n3)cc2F)cc1,44,-8.324,39,9,20.078562021255493,ok
C[C@H](Nc1nc(Nc2ccc(S(=N)(=O)CCO)cc2)ncc1Br)C(C)(C)O,43,-7.886,27,10,9.636934995651245,ok
C[C@H](Nc1nc(Nc2ccc(S(=N)(=O)CCO)cc2)ncc1Br)C(C)(C)O,44,-7.902,27,10,8.870487689971924,ok
Cc1ccc(NC(=S)NC(=O)c2cn(-c3ccccc3)nc2-c2ccc(C)cc2)cc1,43,-8.412,31,4,7.834686994552612,ok
Cc1ccc(NC(=S)NC(=O)c2cn(-c3ccccc3)nc2-c2ccc(C)cc2)cc1,44,-8.41,31,4,8.116332054138184,ok
Cc1nc2ccccn2c1-c1ccnc(N)n1,43,-7.117,17,2,1.5700571537017822,ok
Cc1nc2ccccn2c1-c1ccnc(N)n1,44,-7.116,17,2,1.7059288024902344,ok
Cc1ncc(-c2ccnc(Nc3ccc(C(=O)N(C)C)cc3)n2)n1C(C)C,43,-8.787,27,5,5.905994176864624,ok
Cc1ncc(-c2ccnc(Nc3ccc(C(=O)N(C)C)cc3)n2)n1C(C)C,44,-8.775,27,5,5.25189995765686,ok
Cc1ncc(-c2ccnc(Nc3ccc(S(=O)(=O)NCCCOC(C)C)cc3)n2)n1C,43,-7.664,31,10,13.60235595703125,ok
Cc1ncc(-c2ccnc(Nc3ccc(S(=O)(=O)NCCCOC(C)C)cc3)n2)n1C,44,-7.902,31,10,14.826022863388062,ok
Cc1ncc(-c2ccnc(Nc3nc(-c4ccnc(Nc5ccc(C(N)=O)cc5)n4)ncc3S)n2)n1C(C)C,43,-7.74,39,9,22.383431911468506,ok
Cc1ncc(-c2ccnc(Nc3nc(-c4ccnc(Nc5ccc(C(N)=O)cc5)n4)ncc3S)n2)n1C(C)C,44,-7.712,39,9,20.970630884170532,ok
Cc1ncc(-c2nc(Nc3ccc(C(NC(C)C)C(=O)C(=O)C(C)C)cc3)ncc2F)n1C(C)C,43,-8.541,35,10,15.619192838668823,ok
Cc1ncc(-c2nc(Nc3ccc(C(NC(C)C)C(=O)C(=O)C(C)C)cc3)ncc2F)n1C(C)C,44,-8.623,35,10,15.061392068862915,ok
NS(=O)(=O)c1ccc(-c2ccnc(N3CCCC3)n2)cc1,43,-8.16,21,4,3.3679821491241455,ok
NS(=O)(=O)c1ccc(-c2ccnc(N3CCCC3)n2)cc1,44,-8.159,21,4,3.490665912628174,ok
NS(=O)(=O)c1ccc(N=Cc2c(O)[nH]c3ccc4ncsc4c23)cc1,43,-8.171,25,5,4.9761269092559814,ok
NS(=O)(=O)c1ccc(N=Cc2c(O)[nH]c3ccc4ncsc4c23)cc1,44,-8.172,25,5,5.006109952926636,ok
OC1CCC(c2[nH]ncc2-c2ccnc(NC3CCCC3)n2)CC1,43,-7.861,24,5,5.652277946472168,ok
OC1CCC(c2[nH]ncc2-c2ccnc(NC3CCCC3)n2)CC1,44,-7.857,24,5,4.806552886962891,ok
