smiles,hinge_distance,hinge_contact
COC1CCN(c2nccc(Nc3cc4c(ccn4C4CCCC4)cn3)n2)CC1,2.810159781934123,True
CC(=CC(=O)c1ccc(Nc2ncc(F)c(-c3cnc(C)n3C(C)C)n2)cc1)C(C)C,3.0365302567239514,True
COc1ccccc1C(=O)Nc1ccc(N2CCCN(C)CC2)cc1,3.607148596883693,False
Oc1cccc(N2CCN(Cc3ccccc3F)CC2)c1,3.8160172955582947,False
CN(C)S(=O)(=O)c1ccc(Nc2cc(N[C@H]3CC[C@H](N)CC3)nc3c(Br)cnn23)cc1Cl,2.978615114444971,True
N[C@H](C=Nc1nnc(-c2ccc(N3CCNCC3)cc2)s1)Cc1cccc(Cl)c1,3.824288299801677,False
COCCNS(=O)(=O)c1ccc(Nc2nccc(-c3cnc(C)n3C(C)C)n2)cc1,3.0579192271870106,True
O=C(O)c1ccc2[nH]c(O)c(Nc3ccccc3F)c2c1,3.2890541193479943,True
CC(=CC=CCNC(=O)c1ccc(Nc2ncc(F)c(-c3cnc(C)n3C(C)C)n2)cc1F)NSF,3.0527196071699767,True
CC(C)C(=O)c1ccc(-c2ccc(S(N)(=O)=O)cc2)nc1,5.151106580143729,False
Oc1ccc(N2CCC(O)CC2)cc1-c1ccc(N2CCNCC2)cc1,3.0598648662972114,True
COC[C@H](Nc1nc(Nc2ccc(S(C)(=N)=O)cc2)ncc1Br)[C@H](C)O,2.7545302684849946,True
Cc1nc2c(F)cc(-c3nc(NCc4ccc(O)c(O)c4)ncc3F)cc2n1C1CC1,2.9278302546425032,True
CC(C)CC(=O)c1ccc(-c2ccc(S(N)(=O)=O)cc2)cc1,2.915081302468256,True
CCC(C)=CNC(=O)C(=O)c1ccc(Nc2ncc(F)c(-c3cnc(C)n3C(C)C)n2)cc1F,2.961634346100147,True
Cc1ncc(-c2ccnc(Nc3ccc(S(=O)(=O)NCCCOC(C)C)cc3)n2)n1C,3.0423601036037846,True
CC(C)Cc1ccc(Oc2ccc(S(N)(=O)=O)cc2)cc1,7.075352429384695,False
CC(C)c1cc(-c2ccc(-c3ccc(S(N)(=O)=O)cc3)cc2)n[nH]1,3.0917997994695554,True
CC(CO)Sc1nc(Nc2ccc(S(C)(=N)=O)cc2)ncc1Br,3.0349922569917727,True
Cc1ccccc1C(=O)Nc1ccc(NC(=O)C(F)(F)F)cc1,4.168325563100846,False
CC(=O)NC(=O)Nc1ncc(F)c(-c2cnc(C)n2C(C)C)n1,3.1614841451444944,True
CC(C)c1ccc(CNc2ccc(S(N)(=O)=O)cc2)cc1,7.638440220359129,False
CC(C)Nc1nccc(-c2ccc(S(N)(=O)=O)cc2)n1,3.025171234822915,True
CS(=N)(=O)Cc1cccc(Nc2ncc(F)c(NCc3cccnc3)n2)c1,2.911593893385546,True
C=C(c1ccc(C(=O)NC)cc1)c1ccc(S(N)(=O)=O)cc1,3.3612351896289523,True
CC(=O)Nc1ccc(N(C)CCN(C)C(=O)OC(C)(C)C)nn1,3.931342391601117,False
O=C(Nc1ccccc1)c1ccc(C(=O)NC2CCCC2)cc1,3.4609601269012082,True
O=C(Cc1ccc(OC(F)(F)F)cc1)Nc1cc(C2CC2)[nH]n1,3.2996440717144075,True
C=C(C)CNC(=O)C(=O)c1ccc(Nc2ccc(Nc3ncc(F)c(-c4cnc(C)n4C(C)C)n3)cc2)cc1,2.8843935237758456,True
c1nc2nc(OCC3CCCC3)nc(OC3CCCC3)c2[nH]1,3.033370897203309,True
O=C(O)N1CCc2cnc(NCc3cccc(Cl)c3)nc2C1,2.965756227338992,True
CC(C)n1cnc2c(NCc3ccccc3)nc(NCCO)nc21,2.911000171762278,True
CCN(CC)c1cnc(Nc2cnn(C)c2)nc1NCCCNC(=O)C1CCC1,3.2745486711911944,True
CN=S(C)(=O)c1ccc(Nc2ncc(Br)c(N[C@H](C)[C@H](C)O)n2)cc1OC,2.9285663728179423,True
CC(O)C(=O)N1CCN(c2ccc(C(=O)N3CCCC3)cc2)CC1,4.066886524111534,False
C=C(C)CN[C@@H](C)CCNC(=O)c1ccc(Nc2ncc(F)c(-c3cnc(C)n3C(C)C)n2)cc1,2.9910000000000037,True
c1cc(-c2cc(C3CC3)[nH]n2)c2cc(C3CCNCC3)[nH]c2n1,2.9774359774813006,True
CC(C)c1cnn2c(NCC(F)(F)F)cc(NC[C@H]3CCNC[C@@H]3O)nc12,3.1297408838432617,True
Cn1nc(C(N)=O)c2c1-c1nc(Nc3ccccc3)ncc1CC2,5.36841699200053,False
CC(C)c1cnn2c(NCC(=O)C(C)c3ccccc3)nc(N3CCC[C@@H]3CO)nc12,2.411318518985005,True
C=C(C)c1ccc(NNC(=O)c2ccc(Nc3ncc(F)c(-c4cnc(C)n4C(C)C)n3)cc2F)cc1F,2.9597584360889964,True
CC(=O)Nc1ccc(-c2ccc(CN3CCOCC3)cc2)cc1C,3.5940557869905203,False
NC(=O)Nc1ccc(C(=O)N2CCN(c3ccccc3)CC2)cc1,3.7073599771265844,False
CN(C)c1ccc(NC(=O)c2ccccc2)c(C(=O)N2CCC2)c1,6.269607403976738,False
Cc1cccc(C(=O)NC(=O)c2ccc(C(C)C)cc2)c1,3.2637746552113525,True
CC(=O)Nc1ccc(CNc2nc(Nc3ccc4c(n3)CCN(C(C)C)C4)ncc2F)cc1,2.8255013714383526,True
Cc1[nH]nc2ccc(-c3cncc(Nc4ncc5cc(C(=O)N(C)C)n(C6CCCC6)c5n4)n3)cc12,2.917682813466878,True
CC(C)NC(=O)N(C)CCN(C)c1ccc(C(C)C)cc1,6.4160864239815165,False
CC(C)C=c1cc(-c2ccc[nH]2)c2c(O)[nH]c3ccc(F)c1c32,6.247608982642887,False
COc1ccc(CC(=O)Nc2ccc(N3CCCC3)cc2)cc1,3.744793852804187,False
CC(=O)Nc1ncc(F)c(-c2cnc(C)n2C(C)C)n1,3.242012338039447,True
O=C(Nc1ccc(F)cc1)c1[nH]ncc1NC(=O)c1c(F)cccc1F,2.882018042969194,True
CC(=O)Nc1ccc(-c2ccc(N3CCOCC3)cc2)cc1,4.274257128437635,False
CCCc1cccc(Nc2ccc(N3CCN(CC4CCS4)CC3)cn2)c1,3.495730681846073,True
C=CC(=O)Nc1cccc(C(=O)N2CCCC(Nc3ncc(SCc4ncc(C(C)(C)C)o4)s3)C2)c1,3.305781904481909,True
CCNc1nc(OC)c(F)c(-c2cnc(C)n2C(C)C)n1,4.072942302562122,False
Nc1ccc(-c2cc(Nc3ccc(S(N)(=O)=O)cc3)[nH]n2)cc1,3.3870494534328803,True
CC(=O)Nc1ccc(C(C)C(=O)NNc2ccc(S(N)(=O)=O)cc2)cc1,3.132410254101468,True
O=C(NN1CCN(C(=O)c2ccccc2)CC1)c1ccccc1,3.3179566000778307,True
CN(C)Cc1c(O)cc(O)c2c(=O)cc(Sc3ccccc3N)oc12,3.2502382989559377,True
C=C(C)c1ccc(NNc2ccc(Nc3ncc(F)c(-c4cnc(C)n4C(C)C)n3)cc2)cc1F,3.0836979424061686,True
c1nc2nc(C3CCOCC3)nc(OCC3CCCCC3)c2[nH]1,3.1824748231525737,True
CCN1CC=C(NC(=O)c2ccc(N3CCCC3=O)cc2)CC1,3.444318219909422,True
Cc1ncc(-c2ccnc(NC(=O)CC(C)C)n2)n1C(C)C,3.241990129534641,True
COc1ccc(CC(=O)c2c(N)nc3ccc(C(=O)c4ccccc4)cn23)cc1O,4.0296762897284895,False
c1cc2c(-c3ccnc(Nc4ccc5c(n4)CCNC5)n3)c[nH]c2cn1,2.9336763625185367,True
CN1CCN(c2cccc(C(=O)Nc3ccc(F)cc3)c2)CC1,3.6739032377023793,False
NC(=O)c1ccc(CCN2CCN(C(=O)c3ccccc3)CC2)cc1,4.221648374746537,False
Cc1cc(C(C)C)ccc1Nc1ccc(S(N)(=O)=O)cc1,6.826453398361406,False
Nc1nc2ccc(NC(=O)CCNC(=O)C3CCC3)cn2c1Cc1ccccc1,3.7104743632047974,False
C=C(C)c1ccc(NC(=O)c2ccc(Nc3ncc(F)c(-c4cnc(C)n4C(C)C)n3)cc2F)cc1F,3.5028738201653837,False
CN(C)[C@@H]1CCN(C(=O)c2ccc(NNC[C@@H](N)Cc3ccc(C(F)(F)F)cc3)cc2)C1,2.882451907664731,True
Cc1ccc(F)c(Nc2cc(Nc3ccc(OCC(O)CN(C)C)cc3)ncn2)c1,2.958329427227471,True
O=[N+]([O-])c1ccc(Nc2nccc(-c3cnn4ncccc34)n2)cc1,2.95689110384539,True
CCC(=O)Nc1ccc(-c2ccc(NC(C)=O)cc2)cc1,4.54191699615922,False
O=C(NC1CCCC1)c1ccc(Cc2ccccc2)cc1,7.7837880880712556,False
CCN(CC)C1CCN(C2CCN(c3ccc(Nc4ncc5cc6n(c5n4)C4(CCCCC4)CNC6=O)nc3)CC2)C1,3.184020257473249,True
Cc1ncc(-c2nc(NC(=S)N(C)C)ncc2F)n1C(C)C,3.360494904028275,True
Cc1ncc(-c2nc(Nc3ccc(C(=O)Nc4ccc(C(=O)S)c(F)c4)c(F)c3)ncc2F)n1C(C)C,2.915984567860402,True
O=C(O)c1ccc2[nH]c(O)c(C=c3[nH]cc4c3=CCOC4=O)c2c1,5.094277083159106,False
COc1cc(C(C)C)ccc1NC(=O)c1ccccc1,3.5378595223666,False
CCCC(=O)Nc1ncc(F)c(-c2cnc(C)n2C(C)C)n1,3.194585732141183,True
CC(=O)C1CCc2nc(Nc3ncc(F)c(C(=O)c4cccs4)n3)ccc2C1,3.048200944819746,True
CC(=O)N1CCC(NC(=O)c2ccc(N(C)C)cc2)CC1,3.034483316810299,True
O=C(c1ccc2ccccc2c1)c1cn(-c2ccccc2)nc1C1=Nn2c(n[nH]c2=S)SC1,4.489305180091912,False
COc1ccccc1Nc1ccc(N2CCN(C)CC2)nc1,3.2291316170140845,True
CC(C)N1CCN(c2ccc(Nc3ncc4cc5n(c4n3)C3(CCCCC3)CNC5=O)nc2)C[C@H]1C,4.118551687183252,False
CC(C)(N)CN1CCc2nc(-c3cc(C4CCCNC4)nc(N)n3)ccc2C1,2.857737041786736,True
C#CCN1CCCC1CN1CCc2nc(Nc3ncc(F)c(-c4cc(F)c5nc(C)n(C(C)C)c5c4)n3)ccc2C1,2.6386348743242225,True
CC(C)=CN(C)N(C)C(=O)C(=O)c1ccc(Nc2ncc(F)c(-c3cnc(C)n3C(C)C)n2)cc1F,2.9717365293713396,True
CCS(=N)(=O)c1ccc(Nc2ncc(Br)c(N[C@@H](C)[C@H](C)O)n2)cc1,3.177310183158079,True
O=S(=O)(NCCc1c[nH]cn1)c1ccc(N=Cc2c(O)[nH]c3ccc4ncsc4c23)cc1,2.7631802329924136,True
CC(C)NC(=O)c1ccc(-c2cccc3c2OCCC3)nc1,3.378212101097264,True
CN1CCN(Cc2ccc(NC(=O)c3[nH]ncc3Nc3ncnc4[nH]ccc34)cc2)CC1,3.06656827740718,True
COC(=O)Nc1ccc(Cc2ccc(OC)cc2)cc1,3.6940196263690845,False
Cc1ncc(-c2nc(Nc3ccc(C(=O)NC4CCN(C)CC4)c(F)c3)ncc2F)n1C(C)C,2.841681896342373,True
CN1CCCN(c2ccc(NC(=O)c3cccnc3)cc2)CC1,3.35364473371882,True
C=C(NC(=O)Cc1ccccc1)c1ccc(C(C)(C)C)cc1,5.225854762620183,False
CC(=C[C@@H](C)CN[C@@H]1CCN(C(=O)c2ccc(Nc3ncc(F)c(-c4cnc(C)n4C(C)C)n3)cc2)C1)CS,3.0441875763493997,True
N[C@H](CNc1ncc(S(=O)(=O)O)s1)Cc1ccc(C(F)(F)F)cc1,8.2345823209195,False
Cn1cnc(S(=O)(=O)N2CCC(Nc3ncc(C#N)c(-c4cnn(CC(F)(F)F)c4)n3)CC2)c1,2.952378363286118,True
CC(=O)c1c(C)c2cnc(Nc3ccc(-c4csc(C(N)=O)c4)cn3)nc2n(C2CCCC2)c1=O,3.226452231166617,True
N[C@H]1CC[C@H](Nc2cc(NC3=CCN(C4CCC(C(=O)O)CC4)CC3)n3ncnc3n2)CC1,2.945223251300314,True
CN1CCN(c2ccc(NC(=O)c3ccccc3)cc2)CC1,4.060645884585358,False
CNS(=O)(=O)c1ccc(Nc2ncc3c(n2)N(c2cc(F)ccc2Cl)C(=O)C32CC2)cc1,3.0897781473756387,True
CC(=O)Nc1ccc(CNc2nc(NC(CO)CO)nc3c(C(C)C)cnn23)cc1,3.497495389560939,True
CCNC(=O)c1ccc(Nc2ncc(F)c(-c3ncc(F)c(-c4cnc(C)n4C(C)C)n3)n2)cc1F,4.628638892806392,False
COc1ccc(CC(=O)Nc2ccc(OC)cc2)cc1,3.0953040238399834,True
OC1CCC(c2[nH]ncc2-c2ccnc(NC3CCCC3)n2)CC1,2.910564378260684,True
CC(=NCN)c1ccc(Nc2nccc(-c3cnc(C)n3C(C)C)n2)cc1,3.0844041563971496,True
Cc1ncc(-c2nc(NC(=O)C3CC3)ncc2F)n1C(C)C,3.1916704090491597,True
COc1cccc(F)c1C(=O)Nc1c[nH]nc1C(=O)N[C@@H]1CCN(C)[C@H]1CO,2.9290838158031693,True
O=C(Nc1[nH]nc2cc(-c3cccs3)ccc12)C(=O)NC1CCCC1,2.813598052316643,True
Cc1ncc(-c2nc(C3CNCC(C)C3)ncc2F)n1C(C)C,3.3178440288838162,True
Cn1cc(C2=C(c3coc4ccccc34)C(=O)NC2=O)c2cccc(CO)c21,2.6836745331727565,True
C=C(C)n1c(SC(=O)c2ccc(Nc3ncc(F)c(-c4cnc(C)n4C(C)C)n3)cc2)cnc1NC,3.1031266490428697,True
CC(O)C(=O)N1CCN(c2ccc(OC3CCCC3)cc2)CC1,3.4282581583072194,True
O=C(Nc1c[nH]nc1-c1nc2cc(CN3CCOCC3)ccc2[nH]1)NC1CCCCC1,3.068380843376522,True
O=C(NCc1ccccc1)NC(=O)c1ccc(N2CCCCC2=O)cc1,2.9615369320675455,True
Cc1ncc(-c2nc(-c3nc(Nc4ccc(C(=O)NCC(C)C)c(F)c4)ncc3F)ncc2F)n1C(C)C,3.114002890172069,True
C=C(C)[CH]C(=O)c1ccc(C(=O)c2ccc(Nc3ncc(F)c(-c4cnc(C)n4C(C)C)n3)cc2F)cc1,2.930832304994614,True
CC(=O)Nc1cc(-c2ccc(S(N)(=O)=O)cc2)ccn1,3.75332239489229,False
CCc1cnn2c(NCc3ccc[n+]([O-])c3)cc(N3CCCC[C@H]3CC(N)=O)nc12,3.0846687018219674,True
Cc1ncc(-c2nc(Nc3nc(Nc4ccc(C(=O)NSF)c(F)c4)ncc3F)ncc2F)n1C(C)C,2.7103942517648587,True
O=C(Cc1ccc(Cl)cc1)Nc1ccc(N2CCCC2)nc1,3.896280405720311,False
C=C(C)NCC(=O)c1ccc(Nc2ncc(F)c(-c3ncc(F)c(-c4cnc(C)n4C(C)C)n3)n2)cc1F,3.1005822033934303,True
OC1CCN(c2ccc(Cc3ccccc3)cc2)CC1,7.5391619560797345,False
O=C(Nc1ccc(N2CCOCCC2=O)cc1)c1ccccc1,3.54140212345337,False
O=C(NCN1CCCCC1)N1CCc2nc(CN3CCCCC3)ccc2N1,3.1017609514596725,True
N=C(N)NS(=O)(=O)c1ccc(N=Cc2c(O)[nH]c3ccc4ncsc4c23)cc1,2.711460492059581,True
CS(=O)(=O)c1ccc(C(=O)Nc2ccc(F)cc2)cc1,3.4265711724696475,True
Cc1ncc(-c2ccnc(Nc3ccc(-c4ccccc4)cc3)n2)n1C(C)C,3.0792094764728186,True
CC(C)NCc1ccc(Cc2ccc(S(N)(=O)=O)cc2)cc1,2.9576877793303415,True
CC(C)S(=O)(=O)c1ccc(Oc2ccc(S(N)(=O)=O)cc2)cc1,3.2466180865633123,True
CNc1ccc(N2CCN(C(=O)c3ccccc3)CC2)c(C)c1,3.991080430159233,False
O=C(Nc1cccc2c1C(=O)c1c(-c3ccc(C(=O)N4CCNCC4)s3)n[nH]c1-2)NN1CCOCC1,2.970532780495785,True
CN1CCN(c2ccc(NC(=O)Cc3ccccc3)cc2)CC1,3.2479570502086457,True
CC(C)NCc1ccc(-c2ccc(S(N)(=O)=O)cc2)cc1,3.087734120678141,True
CN(C)CC(=O)N1CCc2nc(NCc3cccc(Cl)c3)ccc2C1,2.9373534005972166,True
Cc1cc(C)c(CNc2nc(N[C@@H](C)[C@@H](C)O)nc3c2ncn3C(C)C)cn1,3.1934470404251263,True
CN(C)CCNS(=O)(=O)c1ccc(Nc2nccc(-c3cnc4cccnn34)n2)cc1,3.0479199464552895,True
CN(C)C(=O)N1CCc2nc(NCc3ccccc3)ccc2C1,2.945843173015162,True
CC(C)CC(=O)NC1CC=C(c2ncc(F)c(-c3cccc4c3OCC4)n2)C1,3.496630520944412,True
O=C(Cc1ccncc1)Nc1ccc(N2CCCC2)cc1,3.5856137549937017,False
O=C(Nc1ccc(N2CCOCC2)cc1)c1ccc(F)cc1,3.2724807104091553,True
CN(CCN(C)c1ccccc1Cl)NC(=O)c1ccccc1,3.2445686924458874,True
Cc1nc2c(F)cc(-c3nc(Nc4ccc5c(n4)CCN(CC(=O)O)C5)ncc3F)cc2n1C(C)C,2.8133499604564034,True
Cc1ncc(-c2nc(Nc3ccc([SH](=O)CO)cc3)ncc2F)n1C(C)C,3.1096284343953355,True
CSCNC(=S)c1ccc(NC(=O)c2ccc(Nc3ncc(F)c(-c4cnc(C)n4C(C)C)n3)cc2F)cc1,3.2417570852857,True
CC(=CC(=CN)c1ccc(Nc2nccc(-c3cnc(C)n3C(C)C)n2)cc1)C(=O)SN,2.996893224657835,True
Cc1nc2c(F)cc(-c3nc(NCCN)ncc3F)cc2n1C1CCC(C)CCN1,3.2503553651870103,True
O=S1(=O)CCCN1C1CCN(c2nccc(Nc3ccc(NCO)cc3)n2)CC1,3.287635928748804,True
c1nc2nc(C3CC3)nc(OCC3CCCCC3)c2[nH]1,3.79220634987075,False
C=C(C)NCSN(C)C(=O)c1ccc(Nc2ncc(F)c(-c3cnc(C)n3C(C)C)n2)cc1F,2.9686928099754617,True
CC(=O)NC1CCC(c2nc3c(-n4c(O)ccc4O)ccnc3[nH]2)C1,5.234380383579329,False
C=C(C)C(=O)c1ccc(Nc2ncc(F)c(-c3cnc(C)n3C(C)C)n2)cc1F,3.029224323156012,True
O=C(Nc1cn[nH]c1C(=O)NC1CCNCC1)c1ccccc1,3.0617651771486334,True
CCc1ccc(Nc2nccc(-c3cnc(C)n3C(C)C)n2)cc1,2.964973018426982,True
O=C(Nc1ccccc1Cl)c1ccc(Nc2nc(Nc3ccc(O)cc3)ncc2F)cc1,2.832121113229454,True
Cc1cc(N2CCCC2=O)c2oc(-c3ccc(O)c(O)c3)c(O)c(=O)c2c1,2.767200209598145,True
CN1CCN(C(=O)c2cccc(Nc3cccnc3)c2)CC1,3.3144702442471914,True
O=S(=O)(c1ccc(F)cc1)N1CCC(Nc2ccccc2)CC1,7.864198687724004,False
C[C@@H]1CN(c2ccc(Nc3ccc(N4CCN(C(=O)CO)CC4)cc3)nc2)C[C@H](C)N1C[C@@H](C)O,3.4064005930013623,True
COc1ccc(Cc2cccc(N3CCC(O)CC3)c2)cc1,6.610568886260849,False
CCC(=O)NC(=O)c1ncc(F)c(-c2cnc(C)n2C(C)C)n1,3.2677019447923965,True
CC(C)(C)C(=O)Nc1n[nH]c2c1CN(C(=O)O[C@H](CCO)c1ccccc1)C2(C)C,3.1440351461139944,True
CCC(=O)Nc1ccc(-c2ccc(N3CCN(C)CC3)cc2)cc1,4.435024013463734,False
CCOC(=O)N=S(=O)(CC)c1ccc(Nc2ncc(Br)c(NC(C)(C)C)n2)cc1,3.1384851441420016,True
CC(C)C(=O)N1CCCc2nc(NCc3ccccc3)ccc2C1,3.052453111842994,True
O=C(Nc1ccccc1)c1ccc(CN2CCCCCC2)cc1,3.4030501024815942,True
COc1ccc(-c2nn(-c3ccccc3)cc2C(=O)NC(=S)Nc2ccc(Cl)cc2)cc1,3.3705882275947077,True
COc1cc[nH]c1C=C1C(=O)Nc2ccc(F)c(C#C[C@@H]3CCCN3)c21,3.0120507963844196,True
CC(C)(C)c1nccc(-c2ccc(S(N)(=O)=O)cc2)n1,4.433747399209838,False
CC(C)CNc1ccc2c(n1)CCN(C(=O)c1cccc(F)c1)C2,2.799843924221491,True
CC(c1ccc(Nc2ccc(N3CCN(C)CC3)cc2)cc1O)N(C)C,3.2217723383256036,True
O=C(Nc1ccccc1)c1ccc(CN2CCCCC2)nc1,3.504334601604134,False
CC(=C[C@@H](C)CNCC(=O)c1ccc(Nc2ncc(F)c(-c3cnc(C)n3C(C)C)n2)cc1)CS,3.043516715906127,True
CCN1CC=C(NC(=O)c2cccc3c2OCCC3)CC1,3.7109579625751694,False
CC(c1ccc(S(C)(=O)=O)cc1)c1ccc(S(N)(=O)=O)cc1,5.579809853391062,False
N[C@@H]1CCCN(CCC=Cc2ccnc(N[C@H]3CC[C@H](NC4CCOCC4)CC3)n2)C1,2.864580423028824,True
CN(C)c1ccc(Nc2nccc(NC(=O)N=Nc3ccc(S(C)(=O)=O)cc3)n2)cc1,2.8036706297281033,True
COc1cc(Nc2ncc(Br)c(O[C@H](C)[C@H](C)O)n2)ccc1S(C)(=N)=O,2.988225895075542,True
CC(C)c1cnn2c(NCc3ccc(NC(=O)CCCCCCO)cc3)nc(OC3CCN(C)CC3)nc12,3.3787586477876723,True
CN1CCN(c2ccc(Nc3cccc(F)c3)cc2)CC1,3.195596032041595,True
Cc1ncc(-c2nc(Nc3cccc(F)c3)ncc2F)n1C(C)C,3.066693496259454,True
COc1ccc(-c2ccc(NC(=O)N(C)C)cc2)cc1,4.012027168402528,False
Cc1ncc(-c2nc(Nc3ccc(C(=O)NCNCC[C@H](C)N(C)C)c(F)c3)ncc2F)n1C(C)C,2.9895847537743427,True
CC(C)CNc1ncc2c(n1)-c1c(c(C(N)=O)nn1C)CC2,5.238970700433439,False
Cc1ncc(-c2ccnc(Nc3cccc(F)c3)n2)n1C(C)C,3.1109228534311146,True
C=C(C)SC(=O)CS[C@@H]1CCN(C(=O)c2ccc(Nc3ncc(F)c(-c4cnc(C)n4C(C)C)n3)cc2)C1,3.1000932244047115,True
NS(=O)(=O)c1ccc(-c2ccc(CC3CC3)cn2)cc1,6.738634653993349,False
CCC[C@H]1CCCCN1c1cc(NCc2ccc[n+]([O-])c2)n2ncc(CC)c2n1,3.277551525148006,True
CC(O)C(=O)N1CCN(c2ccc(Nc3nccc(-c4cncn4C(=O)O)n3)cc2)CC1,3.42711788533748,True
O=C(Cc1cccc(Br)c1)Nc1[nH]nc2ccc(N3CCCS3(=O)=O)cc12,2.868093617718919,True
CCC(=O)Nc1ccc(-c2ccc(S(N)(=O)=O)cc2)cc1,2.955945364853689,True
FC(F)(F)c1cnc(Nc2ccc3[nH]cnc3c2)nc1Nc1ccccc1Cl,3.1239902368605503,True
COc1cc(CS(C)(=N)=O)cc(Nc2ncc(F)c(-c3ccc(F)cc3OC)n2)c1,3.2768620660625927,True
N#Cc1ccc(-c2nc(NCc3cccnc3)ncc2CF)cc1,2.8013048745183027,True
COc1cc(N2CCN(C(C)=O)CC2)ccc1Nc1ncc(OC)c(-c2cnc3ccccn23)n1,3.1322116786705227,True
CC(C)=Cc1ccc(Nc2ccc(Nc3ncc(F)c(-c4cnc(C)n4C(C)C)n3)cc2)cc1F,3.049082156977742,True
CCC(=O)c1ccc(C(C)=Cc2ccc(Nc3ncc(F)c(-c4cnc(C)n4C(C)C)n3)cc2F)cc1,6.768711841997704,False
Cc1ncc(-c2ccnc(Nc3ccc(C(=O)N(C)C)cc3)n2)n1C(C)C,3.0866391107481306,True
CC(C)c1nc(N2CCN(C(=O)C3CC3)CC2)c2[nH]cnc2n1,2.9738127042569436,True
O=C(c1cccc(NCc2ccccc2)n1)N1CCCC1,3.229215539415105,True
NC(=O)Oc1ccc(-c2ccc(S(N)(=O)=O)cc2)cc1,2.930793237333538,True
CC(C)(C)c1ccc(NC(=O)Cc2ccccn2)cc1,3.198708958314274,True
O=C(Nc1cn[nH]c1CC1CCCOCC1)c1c(F)cccc1F,2.8547479748657314,True
CC(=C[C@@H](C)CCNC(=O)c1ccc(Nc2ncc(F)c(-c3cnc(C)n3C(C)C)n2)cc1)CS,3.1602134421586134,True
O=C(NCc1ccc(N2CCCC2=O)cc1)c1ccccc1,3.0535515387823433,True
COc1cc(F)ccc1-c1ccnc(NC(=O)C2CCC[C@@H](NC(C)=O)C2)c1,3.3384458959222325,True
N[C@H](CNc1ncc(-c2nccs2)s1)Cc1ccc(C(F)(F)F)cc1,3.3969923461791898,True
CN(CCNc1ccccc1C(N)=O)c1ccccc1Cl,4.018246881414834,False
O=C(O)C1CCC(N2CC=C(c3ccccc3)CC2)CC1,3.346781737729553,True
Cc1ncc(-c2ccnc(Nc3ccc(Cc4ccc(C(N)=O)cc4)cc3)n2)n1C(C)C,3.1002422485992995,True
COc1ccc(-c2[nH]nc3c2C(=O)c2c(NC(=O)CN4CCN(C(=N)N)CC4)cccc2-3)cc1,3.074349524696241,True
Cc1ncc(-c2nc(Nc3ccc(C(=O)Nc4c(Br)nc(C)n4C(C)C)c(F)c3)ncc2F)n1C(C)C,3.3564037301850314,True
C=CC(=O)Nc1cccc(C(=O)N2CC(c3ccc(N4CCN(C)CC4)cc3)CCCO2)c1,2.954627726127273,True
CC(C)=CC[C@@H]1CCN(C(=O)c2ccc(Nc3ncc(F)c(-c4cnc(C)n4C(C)C)n3)cc2)C1,3.0632079589867875,True
CNS(=O)(=O)c1ccc(N2CCN(c3ccc(/C=C4\SC(=N)NC4=O)o3)CC2)cc1,3.5739465580783447,False
CCCC(O)CCOC(C(=O)NC(C)=O)c1ccc(Nc2ncc(F)c(-c3cnc(C)n3C(C)C)n2)cc1,3.0412847614125185,True
CC(c1ccc(S(N)(=O)=O)cc1)c1ccc(S(N)(=O)=O)cc1,5.83661614293762,False
C=C(c1ccc(S(C)(=O)=O)cc1)c1ccc(S(N)(=O)=O)cc1,5.550088828117983,False
CC(C)c1ccc(C(=O)NC(=O)Cc2ccccc2)cc1,3.463543416791537,True
CC(=Cc1cccc2[nH]c(O)c(N=Nc3ccc(S(N)(=O)=O)cc3)c12)CN,2.9778893532164714,True
O=C(c1ccccc1)N1CCN(C(O)c2ccccc2)CC1,3.036117421971693,True
CCC(C)Oc1ccc(-c2ccc(S(N)(=O)=O)cc2)cc1,3.4175423918365664,True
CC[C@@H](C)Oc1nc(Nc2ccc(S(N)(=O)=O)cc2)nc(N)c1C=O,2.9450042444791182,True
Cc1ncc(-c2nc(N[C@@H](C)CO)ncc2F)n1C(C)C,3.0005734451934374,True
CC(C)(N)CNNC(=O)c1oc2ccccc2c1CN1CCN(c2ccccc2)CC1,4.866357672839107,False
Cc1ccc(-c2ccc(N3CCCC3)cc2C(=O)O)cc1,5.392477445479025,False
CC(C)=CSC(=O)C(=O)c1ccc(Nc2ncc(F)c(-c3cnc(C)n3C(C)C)n2)cc1,3.0628617337385675,True
CC(C)(C)Cc1cc(-c2ccc(S(N)(=O)=O)cc2)ccn1,2.9563281279316747,True
C=CCCNCNC(=O)c1ccc(Nc2ncc(F)c(-c3cnc(C)n3C(C)C)n2)cc1F,3.0622622356682627,True
COc1ccc(-c2ccc(N3CCCCC3=O)cc2)cc1O,2.8138985411702344,True
CC(C)Nc1ncc(F)c(-c2ccc(S(N)(=O)=O)cc2)n1,2.9777447842285003,True
CC(=CC(=O)c1ccc(Nc2ncc(F)c(-c3cnc(C)n3C(C)C)n2)cc1F)NSF,3.0477094677806833,True
Cc1ncc(-c2cnc(NC(=O)OC(C)C)s2)n1C(C)C,3.9534817566292095,False
Cc1ncc(-c2nc(NC(C)C)ncc2F)n1C(C)C,2.9444826370688695,True
CN1CCN(c2ccc(Nc3ccc(F)cc3)cn2)CC1,3.18067005519277,True
CCN(C)C(=O)NCc1ncc(F)c(-c2cnc(C)n2C(C)C)n1,3.1180511541666514,True
NC(=O)c1ccc(-c2ccc(N3CCCCC3)cc2)cc1,3.167705952262614,True
CC(C)CS(=O)(=O)c1ccc(-c2ccc(S(N)(=O)=O)cn2)cc1,2.7728443879886266,True
O=C(Oc1ccc(Nc2ccccc2)cc1)N1CCCC1,3.1008406924574565,True
O=C(Cc1ccccc1)NC(=O)c1cccc2c1OCCC2,4.009401576295401,False
CNCNc1nc(NCc2cccc(C(F)(F)F)c2)c2ncn(C(C)C3CC3)c2n1,2.9502340585112883,True
O=C(c1ccccc1)N1CC=C(c2ccc(N3CCCCC3=O)cc2)CC1,4.890589535015185,False
O=C(c1ccc(CN2CCCCCC2)cc1)N1CCC(O)CC1,4.765508892028217,False
O=Nc1c(-c2c(O)[nH]c3ccc([N+](=O)[O-])cc23)[nH]c2ccc(O)cc12,3.972397890443498,False
CC(C)N1CCN(C(=O)c2ccc(OC(C)(C)C)cc2)CC1,3.294048269227394,True
CN(C)C/C=C/C(=O)Nc1ccc(S(=O)(=O)N2CCCC(Nc3ncc(SCc4ncc(C(C)(C)C)o4)s3)C2)cc1,2.9615970353848007,True
CC(C)C(=O)N1CCN(C(=O)c2ccc(C(C)C)cc2)CC1,3.8873649172672233,False
COc1ccc2[nH]c(O)c(C=c3[nH]cc4c3=CCNC4=O)c2c1,3.6555300573241003,False
CC(C)N1CCc2cnc(Nc3ccc(N4CC=NCC4)cn3)nc2C1,3.0852925307010977,True
CNc1ccc(C(C)c2ccc(S(N)(=O)=O)cc2)cc1,3.076815886594455,True
CC(C(=O)NC(=O)Nc1cc(C2CC2)[nH]n1)c1ccc(N2CCCC2=O)cc1,3.0416045107804623,True
C1=C/COCc2cc(ccc2OCCN2CCCC2)Nc2nccc(n2)-c2ccc(s2)COC/1,3.3307520171877174,True
NCc1ccc(-c2ccc(CN3CCOCC3)cc2)cc1,4.916299014502679,False
CC(C)C(=O)N1CCc2cnc(Nc3ccnn3C)nc2C1,2.995780532682594,True
Cc1cc(OC(C)C)ccc1-c1ccc(S(N)(=O)=O)cc1,3.429064303859005,True
C[C@H](O)[C@@H](C)Nc1nc2nc(c1Br)-c1cc(C3CCCC3)ccc1N2,5.702392655719175,False
COc1ccc(-c2ccc(NC(=O)C3CCC3)cc2)cc1,3.9476812181329914,False
NS(=O)(=O)c1ccc(N=Nc2c(O)[nH]c3ccc(C(=O)NCc4ccncc4)cc23)cc1,3.2682401992509718,True
O=c1[nH]c(O)c(C=Nc2ccc(CN3CCOCC3)cc2)c2ccccc12,4.474027939117056,False
NC(=O)c1ccc(N2CCC(c3ccccc3)CC2)cc1,3.8680001292657664,False
NC(=O)c1ccccc1N1CCN(c2ccccc2Cl)CC1,4.335790008752724,False
CC(F)(F)c1ccc(-c2ccc(S(N)(=O)=O)cc2)cc1,12.338701633478292,False
CC(=O)Nc1ccc(Nc2ncc(F)c(-c3cnc(C)n3C(C)C)n2)cc1,3.075175767334284,True
CCSc1nn2c(COc3ccc(Cl)cc3)nnc2s1,4.251101151466527,False
O=S(=O)(c1ccccc1)N1CCC(Nc2ccccc2)CC1,4.5169611466117345,False
NS(=O)(=O)c1ccc(N=Nc2c(O)[nH]c3ccc4ncsc4c23)cc1,3.064876343345689,True
Cc1ncc(-c2nc(NC(=O)c3ccccc3)ncc2F)n1C(C)C,3.3693876298223713,True
O=C(c1ccccc1)N1CCN(Nc2ccccc2Cl)CC1,3.3050225415267604,True
CC(C)NC(=O)N1CCc2cnc(Nc3ccc(N4CC=NCC4)cn3)nc2C1,3.1717113677004147,True
N#Cc1ccc2c(=O)[nH]c(O)c(C=Nc3ccc(CN4CCCCC4)cc3)c2c1,2.8136407020087,True
CCc1nc(NC(C)=O)nc(-c2cnc(C)n2C(C)C)c1F,3.66502960424606,False
CN1C=CN(C(=O)Nc2cccc(Cc3ccccc3)n2)CC1,5.049762766704986,False
NCCCCNC(=O)c1ccc(Nc2nc(N[C@H]3CC[C@H](N)CC3)nc3c2ncn3C2CCCC2)cc1,3.126425115047531,True
CNc1nccc(-n2ccc3ccc(C#N)cc32)n1,4.478882449897526,False
NC(=O)c1ccc(-c2ccc(CN3CCCCC3)cc2)cc1,4.107982960042553,False
CC(=O)Nc1ccc(-c2ccc(S(N)(=O)=O)cc2)cc1,2.9600853028249037,True
CCc1ccc(C(C)c2ccc(S(N)(=O)=O)cc2)cc1,11.938373968007529,False
O=C(NC1CCNCC1)c1[nH]ncc1Nc1c(F)cccc1F,4.051099356964726,False
CC(C)c1ccc2c(N=Nc3ccc(S(N)(=O)=O)cc3)c(O)[nH]c2c1,4.031565824837797,False
CN(C)CCNS(=O)(=O)c1ccc(Nc2cccc(-c3cnc4ccccn34)c2)cc1,3.1256426539193582,True
COc1ccc(-c2ocnc2C(=O)NCc2ccncc2)cn1,2.972573968802123,True
COc1ccc(C(=O)NC(=O)Cc2ccccc2)cc1,3.392795602449403,True
CC(C)S(=O)(=O)c1ccc(Nc2ccc(S(N)(=O)=O)cc2)cc1,3.1644748379470524,True
CC(=O)N1CCC(c2ccc(NC(=O)C3CCC3)cc2)CC1,3.4077425078781993,True
Cc1ncc(-c2nc(Nc3ccc(C(=O)N(C)C)cc3)ncc2F)n1C(C)C,3.111595410717784,True
COc1ccc2cc(-c3[nH]nc4cccnc34)[nH]c2c1,2.9669876979859517,True
COCc1ncc(-c2nc(N[C@H]3CC[C@H](N)CC3)ncc2Br)n1C(C)C,3.12063919734403,True
CC(C)c1ccc(Nc2ccc(S(N)(=O)=O)cc2)cc1,6.977329216827875,False
CCC(Cc1ccc(Nc2ncc(F)c(-c3ccc(F)cc3OC)n2)nc1)C(=O)CN,3.3209224622083586,True
COc1cc(F)ccc1-c1nc2c(NCN3CC(O)C3)c(Br)cnc2[nH]1,2.732163977509409,True
OC1CCN(c2ccccc2CCc2ccccc2)CC1,7.516279465267374,False
CC(C)C(=O)Nc1nc(OCC2CCCC2)c2[nH]cnc2n1,4.887727488311924,False
CNS(=O)(=O)CCOc1c(Br)cnc2[nH]c(-c3ccc(OC)cc3)nc12,2.6790113848208996,True
Cc1ncc(-c2nc(Nc3ccc(NC#N)cc3)ncc2F)n1-c1ncc(F)c(-c2cnc(C)n2C(C)C)n1,2.980822872966466,True
Cc1ncc(-c2nc(NC(=O)C(C)O)ncc2F)n1C(C)C,3.2195623926241907,True
CC(=CC(=O)SN[C@@H]1CCN(C(=O)c2ccc(Nc3ncc(F)c(-c4cnc(C)n4C(C)C)n3)cc2)C1)CO,3.3298567536757475,True
CC(=O)N[SH](O)(SO)c1ccc(Nc2ncc(F)c(-c3ncc(F)c(-c4cnc(C)n4C(C)C)n3)n2)cc1N,3.299942575257937,True
CN1CCN(c2ccc(NC(=O)Nc3ccccc3)cc2)CC1,3.0113335916168507,True
CNC(=O)c1ccc(-c2ccc(S(N)(=O)=O)cc2)cc1,2.7314811000627497,True
CC(=O)CC(=C(N)O)c1ccc(Nc2ncc(F)c(-c3cnc(C)n3C(C)C)n2)cc1,3.03174108393181,True
CC(=O)Nc1ccc(N2CCN(c3ccccc3)CC2)cc1,3.73386395038705,False
CC(=Nc1ccc(S(N)(=O)=O)cc1)c1ccc(C(C)C)cc1,3.578838498731123,False
COc1ccccc1Nc1ccnc(Nc2ccc(OCN3CCN(C)CC3)cc2)n1,3.1174011612238814,True
CN(C)CCN(C)c1ccc(N2CCCCC2=O)cc1O,2.978643147475035,True
Cc1ncc(-c2ccnc(Nc3ccc(C(N)=O)cc3)n2)n1-c1nccc(-c2cnc(C)n2C(C)C)n1,3.2359877935492936,True
CN1CCC(c2c(O)cc(O)c3c2O/C(=C\c2ccccc2)C3=O)CC1,2.9183598133198045,True
C[C@@H](O)[C@@H](C)Oc1nc(Nc2ccc(S(=O)(=O)CCO)cc2)ncc1C(F)(F)F,2.95224202937361,True
Nc1nc(Nc2ccc(S(N)(=O)=O)cc2)nn1C(=O)c1c(F)cccc1F,3.0032558998526953,True
CC(C)CNc1nc2c(cc1Cl)CN(C(=O)CN(C)C)CC2,2.920179104096187,True
CNNc1ccc(C)c(Nc2ccc3c(n2)CCN(C(=O)CN(C)C)C3)n1,3.11190456151856,True
Cc1ncc(-c2nc(NC(=O)NCC(C)C)ncc2F)n1C(C)C,3.153876345071254,True
CC(C)(CO)CNC(=O)c1ccc2[nH]c(O)c(N=Nc3ccc(S(N)(=O)=O)cc3)c2c1,2.6061327671475176,True
CC(C)c1cnn2c(NCc3ccccc3)cc(N[C@@H](CO)[C@@H](O)CO)nc12,3.1520813758531063,True
Cc1ncc(-c2nc(Nc3ccc(C(=O)NC(=O)C(=O)C(C)C)c(F)c3)ncc2F)n1C(C)C,2.9412465044603087,True
C=C(C)n1c(C(=O)c2ccc(Nc3ncc(F)c(-c4cnc(C)n4C(C)C)n3)cc2)cnc1NC,3.0637658200325997,True
CC(C)[C@H](CO)Nc1nc(Nc2ccc(C(=O)O)c(Cl)c2)c2ncn(C(C)C)c2n1,3.0908759276295754,True
O=C(O)N1CCN(C(=O)c2ccc(CCc3ccccc3)cc2)CC1,6.297855031675469,False
CN1CCN(c2cccc(NC(=O)Nc3ccccc3)c2)CC1,2.849552596461422,True
COc1ccccc1CNC(=O)Cc1ccc(F)cc1,4.790684502239742,False
Cc1ncc(-c2nc(NC(=O)C(C)C)ncc2F)n1C(C)C,3.2220595897655304,True
Nc1nc2ccc(C(=O)c3ccccc3OC(F)(F)F)cn2c1N1CCCC1,4.3077588140470455,False
NCCC=c1cc(-c2ccc[nH]2)c2c(O)[nH]c3ccc(F)c1c32,5.963117054024689,False
CC(=CSC(=O)c1ccc(Nc2ncc(F)c(-c3cnc(C)n3C(C)C)n2)cc1F)SC(C)C,3.113995504171448,True
NS(=O)(=O)c1ccc(Nc2ccc(C3CC3)cc2)cc1,6.9670948751972634,False
Cc1nc2c(F)cc(-c3nc(Nc4ccc5c(n4)CCN(C(=O)CCN(C)C)C5)ncc3F)cc2n1C(C)(C)C,3.115361616249387,True
COc1ccccc1Nc1cc2[nH]c(-c3cn[nH]c3)cc2cn1,3.168043402480463,True
C=CC(=O)Nc1ccc(OC(=O)N2CCCC(Nc3ncc(SCc4ncc(C(C)(C)C)o4)s3)C2)cc1,4.207739654493851,False
CCCCNc1ncc(F)c(-c2cnc(C)n2C(C)C)n1,3.0535227197451795,True
O=C(Nc1ccc(N2CCOCC2)cc1)c1ccccc1,4.040284890945197,False
CNc1ccc(N2CCCN(C(=O)c3ccc(C)nc3)CC2)cc1,4.123788306884827,False
CCC(C)Nc1ncc(F)c(-c2cnc(C)n2C(C)C)n1,3.0688597230893424,True
c1nc2nc(C3CCCCC3)nc(OCC3CCCCC3)c2[nH]1,3.030708827980676,True
Cc1ncc(C(=O)Nc2ncc(F)c(C(C)C)n2)n1C(C)C,3.365039821458282,True
O=C1CCCCN1c1ccc(NCc2ccccc2)cc1,2.878223931524441,True
NC(=O)c1ccc2[nH]c(O)c(N=Nc3ccc(S(N)(=O)=O)cc3)c2c1,2.8260391009326096,True
CC(C)c1cccc(CC(=O)Nc2ccc(S(N)(=O)=O)cc2)c1,7.5019902692552245,False
Cc1ncc(-c2nc(Nc3ccc(C(=O)N4CCCN(C)CC4)cc3)ncc2F)n1C(C)C,3.0924446640158356,True
CC(C)(C)c1ccc(Oc2ccc(S(N)(=O)=O)cc2)cc1,3.088068814000109,True
CC(c1ccc(C2CC2)cc1)c1ccc(S(N)(=O)=O)cc1,11.911597248060392,False
CCN(C)CCNc1ncc(F)c(-c2cnc(C)n2C(C)C)n1,3.0410440641332412,True
CC(C)CC(=O)c1ccc2[nH]c(O)c(C=Nc3ccc(S(N)(=O)=O)cc3)c2c1,2.7521724146572004,True
O=C(Nc1cn[nH]c1CC1CCCCC1)c1c(F)cccc1F,2.809223024254216,True
COCCNS(=O)(=O)c1ccc(Nc2nccc(-c3cnc(C)n3C)n2)cc1,3.241045201782906,True
O=C(Cc1ccccc1)NC(=O)c1cccc2c1CCCC2,3.8451442105596003,False
C[C@@H](O)[C@@H](C)Nc1nc(Nc2ccc(S(=N)(=O)CCO)cc2)ncc1Br,3.117653444499566,True
C=C(C)c1ccc(C(=O)c2ccc(Nc3ncc(F)c(-c4cnc(C)n4C(C)C)n3)cc2)cc1,3.055908866442191,True
CN(CCN(C)c1ccccc1Cl)C(=O)Oc1ccccc1C(N)=O,4.544764680376758,False
CC(C)NC(=O)c1ccc2c(n1)CCN(C(=O)c1ccccc1)C2,2.767925938315547,True
NC(=O)c1ccc(N2CCN(c3ccccc3)CC2)cc1,2.8218991831743385,True
CCCc1ccc(Nc2ccc(S(N)(=O)=O)cc2)cc1,3.3222227499070573,True
N#CCC=c1cc(-c2ccc[nH]2)c2c(O)[nH]c3ccc(F)c1c32,4.325327386452958,False
COc1cc(N2CCN(C)CC2)ccc1Nc1ccccc1,2.9835165493088818,True
CC(O)=CC(=O)c1ccc(Nc2ccc(Nc3ncc(F)c(-c4cnc(C)n4C(C)C)n3)cc2)cc1,3.0514653856794838,True
CN1CCN(C(=O)N2CCC(Nc3ncc(Cl)c(-c4c[nH]c5ccccc45)n3)CC2)CC1,2.901848548770251,True
Cc1ncc(-c2ccnc(Nc3ccc(-c4ccc(Nc5ccc(C(N)=O)cc5)cc4)cc3)n2)n1C(C)C,6.200288622314291,False
O=C1NC(=O)C(c2coc3cc(CO)ccc23)=C1c1cccnc1,2.6116464155777304,True
O=C(Cc1ccccc1)NCc1ccc(N2CC=CC2=O)cc1,3.1799663520232433,True
CC(=O)NC(=O)c1ccc(Nc2ncc(F)c(-c3cnc(C)n3C(C)C)n2)cc1F,4.071259510274434,False
Cc1ccccc1C(=O)Nc1ccc(C(=O)N(C)C)cn1,3.415145970526003,True
CC(=O)N1CCC(c2ccc(CNc3ccccc3)cc2)CC1,5.435408632292526,False
C[C@H](CO)Nc1nc(Nc2ccc(S(N)(=O)=O)cc2)ncc1Br,3.1442921301940143,True
C=NC(F)NC(=O)c1ccc(Nc2ncc(F)c(-c3cnc(C)n3C(C)C)n2)cc1F,3.0516713453450404,True
CC(C)Cc1ccc(Nc2ccc(S(N)(=O)=O)cc2)cc1,7.076427064557362,False
O=C(Cc1ccccc1)NC(=O)Cc1cccc(Cl)c1F,3.5004986787599264,False
O=C1CCCCN1c1ccc(Nc2ccccc2)cc1,3.323836789013563,True
COc1ccc(N(C)c2ccc(NC(C)=O)cc2)cc1,3.6712521024849254,False
CCN(CC)C1CCN(c2ccc(Nc3ncc4cc5n(c4n3)C3(CCCCC3)CNC5=O)nc2)C1,3.8977269016697402,False
O=C(Nc1ccccc1Cl)N1CCN(C(=O)c2cccnc2)CC1,4.379469602588878,False
CCCC(=O)Nc1ccc(C(=O)Nc2ccc(F)cc2OC)cc1,3.351140850516441,True
CC(C)Cc1ccc(-c2ccc(S(N)(=O)=O)cc2)cc1,12.184217578490621,False
CC(=O)Cc1ccc(-c2ccc(S(N)(=O)=O)cc2)cc1,3.8662211524950316,False
NS(=O)(=O)c1ccc(N=Cc2c(=O)[nH]c3ccc4[nH]cccc4c23)cc1,2.944955517490889,True
O=C1Nc2ccc(F)c3c(S[C@H]4CCNC4)cc(-c4ccc[nH]4)c1c23,3.861912738527373,False
CC(C)c1cc(C(C)c2ccc(S(N)(=O)=O)cc2)ccn1,5.695092799946293,False
Cc1ncc(-c2nc(Nc3ccc(C=CCc4ccc(C(=O)C(C)C)cc4)c(F)c3)ncc2F)n1C(C)C,3.135929527269396,True
O=C(C1CCC1)N1CCc2nc(Nc3ccccc3)ccc2C1,3.047380022248625,True
Cc1ncc(-c2nc(Nc3ccc(C(CC[CH]C(C)C)C(O)C(=O)NON)cc3)ncc2F)n1C(C)C,3.4218021567589236,True
CC(C)(C)n1nc(-c2cccc3ccccc23)c2c(N)ncnc21,7.822741782776674,False
O=c1[nH]cc(-c2ccc(N3CCOCC3)cc2)c2sc(-c3cn[nH]c3)cc12,3.878533098995025,False
CCN1CCN(c2cc3c(-c4ccc(C(=O)N5CCCC5)cc4OC)ccnc3[nH]2)CC1,3.0258555814843495,True
CCNC(=O)Nc1cc(-c2cnc(C)n2C(C)C)c(F)cn1,3.1163103183091425,True
CC(c1ccc(C(N)=O)cc1)c1ccc(S(N)(=O)=O)cc1,2.936376338278187,True
CC(C)c1ccc(C(=O)Nc2cccc(N3CCN(C)CC3)c2)cc1,3.41892980331565,True
CC(=O)c1ccc(Nc2ncc(F)c(-c3cnc(C)n3C(C)C)n2)cc1F,3.0664197364353143,True
CN(C)c1ccc(C(=O)NC(=O)Cc2ccccc2)cc1,3.166475327552706,True
CNS(=O)(=O)c1ccc2[nH]c(O)c(C=c3[nH]cc4c3=CCOC4=O)c2c1,3.0725956453786814,True
CC[C@@H](NC(=O)N1CCc2cnc(NC3CCOCC3)nc2C1)c1ccc(C#N)c(Cl)c1,4.024576250985934,False
O=C(c1ccccc1)N1CCCN(c2ccccc2)CC1,3.0944403371207576,True
CC(C)Cc1nccc(-c2ccc(S(N)(=O)=O)cc2)n1,3.41664762596321,True
O=C(O)c1cc(C(F)(F)F)ccc1NNc1ccc(N2CCNCC2)cn1,4.316487113382827,False
CNC(=O)c1ccc(Nc2ncc(F)c(-c3cnc(C)n3C(C)C)n2)cc1F,3.0821872104075734,True
Nc1cc(-c2c[nH]c3ccccc23)nn1-c1nc(Nc2ccc(Cl)cc2)nc(N2CCOCC2)n1,3.5079791903601683,False
CC(=CC(C)C)N(C)C(=O)c1ccc(Nc2ncc(F)c(-c3cnc(C)n3C(C)C)n2)cc1F,2.9992128967447482,True
O=C1CCN(C(=O)c2ccc(CNc3ccccc3)cc2)CC1,2.859720440882292,True
Cc1ncc(-c2nc(NC3CC3)ncc2F)n1C(C)C,3.122776649073709,True
Nc1c[nH]nc1C(=O)Nc1ccc(F)cc1,3.341867142781109,True
CS(=O)(=O)c1ccc(-c2ccc(S(C)(=O)=O)cc2)cc1,2.817318760807876,True
Cc1ncc(-c2nc(Nc3cccnc3)ncc2F)n1C(C)C,2.996542507624418,True
CN1CCN(c2ccc(NCc3ccccc3)cc2)CC1,2.9451011867166796,True
CN=C(N)SCCCN1C(=O)C2=C(C1=O)n1ccc3cccc(c31)C1Cc3ccccc3N21,3.533850591069186,False
CCN(CC)CCNc1cc(-c2ccc[nH]2)c2c3c(ccc(F)c13)NC2=O,5.1908745891227195,False
CCCNc1ncc(F)c(-c2cnc(C)n2C(C)C)n1,2.9613610046733565,True
NS(=O)(=O)c1ccc(-c2ccc(N3C=CCC3)cc2)cc1,2.9568471384229507,True
CN1CCN(c2cc(NCc3cccnc3)n3nccc3n2)CC1,4.746278331493002,False
O=C(Cc1ccccc1)Nc1ccc(N2CCCC2)cc1,3.3013990973525233,True
CC(=O)Nc1ccc(CNc2nc(CS(C)(=O)=O)nc3c(C(C)C)cnn23)cc1,4.251953198237254,False
CC(C)=Cc1ccc(-c2ccc(Nc3ncc(F)c(-c4cnc(C)n4C(C)C)n3)cc2)cc1F,3.0818510671348145,True
CC(C)c1ccc(C(=O)N2CCN(C(=O)NC(=O)Cc3ccccc3)CC2)cc1,2.9858270211115703,True
CC(C)(C)c1cnc(CSc2cnc(N[C@H]3CC[C@H](O)CC3)s2)o1,2.713007740497622,True
NCCCn1nc(C(N)=O)c2c1-c1nc(Nc3ccccc3)ncc1CC2,3.172125155160186,True
CN(C)CC(=O)N1CCC(Nc2ncc(Cl)c(-c3c[nH]c4ccccc34)n2)CC1,3.038836290424348,True
CCC(=O)Nc1ccc(NC(=O)c2ccccc2)cc1,2.961085949444901,True
C=C(C)[C@@H](CBr)CCSC(=O)c1ccc(Nc2ncc(F)c(-c3cnc(C)n3C(C)C)n2)cc1,3.1499126972028964,True
CC(C)S(=O)(=O)c1ccc(Cc2ccc(S(N)(=O)=O)cc2)cc1,7.008207616787619,False
CCCCc1ccc(Oc2ccc(S(N)(=O)=O)cc2)cc1,7.042540592712255,False
NS(=O)(=O)c1ccc(Cc2ccc(C(F)(F)F)cc2)cc1,12.166046235322296,False
O=C(Nc1ccccc1)c1ccc(C(=O)N2CCCCC2)cc1,3.3760143660831843,True
COc1cc(N2CCCC2)ccc1Nc1ccccc1,3.188286216762853,True
COc1ccc(-c2ccc(C(=O)N3CCCC3)cc2)cc1O,2.8118849549723715,True
COc1cccc(CC(=O)NC(=O)c2ccccc2)c1,2.9593266125928093,True
CC(C)Nc1ccc(-c2ccc(S(N)(=O)=O)cc2)nc1,3.206097627958326,True
Cc1ncc(-c2nc(Nc3ccc(C(=O)N4CC[C@@H](N(C)C)C4)cc3)ncc2F)n1C(C)C,3.1250812789429947,True
Cc1ncc(-c2nc(-c3nc(Nc4ccc([SH](O)(SO)C(N)=O)c(N)c4)ncc3F)ncc2F)n1C(C)C,3.106094976010885,True
NS(=O)(=O)c1ccc(N=Cc2c(O)[nH]c3ccc4ncsc4c23)cc1,2.9382569662982156,True
CC(C)c1ccc(N2CCN(c3ccc(S(N)(=O)=O)cc3)CC2)cc1,3.668868762984037,False
C=C(C)CNC(=S)N(C)C(=O)N(C)C(=O)c1ccc(Nc2ncc(F)c(-c3cnc(C)n3C(C)C)n2)cc1,3.16103479892266,True
Cc1ncc(C(=O)NCc2cccc(F)c2)n1C(C)C,3.033592260011222,True
CCCCOc1c(C(=O)c2c(F)cc(C)cc2F)ccc2[nH]ncc12,3.4002167577964824,True
CCC(=O)NCc1ccc(N2Cc3ccccc3C2=O)cc1,7.20707860370622,False
CC(C)(O)CSc1nc(Nc2ccc(S(C)(=N)=O)cc2)ncc1Br,2.892998617351905,True
O=C(O)c1ccc2[nH]c(O)c(C=c3[nH]cc4c3=CCNC4=O)c2c1,4.089457298957896,False
CC(=O)NC1CCC(N2CC=C(c3ccccc3)CC2)CC1,4.194980095304394,False
NS(=O)(=O)c1ccc(-c2cccc(C(F)(F)F)c2)cc1,12.451471639930753,False
CCCNC(=O)c1ccc(C(C)c2ccc(S(N)(=O)=O)cc2)cc1,5.885223360247254,False
CC1(C)CN(c2ccc(Nc3ncc4cc5n(c4n3)C3(CCCCC3)CNC5=O)nc2)CCN1,3.0559222830432065,True
O=C(O)c1ccc(CN2CC=C(c3ccccc3)CC2)cc1,5.220097796018767,False
CC(=O)NC(=O)Nc1ncc(C(C)C)c(-c2cnc(C)n2C(C)C)n1,3.008728801337864,True
NS(=O)(=O)c1ccc(Nc2nccc(-c3cnc4ccccn34)n2)cc1,3.0827769948538277,True
COc1cccc(NC(=O)c2ccc(N3CCN(C)CC3)cc2)c1,3.277814058179632,True
COc1ccc(Nc2cc(Nc3ccccc3N[C@@H](C)CO)ncn2)cc1,2.9658634493179292,True
CC(=O)Nc1ccc(Cc2ccc(N3CCCC3)cc2)cc1,4.14114573518006,False
O=C(NN1CC=NCC1)c1ccc(-c2cccc3c2OCCC3)cc1,5.85255158029385,False
Cc1ncc(-c2nc(Nc3ccc(C(=O)Nc4ccc(C(=O)C(C)C)c(F)c4)c(F)c3)ncc2F)n1C(C)C,3.494886693442299,True
CC(=O)Nc1ccc(Cc2ccc(N3CCOCC3)cc2)cc1C,3.8972549313587463,False
N[C@H]1CC[C@H](Nc2nc(Nc3ccccc3)c3ncn(C4CCCC4)c3n2)CC1,2.785253668878294,True
Nc1nc2ccc(C(=O)c3c(Cl)cccc3Cl)cn2c1C(=O)c1c(F)cccc1F,4.166511850457168,False
COc1ccc(NN2CCN(c3ccc(N4CCCC4)cc3)CC2)cc1,2.9724341876650504,True
C=C(C)SC(=O)c1ccc(Nc2ncc(F)c(-c3cnc(C)n3C(C)C)n2)cc1,3.111094019794321,True
COc1ccccc1-c1nc(Nc2ccc(CN(C)C(=O)NCCO)c(C)n2)ncc1F,3.014151124280269,True
Cc1cccc(Nc2nccc(C(=O)Nc3ncc(C(C)C)s3)n2)c1,2.895875342620948,True
CCCc1ccc(Oc2ccc(S(N)(=O)=O)cc2)cc1,3.2654172780825426,True
C=C(C)c1ccc(Nc2ccc(S(N)(=O)=O)cc2)cc1,3.087985751262462,True
COc1cc(Nc2ncc(Br)c(N[C@H](C)[C@@H](C)O)n2)ccc1S(C)(=N)=O,3.1375359758893637,True
CC(C)N1CCN(Cc2ccc(N3CCC(O)CC3)cc2)CC1,5.363505663276581,False
Cc1ncc(-c2ccnc(Nc3ccc(C(N)=O)cc3)n2)n1C(C)C,3.1328186988716773,True
CNC(=O)c1nn(C)c2c1C(C)(C)Cc1cnc(Nc3ccc(OC4CCN(C)CC4)cc3)nc1-2,3.49428876883409,True
CCC(C)c1ccc(C(C)c2ccc(S(N)(=O)=O)cc2)cc1,12.340739929193873,False
NC(=O)c1ccccc1CN1CCN(C(=O)c2ccccc2)CC1,3.658842576553408,False
C=C(C)S(=O)(=O)c1ccc(-c2ccc(/C=C3\SC(=O)NC3=O)o2)cc1C,4.836216806554483,False
COc1ccc(C=CNC(=O)N2CCc3cnc(Nc4ccnn4C)nc3C2)cn1,2.817142701390896,True
C=C(C)[C@H](CCSC(=O)c1ccc(Nc2ncc(F)c(-c3cnc(C)n3C(C)C)n2)cc1)CNC(C)C,3.0015864138818364,True
COC[C@@H](Nc1nc(Nc2ccc(S(C)(=N)=O)cc2)ncc1Br)[C@@H](C)O,2.9036036230863194,True
CN(CCO)Cc1ccc(Nc2cc(OC3CCCCC3)nc3ncnn23)nc1,3.096335576128662,True
CN1CCN(CCOc2cc(OC3CCOCC3)c3c(Nc4c(Cl)ccc5c4OCO5)ncnc3c2)CC1,4.338525095006368,False
Cc1nc2c(F)cc(-c3nc(Nc4ccc5c(n4)CCN(CCN(C)C(=N)N)C5)ncc3F)cc2n1C(C)C,2.8652172692485323,True
CN=S(C)(=O)c1ccc(Nc2ncc(Br)c(N[C@H](C)[C@H](C)O)n2)cc1,2.9912019323342287,True
C=C(C)NC(=O)C(=O)c1ccc(Nc2ncc(F)c(-c3cnc(C)n3C(C)C)n2)cc1F,2.936269912661298,True
Cc1ncc(C(=O)c2ccc(S(N)(=O)=O)cc2)n1C(C)C,4.785520138919075,False
CN(C)CC(O)COc1ccc(Nc2nccc(N(CCCC(F)(F)F)c3cc(Cl)ccc3Cl)n2)cc1,4.450398296781984,False
CC(C)c1c2cc(-c3nc(Nc4ccc(N5CCNCC5)cn4)ncc3F)ccc2nn1C,2.9087208528836195,True
COC[C@H](Nc1nc(N2CCN(C)CNC2)ncc1Br)[C@H](C)O,3.2876339516436444,True
CC(=CNC(=O)C(=O)c1ccc(Nc2ncc(F)c(-c3cnc(C)n3C(C)C)n2)cc1F)NS,2.8492674497140467,True
Nc1c(S(=O)(=O)O)cc(Nc2ccc(Cl)cc2)c2c1C(=O)c1ccccc1C2=O,3.287345129431957,True
COc1cccc(-c2cccc(N3CCNCC3)c2)c1,4.605356555143154,False
CC(C)c1c2cc(-c3ccnc(Nc4ccc5c(N6CCN(C)CC6)ncnc5c4)n3)ccc2nn1C,2.9458542054894754,True
C=C(C)SC(=O)C(O)CSC(=O)c1ccc(Nc2ncc(F)c(-c3cnc(C)n3C(C)C)n2)cc1,2.9900884602299023,True
CC(C)Cc1ccc(C(C)c2ccc(S(N)(=O)=O)cc2)cc1,11.842770284017165,False
O=C(CCc1ccccc1)NC(=O)N1CC=C(c2ccccc2)CC1,3.035205923821317,True
Cc1cc(-c2ccc(S(N)(=O)=O)cc2)ccc1C(C)(C)C,12.590963505625767,False
CCc1ccc(Nc2nccc(-c3ccc(S(N)(=O)=O)cc3)n2)cc1,3.1163313366842162,True
O=C1NCC2(CCCCC2)n2c1cc1cnc(Nc3ccc(N4CCC(N5CCOCC5)CC4)cn3)nc12,3.5804231593486286,False
Cc1ncc(-c2nc(Nc3ccc(C(NC(C)C)C(=O)C(=O)C(C)C)cc3)ncc2F)n1C(C)C,3.0372861241575557,True
CN(C)CC(O)COc1ccc(Nc2nccc(Nc3ccc(C#N)cc3)n2)cc1,3.023899799927239,True
CC(=O)CC(C)c1ccc(-c2ccc(S(N)(=O)=O)cc2)cc1,3.5554416040767713,False
CC(=O)N1CC=C(NC(=O)c2ccc(N3CCCCC3=O)cc2)CC1,3.487876431297413,True
C=C(C(=O)Nc1ncc(F)c(-c2cnc(C)n2C(C)C)n1)C(C)C,3.35688724862781,True
c1ncc(-c2cc3cnc(Nc4ccc(CN5CCNCC5)cn4)nc3n2C2CCCC2)o1,2.62847997899927,True
C=C(C)Nc1ncc(F)c(-c2cnc(C)n2C(C)C)n1,3.042115218067849,True
O=C(Nc1ccc(N2CCCC2)cc1)c1ccccc1,4.126609988840723,False
O=C(Nc1ccccc1)c1nc(Nc2ccc3c(n2)CCNC3)ncc1F,3.1197413354315184,True
CC(=O)NCCC(C)Nc1ncc(F)c(-c2cnc(C)n2C(C)C)n1,3.051894657421851,True
O=C(NCc1cccc2c1OCCC2)Nc1ccc(N2CCCC2=O)cc1,3.13860892753462,True
CCN(CC)CCNC(=O)c1cccc(Nc2nccc(-c3cnn4ncccc34)n2)c1,2.8592261190748802,True
Cc1ncc(-c2nc(NN3C=COCC3)ncc2F)n1C(C)C,3.025393362853832,True
CN1CCN(c2cccc(Nc3ccccc3)c2)CC1,2.96869499949052,True
NC(=O)N1CCN(C(=O)Oc2ccc(Oc3ccccc3)cc2)CC1,3.46176761207335,True
COc1ccc(-c2cc(N3CCN(C)CC3)ccc2O)cc1,3.7268200922502372,False
CC(C)c1cnc(NC(=O)NC(=O)Cc2ccccc2)s1,3.146946615371801,True
CNC(=O)c1ccc(Nc2nccc(-c3cnc(C)n3C(C)C)n2)cc1,3.118160355081186,True
Cc1ncc(Nc2ccc(S(N)(=O)=O)cc2)n1C(C)C,5.0278034965579135,False
OCc1ccc(-c2ccc(N3CCOCC3)cc2Cl)cc1,5.08490255560518,False
CC(=Cc1ccc(Nc2ncc(F)c(-c3cnc(C)n3C(C)C)n2)cc1F)C(=O)C(O)=C=O,3.1139487792833043,True
COc1ccc(Nc2nccc(-c3cnc(C)n3C(C)C)n2)cc1,3.0512662945079065,True
Cc1ncc(-c2ccnc(Nc3ccc(Cc4ccc(C(=O)C(C)C)cc4)cc3)n2)n1C(C)C,3.125861801167798,True
CC(C)(C)c1cnc(Sc2c(O)[nH]c3ccc(C(=O)O)cc23)o1,2.780419392825476,True
COc1ccccc1C(=O)Nc1cccc(N2CCN(C)CC2)c1,3.637895408062196,False
CC(C)C(=O)c1ccc(-c2ccc(S(N)(=O)=O)cc2)cc1,5.971509524400008,False
Cc1ncc(-c2cccc(NC(=O)C(C)C)c2)n1C(C)C,3.2021689524445773,True
O=C1NC(=O)C(c2cnc3ccccn23)=C1c1cn2c3c(cccc13)CN(C(=O)N1CCOCC1)CC2,3.946463100042878,False
C=C(C)c1ccc(C(C)c2ccc(S(N)(=O)=O)cc2)cc1,11.916733445034335,False
CCC(C(=O)C(=O)c1cnc(C)n1C(C)C)c1ccc(Nc2ncc(F)c(-c3cnc(C)n3C(C)C)n2)cc1,3.0997472477607007,True
CCN1CCN(C(=O)Nc2cccc(-c3ccccc3)n2)CC1,4.974182344868347,False
C[C@@H](Nc1nc(Nc2ccc(S(=N)(=O)CC3CC3)cc2)ncc1Br)C(C)(C)O,3.2001728078339835,True
CCCN(C)[C@H]1CCN(C(=O)c2ccc(Nc3nccc(-c4cnc(C)n4C(C)C)n3)cc2)C1,3.2121446106923637,True
NS(=O)(=O)c1ccc(-c2ccc(Nc3nccc(-c4cnc5ccccn45)n3)cc2)cc1,3.6489667030544424,False
CCC(=O)Nc1ncc(F)c(-c2cnc(C)n2C(C)C)n1,3.2422061933196007,True
Cc1ncc(-c2nc(NC(C)(C)O)ncc2F)n1C(C)C,3.6108673473280657,False
CC(NC(=O)c1ccc(N2CCN(C)CC2)cc1)C(=O)NSc1cc(C2CC2)[nH]n1,5.549505293267136,False
Cc1ncc(-c2nc(Nc3ccc(C#N)cc3)ncc2F)n1C(C)C,3.0952176013973554,True
O=C(NC1=CCN(C(=O)c2ccccc2)CC1)c1ccc(N2CCCC2=O)cc1,3.9061770313184736,False
CCNC(=O)N1CCC(c2ncc3c(n2)-c2c(c(C(=O)NC)nn2C)C(C)(C)C3)CC1,4.088758368991748,False
C=C(C)[C@@H](C)[C@@H](C)[SH](C)C(=O)C(=O)c1ccc(Nc2ncc(F)c(-c3cnc(C)n3C(C)C)n2)cc1F,3.0781344999853384,True
CC(C)c1ccc(Oc2ccc(S(N)(=O)=O)cc2)cc1,6.641804875182647,False
CC(=O)NS(=O)(=O)c1ccc(-c2ccccc2)c(C)c1,12.859079166098944,False
CC(C)C(=O)c1ccc(Nc2ccc(S(N)(=O)=O)cc2)cc1,3.0781505811119816,True
C[C@H](O)[C@@H](C)Nc1nc(Nc2ccc(S(=N)(=O)CCO)cc2)ncc1Br,2.9880597383586576,True
CC(C)c1c2cc(-c3ccnc(N[C@H]4CC[C@H](NCCN(C)C)CC4)n3)ccc2nn1C,2.913543546954472,True
CC(C)(O)Cn1cc(-c2nc(NC3CCN(S(=O)(=O)C4CC4)CC3)ncc2C(F)(F)F)cn1,3.0432837527907237,True
Cc1nc2ccccn2c1-c1ccnc(N)n1,4.5718287369498,False
Cc1ncc(-c2ccnc(Nc3ccccc3)n2)n1C(C)C,2.975363171110383,True
CC(=Nc1ccc(S(N)(=O)=O)cc1)c1c(O)[nH]c2ccc(-c3cnco3)cc12,2.6386127036759395,True
Cc1cc(-c2ccc(S(N)(=O)=O)cc2)ccc1N1CCCC1,3.636061880661546,False
Cc1cc(N(C)C)ccc1NC(=O)c1ccccc1C,3.598305990323788,False
O=C(Nc1ccccc1)c1ccc(CN2CCCCC2)cc1,3.405257552667636,True
Cc1nc2c(F)cc(-c3nc(Nc4ccc5c(n4)CCN(C(=O)O)C5)ncc3F)cc2n1C(C)C,2.811150298365426,True
O=C(c1nc(OC2CCCC2)c2[nH]cnc2n1)N1CCCC1,3.0340998665172503,True
Cc1ncc(-c2ccnc(Nc3ccc(C(=O)O)cc3)n2)n1C(C)C,3.0529659349557194,True
CN1CCN(c2cc3cnc(Nc4ccc(C(=O)N(C)C)cc4Cl)cc3n2C(=O)OC(C)(C)C)CC1,3.0195809311889614,True
Cc1ncc(-c2nc(NC(=O)C(=O)C(C)C)ncc2F)n1C(C)C,3.3662569717714694,True
Cc1c(C(=O)NCCc2ccc(F)cc2)[nH]c2cc(F)ccc12,3.018161857820088,True
CC(O)C(C)Sc1nc(Nc2ccc(S(C)(=N)=O)cc2)ncc1Br,3.061196171433645,True
CC(=O)Nc1ccc(NC(=O)c2ccc(C(C)C)cc2)cc1,3.2944840263689246,True
O=C(O)c1cc(Br)ccc1NCCc1c[nH]c2ccccc12,2.753761972284462,True
COCCOCCOCCOCCNS(=O)(=O)c1ccc(N=Cc2c(O)[nH]c3ccc4ncsc4c23)cc1,3.10875714715705,True
CCN1CCN(C(=O)Nc2ccc(-c3cccc(C)c3)cc2)CC1,5.43153099963537,False
CC(C)NCc1cccc(-c2ccc(S(N)(=O)=O)cc2)c1,3.1049067618851365,True
O=C(NCc1cccc2c1OCCC2)c1ccc(N2CCCCC2=O)cc1,3.947118569285702,False
COC(C)(C)n1nc(NCc2ccc(N3CCN(C)CC3)cc2)c2c(N)ncnc21,3.148387047362507,True
CNS(=O)(=O)Cc1ccc(N=Cc2c(O)[nH]c3ccc4ncsc4c23)cc1,2.7171900927244703,True
CC(C)Cc1nc(Nc2ccc(S(N)(=O)=O)cc2)ncc1F,5.264646331901126,False
COc1ccc(N2CCC(O)CC2)c(-c2ccccc2)c1,5.0434433673830465,False
Nc1c(S(=O)(=O)O)cc(Nc2ccccc2)c2c1C(=O)c1ccccc1C2=O,3.4001891123877215,True
CC(C)c1ccc(Nc2nccc(-c3ccc(S(N)(=O)=O)cc3)n2)cc1,3.062510897939796,True
CNc1ncc(CCNC(=O)c2ccc(Nc3ncc(F)c(-c4cnc(C)n4C(C)C)n3)cc2F)n1[C@@H](C)O,3.004373145932443,True
CS(=O)(=O)c1ccc(-c2ccc(S(N)(=O)=O)cc2)cc1,2.8292873661047575,True
CC(C)C=Cc1ccc(-c2ccc(S(N)(=O)=O)cc2)nc1,6.536465558694549,False
O=C1C=CCN1c1ccc(NCc2ccccc2)cc1,3.3072171080834725,True
CC(=O)C(F)(F)CNC(=O)c1ccc(Nc2ncc(F)c(-c3cnc(C)n3C(C)C)n2)cc1F,3.1252767877421697,True
CCC(CC)Nc1ncc(F)c(-c2cnc(C)n2C(C)C)n1,3.074013012334201,True
C=C(c1ccc(-c2ccc(S(N)(=O)=O)cc2)cc1)C(C)C,6.00861315113563,False
COc1cc[nH]c1C=C1C(=O)Nc2ccc(F)c(C#C[C@@H](O)[C@@H](N)[C@@H](C)O)c21,2.6553587328268873,True
CN(C)C/C=C/C(=O)Nc1ccc(C(=O)Nc2ncc(SCc3ncc(C(C)(C)C)o3)s2)cc1,2.9279619191512727,True
Cc1ncc(CCNC(=O)c2c(F)cccc2F)n1C(C)C,3.7162144717440677,False
CN(C)CC(O)COc1ccc(Nc2cc(Nc3cc(C(F)(F)F)ccc3F)ncn2)cc1,2.8334879565651967,True
O=C(c1ccc(NNC2CCOCC2)nc1)N1CCN(CSC2CC2)CC1,4.24505747899837,False
O=C(c1ccccc1)N1CCCc2nc(NN3CC=NCC3)ccc2C1,5.933953993754924,False
CC(C)COc1nc(N2CCN(C(C)C)CC2)nc2nc[nH]c12,2.9962673445472117,True
CC(=O)Nc1ccc(-c2ccc(N3CCN(C)CC3)cc2)cc1,4.525277229076692,False
CN(c1ccc(Nc2cccc3c2OCCC3)cc1)N1CC=CC1=O,3.1732604683511276,True
Cc1[nH]nc2ccc(-c3cncc(NC(CO)c4ccccc4)n3)cc12,3.6118066116557284,False
CC(C)NC(=O)c1ccc(-c2ccc(S(N)(=O)=O)cc2)nc1,3.063366122421535,True
CN(CCN(C)C(=O)[C@H]1CC[C@H](N)CC1)c1ccccc1Cl,6.958732140268085,False
NC(=O)c1nn(CCC(=O)O)c2c1CCc1cnc(Nc3ccccc3)nc1-2,2.9546109727001313,True
CC(C)OC(C)c1ccc(-c2ccc(S(N)(=O)=O)cc2)cc1,3.102364582056729,True
O=C(Nc1cn[nH]c1C(=O)N1CCCC1)c1c(F)cccc1F,6.9688938146595385,False
CCCCc1ccc(-c2ccc(S(N)(=O)=O)cc2)cc1,12.478284257060341,False
COCCOCCOCCOCCN(C)S(=O)(=O)c1ccc(N=Cc2c(O)[nH]c3ccc4ncsc4c23)cc1,2.7142361724802035,True
CCC1=S(Br)C=NC(Nc2ccc(Nc3ncc(F)c(-c4cnc(C)n4C(C)C)n3)cc2)=N1,3.092413135400893,True
NS(=O)(=O)Cc1ccc(N=Cc2c(O)[nH]c3ccc4ncsc4c23)cc1,2.7192699387887167,True
CN(C)C(=O)Nc1ccc(NC(=O)c2cccnc2)cc1,4.022360625304501,False
CCC(C)Cc1ccc(-c2ccc(S(N)(=O)=O)cc2)cc1,12.154969724355542,False
O=C(c1ccc(NCc2ccccc2F)cc1)N1CCCC1,3.237785045366665,True
Cc1ccc(C(=O)N2CCN(Cc3ccc(C(N)=O)cc3)CC2)cn1,3.8328601592022618,False
CC(=O)N1CCC(Nc2ccc(-c3cnc(C)n3C(C)C)cc2F)CC1,4.554220679765091,False
CC=C(Nc1ncc(F)c(-c2cnc(C)n2C(C)C)n1)C(C)C,5.081925422514581,False
CN1CCN(c2cccc(S(=O)(=O)Nc3ccccc3)c2)CC1,3.594710141304866,False
CC(C)c1cnc(CN2CNc3ccccc3C2=O)s1,3.340621199717205,True
Cc1ncc(-c2cnc(NC(=O)N(C)C)s2)n1C(C)C,3.897803099182914,False
COc1cc(-c2ccc3c(-c4nc5c(N6CCN(C)CC6)cccc5[nH]4)[nH]nc3c2)ccc1O,3.2070194885594336,True
O=C(NCCc1ccc(F)cc1)c1ccc(CN2CCCCS2)cc1,3.020131454092688,True
CCCS(=O)(=O)c1ccc(Nc2nccc(-c3cnc(C)n3C(C)C)n2)cc1,3.080876660952202,True
C=C(C)NCNC(=O)c1ccc(Nc2ncc(F)c(-c3cnc(C)n3C(C)C)n2)cc1F,3.143646290535883,True
Cc1c(Nc2ncc(Cl)c(-c3cnc4ccccn34)n2)cnn1C1CCNCC1,2.7983343259875153,True
CC(C)Cc1ccc(-c2ccc(S(N)(=O)=O)cn2)cc1,9.057529630092294,False
CNS(=O)(=O)c1ccc(-c2cccc3c2OCCC3)cc1,6.410750814062265,False
CC(C)c1cnc(NN2CCN(C(=O)c3ccccc3)CC2)s1,2.990795379159203,True
CC(C)c1ccc(Nc2ccc(N3CCCC3=O)cc2)cc1,2.736622918854553,True
CC(=O)Nc1cccc(CNc2nc(OC3CCN(C)CC3)nc3c(C(C)C)cnn23)c1,3.108294065882442,True
Cc1ccc(C(=O)N2CCN(NCc3ccccc3)CC2)cn1,2.9628290534555015,True
C=C(C)SC(=O)C(=O)c1ccc(Nc2ncc(F)c(-c3cnc(C)n3C(C)C)n2)cc1,3.101437569902058,True
Cc1nc2c(F)cc(-c3nc(Nc4ccc5c(n4)CCN[C@H]5C)ncc3F)cc2n1C(C)(C)C,2.7272706136355467,True
CC(C)COc1cc(Nc2ccc(S(=O)(=O)N(C)C)cc2)n2ncc(N3CCN(C)CC3)c2n1,3.0044026028480295,True
CC(C)c1ccc(Cc2ccc(S(N)(=O)=O)cc2)cc1,12.261253239371575,False
CN(C)S(=O)(=O)c1ccc(Nc2cc3[nH]c(-c4cn[nH]c4)cc3cn2)cc1,3.137952517167845,True
COc1ccc2[nH]c(O)c(C=c3[nH]cc4c3=CCOC4=O)c2c1,5.030201984016146,False
CC(C)c1ncc(F)c(-c2ccc(S(N)(=O)=O)cc2)n1,4.717058617401315,False
O=C(O)N1CCN(C(=O)c2ccc(Oc3ccccc3)cc2)CC1,3.229199436392868,True
Cc1ncc(-c2nc(Nc3ccc(C(=O)NSF)c(F)c3)ncc2F)n1C(C)C,2.968218489262541,True
Cc1nc2c(F)cc(-c3nc(Nc4ccc5c(n4)CCN(CC(N)=NO)C5)ncc3F)cc2n1C(C)C,2.7074247911991933,True
CN1CCN(c2ccc(NC(=O)c3cccc(F)c3)cc2)CC1,3.3343693556653236,True
O=C(Nc1[nH]nc2nc(-c3ccc(O)cc3)c(Br)cc12)C1CC1,3.139704603939674,True
Cc1ccc(NC(=S)NC(=O)c2cn(-c3ccccc3)nc2-c2ccc(C)cc2)cc1,3.1147214963781273,True
Cc1ncc(-c2nc(Nc3ccc(C(=O)C(C)C)c(O)c3)ncc2F)n1C(C)C,2.828280396283228,True
COCCCNS(=O)(=O)c1ccc(Nc2nccc(-c3cnc4ccccn34)n2)cc1,3.0435292014370408,True
NS(=O)(=O)c1ccc(-c2ccc(S(N)(=O)=O)cc2)cc1,2.731100510783156,True
C=C(C)C(=O)C(=O)c1ccc(C(=O)c2ccc(Nc3ncc(F)c(-c4cnc(C)n4C(C)C)n3)cc2)cn1,3.156243653458969,True
CC(=O)Nc1ccc(-c2ccc(N3CCCC3)cc2)cc1,4.770452075013432,False
Cc1ncc(-c2nc(NC(=O)N(C)C)ncc2F)n1C(C)C,3.2889285489350484,True
C[C@@H]1C[C@H]2CN1CCn1[nH]c3c(cccc3c1=O)-c1nc3c(cccc3[nH]c1=O)O2,5.556418720722905,False
Cc1cc(Nc2ncc(Br)c(N[C@H](C)C(C)(C)O)n2)ccc1S(C)(=N)=O,2.997111609533417,True
CN(C)CC(O)COc1ccc(Nc2ncc(Br)c(Nc3ccccc3)n2)cc1,2.820425677092026,True
CC(=O)Nc1ccc(-c2ccc(CN3CCOCC3)o2)cc1,4.115555005099563,False
N[C@H]1CC[C@H](Nc2cc(Nc3ccc(S(=O)(=O)c4ccccc4)cc3)n3ncc(Br)c3n2)CC1,3.3148782783082744,True
Nc1nc(Nc2ccc(S(N)(=O)=O)cc2)nc(OCC2CCCCC2)c1N=O,2.831777533635017,True
CNNc1n[nH]c2c1CN(C(=O)O[C@H](CN(C)C)c1ccccc1)C2(C)C,2.8650741700696005,True
CN[SH](C)(CO)C(=O)c1ccc(Nc2ncc(F)c(-c3cnc(C)n3C(C)C)n2)cc1F,3.038275333145436,True
Cc1ncc(-c2nc(NC(C)(C)F)ncc2F)n1C(C)C,3.147514257314807,True
C=C(C)c1ccc(Nc2ncc(C(C)C)c(-c3ncc(F)c(-c4cnc(C)n4C(C)C)n3)n2)cc1,5.037944124342791,False
CNCNc1cncc(-c2ccc3n[nH]c(NC(=O)c4ccccc4)c3c2)c1,3.211449672655639,True
CN1CCN(c2ccc(NC(=O)c3ccncc3)cc2)CC1,3.1950708912323087,True
COc1ccc(NC(=O)c2ccc(OC)cc2Cl)cc1,3.714277857134551,False
COc1ccc(C(=O)NC(=O)Cc2ccc(C(C)C)cc2)cc1,4.281967071335324,False
NS(=O)(=O)c1ccc(-c2ccc(-c3ccc(S(N)(=O)=O)cc3)cc2)cc1,3.0679771837482686,True
CC(N)=CCC(=O)c1ccc(Nc2ncc(F)c(-c3cnc(C)n3C(C)C)n2)cc1,3.078816168594679,True
CN1CCN(c2ccc(Nc3ccccc3)cc2)CC1,3.148448030379414,True
COCc1cc(C(=O)Nc2cc(C3CC[C@@H](OC(=O)NC(C)C)C3)[nH]n2)n(C)n1,3.0865639471749167,True
COc1ccc(NC(=O)c2ccc(N3CCCC3=O)cc2)cc1,3.357233682661965,True
CC(=O)N1CCC(c2ccc(NC(=O)c3ccccc3)cc2)CC1,5.117315800299987,False
NS(=O)(=O)c1ccc(N=Cc2c(O)[nH]c3ccc(-c4cnco4)cc23)cc1,2.6407970387744717,True
OC1CCN(c2ccnc(N[C@H]3CCC[C@H](NC4CCOCC4)CC3)n2)CC1,3.2790977417576412,True
CN1CCN(c2ccc(Nc3ncc4c(n3)-c3c(c(C(N)=O)nn3C)CC4)cc2)CC1,2.6705795251218465,True
CCc1cnn2c(NCc3ccc[n+]([O-])c3)cc(N3CCCC[C@H]3CCc3ccc[n+]([O-])c3)nc12,3.4679805362775626,True
COc1ccc(N2CCC(O)CC2)c(Cc2ccccc2)c1,3.635553052838034,False
CC(=CC(=O)c1ccc(Nc2ncc(F)c(-c3cnc(C)n3C(C)C)n2)cc1F)NC(C)C,2.958762410197883,True
O=C(Nc1ccccc1)c1ccc(N2CCCCC2)cc1,3.2343600603519698,True
CN(CCN(C)c1ccccc1Cl)C(=O)Nc1cccnc1,6.913405022129111,False
Cc1ncc(-c2ccnc(Nc3ccc(CO)cc3)n2)n1C(C)C,3.1313490702890396,True
CCCNC(=O)Nc1ncc(F)c(-c2cnc(C)n2C(C)C)n1,3.1062074946790013,True
CC(=O)Nc1ccc(N(C)C(=O)c2ccccc2)cc1,3.0850077795687967,True
CC(C)(C)Nc1nc(C(F)(F)F)nc2ccc(-c3cccc(N)c3)cc12,4.300292083103184,False
CN[C@H]1CCN(C(=O)c2ccc(Nc3nccc(-c4cnc(C)n4C(C)C)n3)cc2)C1,3.0564499014379423,True
c1ccc(Cc2nnc3sc(SSc4nn5c(Cc6ccccc6)nnc5s4)nn23)cc1,5.0439566810193766,False
Cc1ncc(-c2ccnc(Nc3ccc(C(=O)C(N)=O)cc3)n2)n1C(C)C,3.0880720522682137,True
CNC(=O)c1nn(C)c2c1C(C)(C)Cc1cnc(Nc3cccc(CN4CCOCC4)c3)nc1-2,2.9020630592735293,True
CC(=O)Nc1ccc(Cc2ccc3c(n2)CCN(C(C)=O)C3)cc1,4.615130550699517,False
CCCN(c1cc(C)cc2c(=O)c(O)c(Cc3cc(C)nc(C)c3)oc12)[SH](=O)=O,2.5378892804848667,True
CN(CCc1ccc(N2CC=C(C(N)=O)CC2)cc1)C(=O)OC(C)(C)C,3.878148656253392,False
CC(C)S(=O)(=O)c1ccc(-c2ccc(CO)cc2)cc1,2.8073172246826723,True
O=C(Cc1ccc(Cc2cccs2)cc1)Nc1cc(C2CC2)[nH]n1,3.273120987681329,True
Nc1ccc(CC(=O)Nc2[nH]nc3ccc(C4CCCC4)cc23)cc1,2.9609027339647627,True
C=C(c1ccc(C(C)C)cc1)c1ccc(S(N)(=O)=O)cc1,12.382251612691448,False
CN(C)c1ccc(Nc2ccc(N3CCCC3=O)cc2)cc1,3.481632232157789,True
CC(C)Oc1cccc2[nH]c(O)c(N=Nc3ccc(S(N)(=O)=O)cc3)c12,3.986983947798143,False
COC(=O)N1CCc2nc(Nc3ncc(F)c(-c4cc(F)c5nc(C)n(C(C)C)c5c4)n3)ccc2C1,3.068276877988689,True
Cc1ncc(-c2cc(NC(C)C)ncc2F)n1C(C)C,2.967685293288356,True
CC(C)S(=O)(=O)Cc1ccc(-c2ccc(S(N)(=O)=O)cc2)cc1,2.8984714937359604,True
CC(=O)NC1CN(c2ccc(Nc3ncc(F)c(-c4cnc(C)n4C(C)C)n3)cc2)C1,3.630993527947968,False
C[C@H](Nc1nc(Nc2ccc(S(=N)(=O)CCO)cc2)ncc1Br)C(C)(C)O,2.9967515746221003,True
C=C(C)C(=O)c1ccc(Cc2ccc(Nc3ncc(F)c(-c4cnc(C)n4C(C)C)n3)cc2)cc1,3.1814377253059702,True
Cc1ncc(Nc2ccc(S(C)(=O)=O)cc2)n1C(C)C,3.1029357067138883,True
O=C(c1ccccc1)N1CCc2nc(NC3=CCC3)ccc2C1,2.9712113691220363,True
COc1ccc(C(=O)Nc2ccc(C(C)C)cc2)cc1,3.3539918008248044,True
O=C(N[C@H]1CC[C@H](NC2CCOCC2)CC1)N1CCc2nc(CN3CCCCC3)ccc2C1,3.23511329013375,True
CNC(=O)c1nn(C)c2c1C(C)(C)Cc1cnc(Nc3cccc(N4CCOCC4)c3)nc1-2,2.811914294568743,True
CN(C)Cc1ccc(C(=O)Nc2cccc3c2OCCC3)cc1,3.3935068881615678,True
CN1CCN(c2ccc(C(=O)Nc3ccccc3)c(Cl)c2)CC1,3.699647280484995,False
Cc1ncc(-c2nc(Nc3ccccc3)ncc2F)n1C(C)C,3.0557740426936046,True
Cc1ccc(-c2ccc(C(=O)N3CCN(C(=O)C(C)C)CC3)cc2)cc1,5.581555070049922,False
O=C1CCCN1c1ccc(Nc2cccc3c2OCCCC3)cc1,3.416248380899726,True
CN1CCN(c2cccc(Nc3ncc4c(n3)-c3c(c(C(N)=O)nn3C)CC4)c2)CC1,2.7373558409530885,True
CC(=O)Nc1ncc(-c2ccc(N3CCCC3)cc2)cc1C,4.582867552090062,False
CC(C)N1CCN(c2ccc(-c3ccc(S(N)(=O)=O)cc3)cc2)CC1,2.9291754812574795,True
CC(C)(C)c1ccc(-c2ccc(S(N)(=O)=O)cc2)nc1,7.237462193338218,False
CCOP(=O)(OCC)N(C)CCN1CCc2nc(Nc3ncc(F)c(-c4cc(F)c5nc(C)n(C(C)C)c5c4)n3)ccc2C1,2.6101819859925524,True
NC(=O)c1ccc(-c2ccc(N3CCC(=O)CC3)cc2)cc1,3.169982649794787,True
Cn1nc(C(=O)Nc2ccccc2)c2c1-c1nc(Nc3ccccc3)ncc1CC2,3.109109357999488,True
O=C(Nc1ccccn1)c1ccc(N2CCCC2)cc1,3.2114957574314245,True
Cc1ccc(CC(=O)Nc2[nH]nc3ccc(N4CCCS4(=O)=O)cc23)cc1,3.126059020556071,True
Clc1cccc(Nc2nccc(-c3ccnc(N4CCOCC4)c3)n2)c1,3.2097082421927396,True
CC(C)c1cnn2c(NCc3ccccc3)cc(N[C@@H](CO)[C@H](O)CO)nc12,3.114231205289681,True
N[C@H](CNc1cc(-c2ccc3cnccc3c2)no1)Cc1ccc(C(F)(F)F)cc1,3.4511195285008687,True
CC(=O)Nc1ccc(Nc2ncc(F)c(-c3cnc(C)n3C(C)C)n2)cn1,2.9953418836586905,True
CSC(C)=Cc1cccc2[nH]c(O)c(N=Nc3ccc(-c4ccc(S(N)(=O)=O)cc4)cc3)c12,2.71524897569265,True
C[C@H](Nc1nc(Nc2ccc(S(C)(=N)=O)cc2)ncc1Br)C(C)(C)O,2.743579778318827,True
CN(C)CCNS(=O)(=O)c1ccc(Nc2nccc(-c3cnc4ccccn34)n2)cc1,3.117492261417827,True
CCN(C)C(=S)Nc1ncc(F)c(-c2cnc(C)n2C(C)C)n1,3.226197917053453,True
CCN(C(C)=O)c1ccc(-c2ccc(NC(C)=O)cc2)cc1,5.844052874504132,False
CN1C/C=C/COCc2ccc(o2)-c2ccnc(n2)Nc2ccc(OCCN3CCCC3)c(c2)C1,4.0291501585321985,False
O=C(c1nc(C2CCCCC2)nc2nc[nH]c12)N1CCCC1,3.3183966007697174,True
CC(C)Oc1ccc(-c2ccc(S(N)(=O)=O)cc2)cc1,3.4890093149775385,True
CC(=NCN)c1ccc(Cc2ccc(Nc3nccc(-c4cnc(C)n4C(C)C)n3)cc2)cc1,3.0653512033696906,True
O=S(=O)(c1ccccc1)N1CCC(Nc2ccc(F)cc2)CC1,3.203013893194975,True
NC(=O)NC(=O)CC(=O)Nc1[nH]nc2ccc(N3CCCCC3=O)cc12,2.878310094482526,True
Cc1ncc(-c2nc(Nc3ccc(C(N)=O)cc3)ncc2F)n1C(C)C,3.093561862966375,True
CC(=O)C(=O)c1ccc(Nc2ncc(F)c(-c3cnc(C)n3C(C)C)n2)cc1,2.9810778252169117,True
COCCNc1cc(Nc2ccc(OCC(O)CN(C)C)cc2)ncn1,3.086642998469376,True
O=C(NC1CCCC1)c1ccc(Nc2cn[nH]c2C(=O)NC2CCNCC2)cc1,3.4570096904694974,True
NS(=O)(=O)c1ccc(-c2ccc(N3CCCC3)cc2)cc1,5.00762917956192,False
CC(C)NC(=O)c1ccc2c(n1)CCN(C(=O)C1CCC1)C2,3.445674099505058,True
OC1CCN(c2cccc(Cc3ccc(F)cc3)c2)CC1,7.588602308725901,False
CC(=O)c1ccc(Nc2ncc(F)c(-c3cnc(C)n3C(C)C)n2)cc1,3.0915798550255844,True
Cc1ncc(-c2nc(Nc3ccc(N4CCOCC4)cc3)ncc2F)n1C(C)C,3.109090703083457,True
CN1CCN(c2cccc(C(=O)Nc3cccnc3)c2)CC1,3.324769164919577,True
C=C(C)N(C)C(=O)c1ccc(Nc2ncc(F)c(-c3cnc(C)n3C(C)C)n2)cc1F,3.080210707078336,True
NCCCCNC(=O)c1ccc(CNc2nc(N[C@H]3CC[C@H](N)CC3)nc3c2ncn3C2CCCC2)cc1,3.2131139102123356,True
Nc1nc2ccc(C(=O)c3ccc(Br)cc3C(=O)O)cn2c1N1CCCC1,2.7132598474897334,True
CC(=Cc1ccc(Nc2ncc(F)c(-c3cnc(C)n3C(C)C)n2)cc1F)CS,3.0140968796639562,True
Cc1cc(Nc2ncc(Br)c(N[C@H](C)[C@H](C)O)n2)ccc1S(C)(=N)=O,3.0243187662678723,True
C1=C(c2cc(NCc3ccc(N4CCCNCC4)cn3)ccn2)CC1,4.945068149176517,False
C=CC(=O)Nc1ccc(C(=O)N2CCCC(Nc3ncc(C=Cc4ncc(C(C)(C)C)o4)s3)C2)cc1,2.883831825887222,True
NS(=O)(=O)c1ccc(-c2ccc(-c3ccccc3)cc2)cc1,7.311251739613399,False
Cc1ncc(-c2ccnc(NC(=O)C(C)C)n2)n1C(C)C,3.25221309264938,True
CC(C)N(C)c1ccc(-c2ccc(S(N)(=O)=O)cc2)cc1,5.622519541984708,False
CC(=O)N1CC=C(Nc2cccc3c2OCCCC3)CC1,3.2661039481314793,True
CCn1c(-c2ccnc(Nc3ccc(S(=O)(=O)NCCOC)cc3)n2)cnc1C,3.2418460790111565,True
CCNC(=O)c1ccc(Nc2ncc(F)c(-c3cnc(C)n3C(C)C)n2)cc1SC,2.9453768859010268,True
Cc1cc(S(=O)(=O)N(C)C)ccc1Nc1ccccc1,3.1311074718061,True
Cc1c(N[C@H]2CCCNC2)nc2ccnn2c1-c1ccc(O)c(Br)c1,3.7609400420639485,False
O=C(Nc1ccccn1)Nc1cccc2c1[C@H]1CCCN1C2=O,2.653323576196467,True
Cc1ncc(-c2ccnc(Nc3ccc(Cl)cc3)n2)n1C(C)C,3.063671979830742,True
NS(=O)(=O)c1ccc(-c2ccnc(N3CCCC3)n2)cc1,3.750603818053833,False
O=C(c1ccc(NCCc2ccccc2)cc1)N1CCCC1,4.711116852721868,False
NC(=O)c1ccc(-c2ccc(N3CCOCC3)cc2)cc1,3.1546659094110066,True
CCN1CCC(c2ccc(Nc3ncc(F)c(-c4cc(F)c5nc6n(c5c4)C(C)(C)CC6)n3)nc2)CC1,3.6639227611946183,False
CC(C)c1cccc(CC(=O)Cc2ccc(S(N)(=O)=O)cc2)c1,7.736292716799176,False
Cc1ncc(-c2nc(CC(=O)NC(C)C)ncc2F)n1C(C)C,3.215982120597067,True
O=C1NC(=O)C(n2c(O)ccc2O)=C1c1coc2cc(CO)ccc12,3.1397256249551515,True
Nc1ncnc2occ(-c3ccc(NC4CCC(C5CCNCC5)C4)cc3)c12,2.7047931529046756,True
CN(C)C(=O)c1ccc(NC(=O)c2ccccc2)nc1,3.1781795103486576,True
CC(=CNC=CC(=O)c1ccc(Nc2ncc(F)c(-c3cnc(C)n3C(C)C)n2)cc1F)NSF,3.0328577282820235,True
Cc1ncc(-c2ccnc(Nc3ccc(C(=O)N(C)C)c(F)c3)n2)n1C(C)C,3.5440380923460797,False
CCCc1ccc(-c2ccc(S(N)(=O)=O)cc2)cc1F,12.472449679192936,False
C=C(C)N[C@@H]1CCN(C(=O)c2ccc(Nc3ncc(F)c(-c4cnc(C)n4C(C)C)n3)cc2)C1,3.356455719952221,True
COc1ccc(-c2ccc(C(=O)N3CCC(O)CC3)cc2)cc1,4.194640032231606,False
Cc1cc(S(=O)(=O)NC2CC2)ccc1Cc1ccccc1,8.876158741257381,False
NC(=O)c1ccc(Nc2nc(N)c(N=O)c(OCC3CCCCC3)n2)cc1,3.0796131250532075,True
CC(C)=CNc1ccc(CC(=O)c2ccc(Nc3ncc(F)c(-c4cnc(C)n4C(C)C)n3)cc2)cc1,3.133830403834894,True
O=C(Nc1[nH]nc2nc(-c3cccc(O)c3)ccc12)C1CC1,2.815753007634006,True
CCN(c1ccc(-c2ccc(S(N)(=O)=O)cc2)nc1)C(C)C,5.097145966126535,False
COc1ccc(N2CCN(c3ccccc3)CCNC2)cc1,3.7533944636821746,False
Cc1ncc(-c2ccnc(-c3ccnc(Nc4ccc(C(N)=O)cc4)n3)n2)n1C(C)C,3.1408159767805572,True
CCOC(=O)c1cnn2c(-c3ccc(Cl)cc3)nc(NCc3ccccc3)nc12,5.484238871529947,False
O=C1C(c2[nH]c3ccccc3c2O)=Nc2ccccc21,6.6771177913827495,False
NC(=O)c1ccc(OC(=O)N2CCN(c3ccccc3)CC2)cc1,3.7523531283715896,False
CC(C)c1[nH]nc2c(NCc3ccc(-c4ccccn4)cc3)nc(C(C)(C)O)nc12,3.026951932224898,True
C=C(C)n1c(CC(=O)c2ccc(Nc3ncc(F)c(-c4cnc(C)n4C(C)C)n3)cc2F)cnc1C,3.2379000911084352,True
CCN(CCCc1ccc(Nc2ncc(C(F)(F)F)c(OC3CCCCC3)n2)cc1)C(C)=O,3.000443967148865,True
CN(C(=O)c1ccc(C(N)=O)cc1)c1ccccc1Cl,6.766312141780043,False
Cc1ncc(-c2ccnc(Nc3cccnc3)n2)n1C(C)C,3.104715123807658,True
CN(C)S(=O)(=O)c1ccc(NC(=O)c2ncoc2-c2ccc(N3CCCC3=O)cc2)cc1,3.217194585349164,True
CC(C)Nc1ccc(-c2ccc(S(N)(=O)=O)cc2)cc1,3.407598861368513,True
CC(=CC(=N)c1ccc(Nc2ncc(F)c(-c3cnc(C)n3C(C)C)n2)cc1)C(=O)c1cnc(C)n1C(C)C,3.214548801931624,True
Cc1nc2c(F)cc(-c3nc(Nc4ccc5c(n4)CCN(C(=O)CN(C)C)C5)ncc3F)cc2n1C(C)C,3.166074067358506,True
CC(=O)Nc1ccc(Cc2ccc(C=C3CC(=O)NC(=N)S3)cc2)cc1,5.653948178043378,False
O=C(NC1CCCC1)c1ccc(CN2CCCCC2)cc1,3.920973476064328,False
NS(=O)(=O)c1ccc(OCc2c(F)cccc2F)cc1,7.196811029893724,False
C=C1N=C([C@H]2CC[C@H](N)CC2)C=C(Nc2ccc(F)c(Cl)c2)N1N,2.9864120613204066,True
Cc1ncc(-c2nc(C(=O)NC(=O)N(C)C)ncc2F)n1C(C)C,3.156768917738519,True
CN1CCN(c2ccc(NCc3ccccc3F)cc2)CC1,3.095647589762114,True
Cc1ncc(-c2ccnc(Nc3ccc(C(=O)CN)cc3)n2)n1C(C)C,3.0884619149343546,True
CCCc1ccc(Sc2ccc(S(N)(=O)=O)cc2)cc1,12.152131541421038,False
O=C(Cc1ccc(Br)cc1)Nc1[nH]nc2ccc(N3CCCS3(=O)=O)cc12,3.0781700732740522,True
CCS(=N)(=O)c1ccc(Nc2ncc(Br)c(N[C@H](COC)[C@H](C)O)n2)cc1,2.8943375753356784,True
CC(=O)Nc1nc(C)c(F)c(-c2cnc(C)n2C(C)C)n1,3.32050297394838,True
O=C(c1ccccc1)N1CCc2nc(NC3CC3)ccc2C1,3.0875193926516453,True
COc1ccc(-c2nn(-c3ccccc3)cc2C(=O)NC(=S)Nc2ccc(C)cc2)cc1,3.820218449251303,False
Cc1c(N[C@H]2CCCNC2)nc2ccnn2c1Nc1ccc2c(cnn2C)c1,2.9577690917311306,True
Cc1ncc(-c2ccc(NC(=O)CC(C)C)cc2)n1C(C)C,4.0797437419524245,False
CC(C)=Cc1cccc2[nH]c(O)c(NNc3ccc(S(N)(=O)=O)cc3)c12,2.7616916916991263,True
O=C(Nc1ccc(N2CCCCC2=O)cc1)c1ccccc1,3.223783026197647,True
Cc1ncc(-c2ccnc(Nc3nc(-c4ccnc(Nc5ccc(C(N)=O)cc5)n4)ncc3S)n2)n1C(C)C,3.256987718736446,True
NC(=O)C1CCC(N2CC=C(c3ccccc3)CC2)CC1,4.2064211629365005,False
NS(=O)(=O)c1ccc(NC(=O)Cc2ccccc2)cc1,3.645714744737995,False
