experiment,arm,tau,seed,n_generated,pred_real,sim,qed,sa,atoms,proximity_share,nearest_is_heldout,recall
primary,multi_real,,42,100.0,8.067995,0.56897,0.90395,2.868835,22.0,,,
primary,multi_real,,43,100.0,7.646915,0.344545,0.91724,1.913545,21.0,,,
primary,multi_real,,44,100.0,8.095344999999998,0.57377,0.905335,2.82035,22.0,,,
primary,multi_real,,45,99.0,7.74903,0.40678,0.90912,2.1618,21.0,,,
primary,multi_real,,46,100.0,7.695085,0.371625,0.91692,2.052695,21.0,,,
primary,multi_real,0.4,42,100.0,8.11957,0.56296,0.91069,2.892715,22.0,,,
primary,multi_real,0.4,43,99.0,7.73649,0.56452,0.90383,2.68821,22.0,,,
primary,multi_real,0.4,44,100.0,8.11632,0.5726,0.904785,2.8136900000000002,22.0,,,
primary,multi_real,0.4,45,99.0,7.88412,0.60345,0.88196,2.74022,21.0,,,
primary,multi_real,0.4,46,100.0,7.878055,0.53846,0.8938699999999999,2.6402799999999997,21.0,,,
primary,multi_real,0.5,42,100.0,8.09544,0.58333,0.9007350000000001,2.7883649999999998,22.0,,,
primary,multi_real,0.5,43,98.0,7.7179400000000005,0.6092500000000001,0.882105,2.70075,22.0,,,
primary,multi_real,0.5,44,100.0,8.124134999999999,0.58796,0.88194,2.7966699999999998,23.0,,,
primary,multi_real,0.5,45,99.0,8.11078,0.60345,0.90709,2.78638,22.0,,,
primary,multi_real,0.5,46,100.0,8.11873,0.57377,0.88194,2.843725,22.0,,,
primary,multi_real,0.6,42,99.0,7.85426,0.67857,0.86346,2.73575,23.0,,,
primary,multi_real,0.6,43,97.0,7.64523,0.68627,0.80291,2.57275,24.0,,,
primary,multi_real,0.6,44,97.0,8.0603,0.67857,0.84767,2.72666,24.0,,,
primary,multi_real,0.6,45,99.0,7.8111,0.65517,0.87029,2.72745,23.0,,,
primary,multi_real,0.6,46,97.0,7.9339,0.68421,0.78966,2.78829,24.0,,,
primary,multi_real,0.7,42,96.0,8.234355,0.768545,0.721545,2.5685000000000002,26.0,,,
primary,multi_real,0.7,43,96.0,8.12867,0.769895,0.7155199999999999,2.634215,26.0,,,
primary,multi_real,0.7,44,95.0,8.05142,0.75862,0.74371,2.60854,26.0,,,
primary,multi_real,0.7,45,96.0,8.333300000000001,0.75205,0.690065,2.61834,27.0,,,
primary,multi_real,0.7,46,87.0,7.53085,0.74468,0.7223,2.62388,25.0,,,
primary,activity_only,,42,100.0,8.596025000000001,0.6875,0.26355,3.22057,35.5,,,
primary,activity_only,,43,98.0,8.344775,0.7249749999999999,0.30347,2.86129,33.5,,,
primary,activity_only,,44,95.0,8.49897,0.66667,0.30766,3.53397,35.0,,,
primary,activity_only,,45,100.0,8.604635,0.708175,0.34228000000000003,3.1942,34.0,,,
primary,activity_only,,46,99.0,8.5998,0.6875,0.31686,3.25493,36.0,,,
primary,activity_only,0.4,42,100.0,8.5549,0.728715,0.32016500000000003,3.0987099999999996,34.0,,,
primary,activity_only,0.4,43,98.0,8.49679,0.625935,0.29090000000000005,3.22595,35.5,,,
primary,activity_only,0.4,44,96.0,8.53114,0.77121,0.28501,3.616095,35.0,,,
primary,activity_only,0.4,45,100.0,8.613695,0.68116,0.29791,3.157215,36.0,,,
primary,activity_only,0.4,46,99.0,8.57487,0.73438,0.31976,3.32253,35.0,,,
primary,activity_only,0.5,42,100.0,8.58336,0.67143,0.276235,3.21826,37.0,,,
primary,activity_only,0.5,43,98.0,8.527085,0.65574,0.32633500000000004,3.13226,34.0,,,
primary,activity_only,0.5,44,94.0,8.482199999999999,0.7249749999999999,0.396495,3.314145,33.0,,,
primary,activity_only,0.5,45,100.0,8.596285,0.69118,0.277205,3.264165,36.0,,,
primary,activity_only,0.5,46,98.0,8.5288,0.69841,0.31506500000000004,3.191655,34.5,,,
primary,activity_only,0.6,42,100.0,8.59009,0.70149,0.29356499999999996,3.2335200000000004,36.0,,,
primary,activity_only,0.6,43,98.0,8.49042,0.84375,0.21939999999999998,2.89663,35.0,,,
primary,activity_only,0.6,44,95.0,8.58128,0.80519,0.29091,3.97066,34.0,,,
primary,activity_only,0.6,45,100.0,8.57851,0.67692,0.26771,3.19984,34.0,,,
primary,activity_only,0.6,46,96.0,8.3853,0.8,0.22643,3.603075,35.0,,,
primary,activity_only,0.7,42,100.0,8.53003,0.74576,0.32072,2.797005,34.0,,,
primary,activity_only,0.7,43,98.0,8.353190000000001,0.79245,0.39375499999999997,2.7021300000000004,32.0,,,
primary,activity_only,0.7,44,94.0,8.497135,0.7835799999999999,0.32092,3.80311,34.0,,,
primary,activity_only,0.7,45,99.0,8.5278,0.7541,0.42163,2.97713,33.0,,,
primary,activity_only,0.7,46,96.0,8.40068,0.801785,0.306815,3.345,33.0,,,
molecule,multi_real,,42,100.0,7.242425,0.35,0.9191400000000001,1.9490500000000002,21.0,0.0,0.24,
molecule,multi_real,,43,100.0,7.2386,0.33333,0.91976,1.89449,21.0,0.0,0.18,
molecule,multi_real,,44,100.0,7.22561,0.34514,0.911565,1.85516,21.0,0.0,0.2,
molecule,multi_real,,45,100.0,7.251535,0.33333,0.90781,2.042695,21.0,0.0,0.24,
molecule,multi_real,,46,100.0,7.266935,0.41379,0.9063,2.1109600000000004,21.0,0.07,0.32,
molecule,multi_real,,-1,,,,,,,,,0.35294117647058826
molecule,multi_real,0.4,42,99.0,7.33417,0.51923,0.88287,2.3989,21.0,0.1919191919191919,0.43434343434343436,
molecule,multi_real,0.4,43,100.0,7.210465,0.43918,0.9051549999999999,2.419055,23.0,0.06,0.54,
molecule,multi_real,0.4,44,100.0,7.257505,0.44737,0.90419,2.34993,22.0,0.07,0.52,
molecule,multi_real,0.4,45,100.0,7.275665,0.49648000000000003,0.91225,2.815535,22.0,0.28,0.44,
molecule,multi_real,0.4,46,99.0,7.24503,0.53846,0.91124,2.72313,22.0,0.3434343434343434,0.5555555555555556,
molecule,multi_real,0.4,-1,,,,,,,,,0.39705882352941174
molecule,multi_real,0.5,42,98.0,7.30897,0.5861050000000001,0.88856,2.66303,22.0,0.4387755102040816,0.46938775510204084,
molecule,multi_real,0.5,43,98.0,7.228994999999999,0.61017,0.86365,2.77424,23.0,0.47959183673469385,0.47959183673469385,
molecule,multi_real,0.5,44,99.0,7.35353,0.55769,0.8776,2.49321,21.0,0.2828282828282828,0.2727272727272727,
molecule,multi_real,0.5,45,100.0,7.28745,0.580105,0.9025650000000001,2.778725,22.0,0.53,0.66,
molecule,multi_real,0.5,46,99.0,7.30378,0.56364,0.90392,2.71191,22.0,0.5252525252525253,0.7575757575757576,
molecule,multi_real,0.5,-1,,,,,,,,,0.4803921568627451
molecule,multi_real,0.6,42,96.0,7.3380399999999995,0.681335,0.852805,2.6989549999999998,22.5,0.5625,0.3854166666666667,
molecule,multi_real,0.6,43,98.0,7.221215,0.67941,0.83602,2.588985,24.0,0.45918367346938777,0.336734693877551,
molecule,multi_real,0.6,44,98.0,7.37577,0.67525,0.8451299999999999,2.906275,23.0,0.8877551020408163,0.35714285714285715,
molecule,multi_real,0.6,45,100.0,7.374404999999999,0.66667,0.855105,2.8314399999999997,23.0,0.76,0.55,
molecule,multi_real,0.6,46,97.0,7.33424,0.67797,0.84209,2.78539,23.0,0.7422680412371134,0.5051546391752577,
molecule,multi_real,0.6,-1,,,,,,,,,0.5343137254901961
molecule,multi_real,0.7,42,88.0,7.44318,0.7377,0.70369,2.66472,25.0,0.5795454545454546,0.3068181818181818,
molecule,multi_real,0.7,43,94.0,7.457955,0.7541,0.71011,2.75059,27.0,0.7659574468085106,0.24468085106382978,
molecule,multi_real,0.7,44,91.0,7.32432,0.75758,0.73245,2.63149,25.0,0.7252747252747253,0.1978021978021978,
molecule,multi_real,0.7,45,96.0,7.4153400000000005,0.754245,0.7298,2.826,25.0,0.78125,0.3020833333333333,
molecule,multi_real,0.7,46,92.0,7.410015,0.74194,0.720565,2.6019,26.0,0.8913043478260869,0.41304347826086957,
molecule,multi_real,0.7,-1,,,,,,,,,0.49019607843137253
molecule,activity_only,,42,98.0,7.90799,0.73333,0.32713000000000003,4.2653300000000005,35.0,0.9795918367346939,0.8979591836734694,
molecule,activity_only,,43,98.0,7.86037,0.71199,0.39226,4.08536,34.0,0.8571428571428571,0.41836734693877553,
molecule,activity_only,,44,99.0,7.88636,0.7377,0.34149,4.19829,36.0,1.0,0.98989898989899,
molecule,activity_only,,45,98.0,7.929005,0.73333,0.33440000000000003,4.389875,33.0,0.9591836734693877,0.7244897959183674,
molecule,activity_only,,46,97.0,7.8237,0.57627,0.30418,4.32809,32.0,0.36082474226804123,0.4639175257731959,
molecule,activity_only,,-1,,,,,,,,,0.5490196078431373
molecule,activity_only,0.4,42,96.0,7.787015,0.6910350000000001,0.30819,3.718275,34.0,0.6770833333333334,0.5208333333333334,
molecule,activity_only,0.4,43,97.0,7.7572,0.68333,0.23935,3.24247,34.0,0.5463917525773195,0.29896907216494845,
molecule,activity_only,0.4,44,94.0,7.68611,0.689665,0.33986,3.26487,35.0,0.6914893617021277,0.24468085106382978,
molecule,activity_only,0.4,45,98.0,7.843525,0.78788,0.41596,3.0297,34.0,0.9387755102040817,0.2653061224489796,
molecule,activity_only,0.4,46,92.0,7.735445,0.71154,0.36001,2.977905,32.0,0.9347826086956522,0.782608695652174,
molecule,activity_only,0.4,-1,,,,,,,,,0.5
molecule,activity_only,0.5,42,97.0,7.88377,0.74576,0.3736,4.01068,34.0,1.0,0.9175257731958762,
molecule,activity_only,0.5,43,98.0,7.844725,0.74166,0.37643499999999996,3.8876850000000003,34.0,0.6530612244897959,0.46938775510204084,
molecule,activity_only,0.5,44,99.0,7.8462,0.79365,0.35372,2.98854,34.0,0.9797979797979798,0.30303030303030304,
molecule,activity_only,0.5,45,98.0,7.925855,0.72131,0.310395,4.34467,35.0,0.9897959183673469,0.826530612244898,
molecule,activity_only,0.5,46,95.0,7.75397,0.67273,0.3018,3.73189,33.0,0.8421052631578947,0.6421052631578947,
molecule,activity_only,0.5,-1,,,,,,,,,0.5441176470588235
molecule,activity_only,0.6,42,95.0,7.76137,0.7,0.35857,3.54373,32.0,0.8947368421052632,0.6,
molecule,activity_only,0.6,43,92.0,7.703189999999999,0.729955,0.41022000000000003,3.281775,34.0,0.6304347826086957,0.25,
molecule,activity_only,0.6,44,99.0,7.84506,0.74242,0.3594,3.07579,35.0,0.9797979797979798,0.1717171717171717,
molecule,activity_only,0.6,45,98.0,7.861205,0.7602599999999999,0.437905,4.196755,31.0,0.7244897959183674,0.3673469387755102,
molecule,activity_only,0.6,46,97.0,7.84486,0.76471,0.32362,3.12632,35.0,0.979381443298969,0.08247422680412371,
molecule,activity_only,0.6,-1,,,,,,,,,0.553921568627451
molecule,activity_only,0.7,42,90.0,7.72653,0.766285,0.50308,3.472015,31.0,0.9555555555555556,0.4888888888888889,
molecule,activity_only,0.7,43,92.0,7.69714,0.7747200000000001,0.425605,3.2268800000000004,33.0,0.5978260869565217,0.09782608695652174,
molecule,activity_only,0.7,44,96.0,7.723745,0.77193,0.42064999999999997,3.6784299999999996,33.0,0.7708333333333334,0.34375,
molecule,activity_only,0.7,45,98.0,7.84338,0.78689,0.492585,3.70688,30.0,0.9081632653061225,0.42857142857142855,
molecule,activity_only,0.7,46,91.0,7.7484,0.77941,0.48281,2.92592,31.0,0.989010989010989,0.5054945054945055,
molecule,activity_only,0.7,-1,,,,,,,,,0.5735294117647058
scaffold,multi_real,,42,100.0,7.36054,0.398115,0.92351,2.26276,22.0,0.01,0.1,
scaffold,multi_real,,43,100.0,7.4663,0.42752,0.89402,2.188825,22.0,0.0,0.11,
scaffold,multi_real,,44,100.0,7.3445350000000005,0.4,0.90788,2.10509,22.0,0.02,0.11,
scaffold,multi_real,,45,100.0,7.3072,0.40876999999999997,0.909635,2.18969,21.0,0.0,0.09,
scaffold,multi_real,,46,100.0,7.32546,0.38090999999999997,0.90847,2.067985,21.0,0.02,0.19,
scaffold,multi_real,,-1,,,,,,,,,0.3225806451612903
scaffold,multi_real,0.4,42,100.0,7.428345,0.47836,0.9172199999999999,2.4165,23.0,0.0,0.07,
scaffold,multi_real,0.4,43,100.0,7.847325,0.60392,0.86913,2.721515,23.0,0.04,0.08,
scaffold,multi_real,0.4,44,100.0,7.60105,0.544655,0.91632,2.7094050000000003,22.0,0.07,0.4,
scaffold,multi_real,0.4,45,100.0,7.4186049999999994,0.479985,0.90708,2.47292,23.0,0.0,0.02,
scaffold,multi_real,0.4,46,100.0,7.721335,0.53128,0.90872,2.813365,21.0,0.11,0.5,
scaffold,multi_real,0.4,-1,,,,,,,,,0.3870967741935484
scaffold,multi_real,0.5,42,98.0,7.500125000000001,0.5793299999999999,0.8913899999999999,2.6178350000000004,23.0,0.07142857142857142,0.09183673469387756,
scaffold,multi_real,0.5,43,100.0,8.015505000000001,0.62295,0.87332,2.79372,23.0,0.06,0.1,
scaffold,multi_real,0.5,44,100.0,7.531765,0.583975,0.9057299999999999,2.65893,22.0,0.06,0.15,
scaffold,multi_real,0.5,45,100.0,7.485705,0.585,0.872475,2.732805,23.0,0.0,0.0,
scaffold,multi_real,0.5,46,100.0,7.74549,0.53333,0.89728,2.8018799999999997,23.0,0.17,0.66,
scaffold,multi_real,0.5,-1,,,,,,,,,0.45161290322580644
scaffold,multi_real,0.6,42,97.0,7.59758,0.66667,0.8535,2.83827,23.0,0.041237113402061855,0.030927835051546393,
scaffold,multi_real,0.6,43,97.0,7.68407,0.65517,0.85133,2.84741,24.0,0.020618556701030927,0.020618556701030927,
scaffold,multi_real,0.6,44,99.0,7.58123,0.66667,0.85069,2.86407,23.0,0.030303030303030304,0.020202020202020204,
scaffold,multi_real,0.6,45,98.0,7.599185,0.67213,0.828155,2.9785500000000003,23.0,0.0,0.0,
scaffold,multi_real,0.6,46,97.0,7.65054,0.67188,0.79097,2.82982,24.0,0.2268041237113402,0.16494845360824742,
scaffold,multi_real,0.6,-1,,,,,,,,,0.41935483870967744
scaffold,multi_real,0.7,42,86.0,7.539465,0.7387900000000001,0.72191,2.84293,26.5,0.05813953488372093,0.023255813953488372,
scaffold,multi_real,0.7,43,94.0,8.15692,0.75862,0.71089,2.6790000000000003,26.5,0.0425531914893617,0.02127659574468085,
scaffold,multi_real,0.7,44,94.0,7.4737849999999995,0.74576,0.74117,2.652605,24.0,0.1702127659574468,0.07446808510638298,
scaffold,multi_real,0.7,45,88.0,7.10961,0.76298,0.7182649999999999,2.88442,24.5,0.0,0.0,
scaffold,multi_real,0.7,46,95.0,7.66261,0.74576,0.71471,2.82958,26.0,0.031578947368421054,0.010526315789473684,
scaffold,multi_real,0.7,-1,,,,,,,,,0.6559139784946236
scaffold,activity_only,,42,99.0,8.38667,0.67647,0.20894,3.33774,35.0,0.0,0.0,
scaffold,activity_only,,43,99.0,8.41015,0.75,0.26963,3.1745,36.0,0.0,0.0,
scaffold,activity_only,,44,97.0,8.35103,0.62903,0.15003,3.24456,36.0,0.5154639175257731,0.5257731958762887,
scaffold,activity_only,,45,100.0,8.266285,0.503085,0.142745,3.609245,35.0,0.28,0.67,
scaffold,activity_only,,46,98.0,8.400200000000002,0.64853,0.184615,3.24177,35.0,0.32653061224489793,0.3163265306122449,
scaffold,activity_only,,-1,,,,,,,,,0.6021505376344086
scaffold,activity_only,0.4,42,99.0,8.45939,0.72727,0.2238,3.42781,36.0,0.0,0.0,
scaffold,activity_only,0.4,43,99.0,8.39855,0.74576,0.34883,3.1637,35.0,0.0,0.0,
scaffold,activity_only,0.4,44,98.0,8.37027,0.605845,0.1456,3.22413,36.0,0.7040816326530612,0.6224489795918368,
scaffold,activity_only,0.4,45,98.0,8.03284,0.439695,0.20521,3.483345,31.5,0.07142857142857142,0.02040816326530612,
scaffold,activity_only,0.4,46,99.0,8.5281,0.73585,0.19877,3.63568,34.0,0.0,0.0,
scaffold,activity_only,0.4,-1,,,,,,,,,0.6451612903225806
scaffold,activity_only,0.5,42,99.0,8.41969,0.71429,0.19358,3.36187,35.0,0.06060606060606061,0.0,
scaffold,activity_only,0.5,43,99.0,8.39821,0.76271,0.32531,3.08076,35.0,0.0,0.0,
scaffold,activity_only,0.5,44,96.0,8.316234999999999,0.5959049999999999,0.15523,3.29943,35.5,0.625,0.4895833333333333,
scaffold,activity_only,0.5,45,97.0,7.95357,0.66667,0.27645,3.82311,28.0,0.0,0.0,
scaffold,activity_only,0.5,46,99.0,8.52891,0.71429,0.16643,3.55532,35.0,0.0,0.0,
scaffold,activity_only,0.5,-1,,,,,,,,,0.6451612903225806
scaffold,activity_only,0.6,42,98.0,8.28987,0.6814899999999999,0.20376,3.3565199999999997,35.0,0.22448979591836735,0.1836734693877551,
scaffold,activity_only,0.6,43,99.0,8.42651,0.75,0.31612,3.30573,36.0,0.0,0.0,
scaffold,activity_only,0.6,44,96.0,8.337775,0.70968,0.202195,3.075675,34.0,0.3958333333333333,0.125,
scaffold,activity_only,0.6,45,97.0,7.96271,0.76923,0.28177,3.23422,36.0,0.0,0.0,
scaffold,activity_only,0.6,46,98.0,8.41667,0.72654,0.21021,3.248885,34.0,0.05102040816326531,0.04081632653061224,
scaffold,activity_only,0.6,-1,,,,,,,,,0.6774193548387096
scaffold,activity_only,0.7,42,92.0,8.006879999999999,0.772445,0.476385,3.531155,34.0,0.09782608695652174,0.05434782608695652,
scaffold,activity_only,0.7,43,99.0,8.44482,0.82759,0.36248,2.79725,37.0,0.0,0.0,
scaffold,activity_only,0.7,44,94.0,8.15629,0.74647,0.21924,3.085535,34.5,0.8404255319148937,0.4148936170212766,
scaffold,activity_only,0.7,45,89.0,7.6158,0.75,0.51581,3.25877,31.0,0.07865168539325842,0.02247191011235955,
scaffold,activity_only,0.7,46,92.0,7.880405,0.77695,0.40092,2.98818,33.0,0.14130434782608695,0.043478260869565216,
scaffold,activity_only,0.7,-1,,,,,,,,,0.6021505376344086
