seed,split,model,n_test,r2,rmse,mae,spearman
42,random,rf,403,0.6590571773752987,0.651623710978381,0.4825627420204169,0.8170789467432924
42,random,scrambled,403,-0.09855415522854849,1.16967939167849,0.9730531657375757,0.09207551698517204
42,random,mean,403,-0.00044124560184233275,1.1162253897987746,0.9344572960929987,
42,random,size_only,403,-0.029560907822385962,1.132353755413419,0.9355478658072113,0.07606794538647964
42,scaffold,rf,403,0.5087747249749716,0.8381345017889291,0.6732790344321388,0.7037040840611318
42,scaffold,scrambled,403,-0.1378473319566138,1.2756025074508417,1.0667103746375524,0.008612579677064724
42,scaffold,mean,403,-0.014437787223396725,1.2044425108121068,1.005080158070615,
42,scaffold,size_only,403,-0.05379528879179385,1.2275847731106662,1.0108458301544319,0.06063261028118969
42,paper,rf,403,0.3085407143089258,1.0617040116619765,0.8589810055383841,0.5862494017556958
42,paper,scrambled,403,-0.29170292834117184,1.4511138052806418,1.2360590247406813,-0.18060372977432768
42,paper,mean,403,-0.09236225321343228,1.3344536504650855,1.1577050064825503,
42,paper,size_only,403,-0.03761711081285668,1.300584920093536,1.124129657460395,0.10134738879325138
43,random,rf,403,0.5917546361445464,0.7344658604590842,0.5262561300192484,0.7831677023923932
43,random,scrambled,403,-0.12299635663745345,1.2181482806447415,1.0047805785196002,0.07129090411964228
43,random,mean,403,-0.0013431431854049602,1.1502770290995117,0.9660124464476624,
43,random,size_only,403,0.05089779193525956,1.1198696499528664,0.9314115165454174,0.1681668626173735
43,scaffold,rf,403,0.4837206078729821,0.9032157758656932,0.6868498724282665,0.712936162851184
43,scaffold,scrambled,403,-0.11694800031508246,1.328512352903056,1.107645771827962,-0.006859730734294431
43,scaffold,mean,403,-0.007747951980423773,1.261900410426204,1.0495776137229118,
43,scaffold,size_only,403,0.03227701005420436,1.2365869210108174,1.0290527605359538,0.18775435854259775
43,paper,rf,403,0.37992164717686816,0.8591466455837661,0.6659044494028132,0.54615571640221
43,paper,scrambled,403,-0.05974052550095399,1.1231655777290506,0.9266955189374524,0.09334134751615882
43,paper,mean,403,-0.0020848524083785236,1.0921851375387517,0.8731198015626771,
43,paper,size_only,403,0.006506277091031465,1.0874932686111338,0.8686674485376787,0.12701200765094423
44,random,rf,403,0.6305053724946079,0.7123270561575594,0.5287628667030334,0.8002379776575743
44,random,scrambled,403,-0.27098031631917907,1.321127670144598,1.1020873181709,-0.011534789806138054
44,random,mean,403,-0.038025680113447535,1.1939315404440123,1.0071128082326486,
44,random,size_only,403,-0.004546525728563733,1.1745199671783306,0.9919043503450681,0.10406939059854635
44,scaffold,rf,403,0.42713751283349877,0.8717040238335616,0.6975845543905806,0.6513698221932681
44,scaffold,scrambled,403,-0.07209494788495574,1.1925057542543078,0.9916126823839063,0.09108082010037978
44,scaffold,mean,403,-0.0022174847262721453,1.152988156401897,0.9601109839728752,
44,scaffold,size_only,403,0.013902936467258264,1.1436778007959518,0.9416267992723353,0.13575162271399227
44,paper,rf,403,0.29401203003909815,1.0176833778010514,0.8249253992739009,0.535272707597494
44,paper,scrambled,403,-0.03614276471857658,1.2328885807167562,1.0435621414712815,0.05897525714246835
44,paper,mean,403,-0.021679008017754686,1.224253250621023,1.0501744313640216,
44,paper,size_only,403,-0.05607184980057367,1.2446887490905176,1.0668593817865413,0.002396660002767485
45,random,rf,403,0.6591331335714834,0.651354330339085,0.47590300292815696,0.823524968341453
45,random,scrambled,403,-0.05977369614887351,1.1485012671317054,0.926906550250684,0.16259628735700754
45,random,mean,403,-0.0028646592985803743,1.1172389661298852,0.9207692065200591,
45,random,size_only,403,0.07691366058917115,1.0718797657303647,0.8759405344243582,0.2415941896855063
45,scaffold,rf,403,0.49448958865695747,0.860253985987961,0.6483258155525339,0.6990552559051245
45,scaffold,scrambled,403,-0.1758892023713472,1.3120332539427249,1.1014447448373617,-0.01999261279144397
45,scaffold,mean,403,-0.018396392812358497,1.2210123803941508,1.0296527879337485,
45,scaffold,size_only,403,-0.009599773784559895,1.2157275642439955,1.0125718730009885,0.1034986671336516
45,paper,rf,403,0.32443234363334095,0.8979740039873939,0.7273553045918312,0.599224582890773
45,paper,scrambled,403,-0.11919299249642212,1.1557977130971802,0.9957354353597546,-0.11224622301172632
45,paper,mean,403,-0.004731641559476474,1.095101514134769,0.9281849135752526,
45,paper,size_only,403,-0.17294369027821133,1.1832265916360947,1.00751594319186,-0.21395358273568973
46,random,rf,403,0.6370499580554764,0.6770112028420583,0.4862806584003663,0.8054744258856931
46,random,scrambled,403,-0.25364463773776635,1.258228892111431,1.0223416276636972,-0.033532950711752156
46,random,mean,403,-0.007809231003189865,1.1281363571849823,0.9355836112755761,
46,random,size_only,403,0.041507403711449675,1.1001877653511876,0.9183216805871981,0.1763804479131289
46,scaffold,rf,403,0.5069182045328007,0.7974421279719017,0.6098914220219316,0.7755223405243014
46,scaffold,scrambled,403,-0.007501951212006919,1.1398891997564358,0.8942652686455799,0.22990975868128455
46,scaffold,mean,403,-0.0005622304093928499,1.1359566108934018,0.928412389285861,
46,scaffold,size_only,403,-0.0772204753447876,1.178669351049034,0.9690333255229483,-0.038322198031388054
46,paper,rf,403,0.3924700678960905,0.9437311180828801,0.7621786698871414,0.6660411067913665
46,paper,scrambled,403,-0.06570682933346772,1.2499231448845582,1.0257860114215744,0.10292974273913186
46,paper,mean,403,-0.046333462330747865,1.2385099295362718,1.0364236011898667,
46,paper,size_only,403,0.02562385046180371,1.1951647014471323,0.999065734745418,0.1864811715945482
47,random,rf,403,0.6525844293531078,0.6830463320414891,0.49717364140299314,0.826706287619661
47,random,scrambled,403,-0.23510779915739888,1.2878875831595542,1.0528740377620038,-0.07489460480699589
47,random,mean,403,-0.0031538525346466173,1.1606714362128203,0.9773445194200717,
47,random,size_only,403,0.05162806822117405,1.1285345773614843,0.944065308697634,0.18648790982451127
47,scaffold,rf,403,0.4752580599275321,0.8358197374621538,0.6367402771056846,0.6798970046128362
47,scaffold,scrambled,403,-0.14444828882164806,1.2343485787412065,1.0234407914284769,0.0766267274827779
47,scaffold,mean,403,-0.1251461185106102,1.2238951038594192,1.0139598711581743,
47,scaffold,size_only,403,-0.10438267337182916,1.2125496384238734,0.9902779664724715,0.09328242289870677
47,paper,rf,403,0.2848893481502378,0.9971206435025964,0.7823776320269935,0.5025448072841441
47,paper,scrambled,403,-0.0006230181086306352,1.1794956094224025,0.9467843026456937,0.18545509691113654
47,paper,mean,403,-0.04383816466419099,1.2046965587588847,0.986933034358967,
47,paper,size_only,403,0.021818326120185638,1.1661941139673961,0.947397545058482,0.17009356437712914
48,random,rf,403,0.6150477362388498,0.717423661898411,0.5105134166214097,0.7928063156370194
48,random,scrambled,403,-0.10061390084031663,1.213080870579499,0.9992427116378664,0.0905808105769981
48,random,mean,403,-0.011076430803178106,1.1626908393958664,0.9803029837464745,
48,random,size_only,403,0.06363913271793364,1.1189067273841344,0.928373175438995,0.3200297106105353
48,scaffold,rf,403,0.5337420606794219,0.7081155238262231,0.543552361908194,0.7747039365266581
48,scaffold,scrambled,403,-0.15116543517925374,1.1126533144082469,0.9176451365127922,0.05160175250142154
48,scaffold,mean,403,-0.04449899695659121,1.0598514762559523,0.8970977700419458,
48,scaffold,size_only,403,0.014623799039529928,1.0294186447332165,0.864472705769721,0.21250608958333364
48,paper,rf,403,0.2427854841904057,0.9002254916372366,0.7390456109930403,0.5182389315773338
48,paper,scrambled,403,-0.30571611350611017,1.1821326787811322,0.997553368350084,-0.09150199293790613
48,paper,mean,403,-0.17045479683336007,1.1192295403786612,0.932861185697534,
48,paper,size_only,403,-0.23910903113788717,1.1515865991793124,0.9482105235012774,0.01087480793268447
49,random,rf,403,0.6668898410937277,0.6691356459738145,0.4944983394324014,0.8276667058579962
49,random,scrambled,403,-0.12052798381873653,1.2272458742445838,1.0172313917632805,0.12737560088984395
49,random,mean,403,-0.004204414836155301,1.1617997814656904,0.9882923297500029,
49,random,size_only,403,0.06233844014515899,1.1226471633520396,0.9523843261811643,0.18511576212045866
49,scaffold,rf,403,0.44326470745855795,0.7918606570629131,0.6181566609163442,0.6796751831768052
49,scaffold,scrambled,403,-0.1540312273239579,1.1400743369249697,0.9177548830933385,0.0580170666467593
49,scaffold,mean,403,-0.011448081734396931,1.0673237833726676,0.8554119337481976,
49,scaffold,size_only,403,0.03301915924152776,1.0435982066100569,0.8405930672529967,0.1549138665576185
49,paper,rf,403,0.21839676729742352,0.931226123158623,0.7459924012053996,0.3969291530891406
49,paper,scrambled,403,-0.014156826039166681,1.0607536530685755,0.8585867563285032,0.18651252847962893
49,paper,mean,403,-0.007713310849394528,1.057378497787015,0.8633019020484402,
49,paper,size_only,403,-0.025417284878254787,1.0666263146657151,0.8746577424184332,0.06608125071408257
50,random,rf,403,0.6840563846197006,0.6376870229624828,0.486094478291414,0.8308405138734662
50,random,scrambled,403,-0.06795194479165523,1.1724076480110397,0.9698150272484081,0.12137434829369034
50,random,mean,403,-0.009272860020274054,1.1397433969855784,0.9464471569680747,
50,random,size_only,403,0.04853816865530047,1.1066198925349244,0.899105391719347,0.21376691242796256
50,scaffold,rf,403,0.5229521907346577,0.8381016048997328,0.6716554553895785,0.7539123642901406
50,scaffold,scrambled,403,-0.08125330340771075,1.2617678085286086,1.0592600522155868,0.048631914710044494
50,scaffold,mean,403,-0.00011287154356720563,1.2135012492673345,1.033186821707073,
50,scaffold,size_only,403,0.03918399580892795,1.1894216344065998,1.0040910823372757,0.19797911230422882
50,paper,rf,403,0.2448227524399379,0.9738725426725423,0.7771421177579624,0.5186700604778379
50,paper,scrambled,403,-0.09455808740527494,1.1724574220987336,0.9735293642145276,-0.09494726006145529
50,paper,mean,403,-0.0006204796065116813,1.1210174340123626,0.9200416276119794,
50,paper,size_only,403,-0.07735225407631852,1.1632057368908544,0.9402888555354277,0.004777236494016537
51,random,rf,403,0.5953281136344042,0.7558698006605566,0.5609321282180196,0.784545934851681
51,random,scrambled,403,-0.20304613059773935,1.3032766599526258,1.082774232799878,-0.020198633835338167
51,random,mean,403,-0.014835467744502617,1.196997644811736,1.0080987257408556,
51,random,size_only,403,0.043771504292801744,1.1619202432219615,0.9710462797216669,0.24604232141718854
51,scaffold,rf,403,0.4927836702075593,0.8477140709588495,0.6872620586869058,0.7475661873806216
51,scaffold,scrambled,403,-0.04249999738796073,1.2153204608218229,1.030946951957393,0.20303979447768922
51,scaffold,mean,403,-0.06192336631181106,1.2265898507773074,1.0478810912966787,
51,scaffold,size_only,403,0.0003881819724097513,1.1900589348944777,1.0230947886655586,0.14381837039480508
51,paper,rf,403,0.30628930843971036,1.0885675182137817,0.8870045919790844,0.5805967432161987
51,paper,scrambled,403,-0.11986824228424675,1.3830874536126339,1.1583984587956424,-0.08206098367856036
51,paper,mean,403,-0.004526794176491933,1.3099265358609509,1.1181159402483845,
51,paper,size_only,403,0.005781417715084891,1.303188129083755,1.1117525699481035,0.057487965320226334
