control,group,self_excluded,n_weighted,reference_prevalence_of_heldout,status,n_distinct,n_standardization_failed,n_distinct_standardization_failed,n_tautomer_incomplete,median_proximity_to_held_actives_weighted,fingerprint_identical_weighted,exact_std_isomeric_weighted,exact_std_flat_weighted,exact_strict_stereo_weighted,nearest_is_heldout_weighted,nearest_tie_share_weighted,any_tied_nearest_is_heldout_weighted,neighbour_annotation_potent_weighted,n_with_reference_weighted,no_reference_neighbour_weighted,n_with_reference_neighbour_above_threshold_weighted,proximity_ge_0.5_weighted,proximity_ge_0.6_weighted,proximity_ge_0.7_weighted,proximity_ge_0.8_weighted,median_proximity_to_held_actives_distinct,fingerprint_identical_distinct,exact_std_isomeric_distinct,exact_std_flat_distinct,exact_strict_stereo_distinct,nearest_is_heldout_distinct,nearest_tie_share_distinct,any_tied_nearest_is_heldout_distinct,neighbour_annotation_potent_distinct,n_with_reference_distinct,no_reference_neighbour_distinct,n_with_reference_neighbour_above_threshold_distinct,proximity_ge_0.5_distinct,proximity_ge_0.6_distinct,proximity_ge_0.7_distinct,proximity_ge_0.8_distinct,recall_share,actives_hit,n_actives,n_distinct_generated,scaffold_equality_hits,n_held_scaffolds
molecule,multi_real,False,500.0000,0.1012,ok,418.0000,0.0000,0.0000,0.0000,0.3191,0.0000,0.0000,0.0000,0.0000,0.2240,0.0580,0.2280,0.6364,500.0000,0.0000,11.0000,0.0480,0.0160,0.0020,0.0000,0.3174,0.0000,0.0000,0.0000,0.0000,0.2297,0.0598,0.2344,0.7000,418.0000,0.0000,10.0000,0.0550,0.0191,0.0024,0.0000,,,,,,
molecule,multi_scrambled,False,500.0000,0.1012,ok,483.0000,0.0000,0.0000,0.0000,0.2639,0.0000,0.0000,0.0000,0.0000,0.0540,0.0500,0.0600,0.0000,500.0000,0.0000,1.0000,0.0000,0.0000,0.0000,0.0000,0.2639,0.0000,0.0000,0.0000,0.0000,0.0538,0.0497,0.0600,0.0000,483.0000,0.0000,1.0000,0.0000,0.0000,0.0000,0.0000,,,,,,
molecule,activity_only,False,488.0000,0.1012,ok,485.0000,0.0000,0.0000,7.0000,0.6783,0.0041,0.0041,0.0041,0.0041,0.6844,0.2746,0.6865,0.6933,488.0000,0.0000,450.0000,0.9754,0.8443,0.4447,0.1086,0.6825,0.0041,0.0041,0.0041,0.0041,0.6990,0.2639,0.7010,0.7101,485.0000,0.0000,445.0000,0.9753,0.8392,0.4474,0.1052,,,,,,
molecule,druglike_only,False,500.0000,0.1012,ok,474.0000,0.0000,0.0000,0.0000,0.2733,0.0000,0.0000,0.0000,0.0000,0.0460,0.0640,0.0480,0.0000,500.0000,0.0000,1.0000,0.0000,0.0000,0.0000,0.0000,0.2703,0.0000,0.0000,0.0000,0.0000,0.0485,0.0570,0.0506,0.0000,474.0000,0.0000,1.0000,0.0000,0.0000,0.0000,0.0000,,,,,,
molecule,start molecules,True,500.0000,0.1012,ok,438.0000,0.0000,0.0000,5.0000,0.3288,0.0040,0.0000,0.0040,0.0000,0.0800,0.0940,0.0820,0.0823,500.0000,0.0000,462.0000,0.3340,0.2800,0.1680,0.0680,0.3288,0.0046,0.0000,0.0046,0.0000,0.0753,0.0959,0.0776,0.0767,438.0000,0.0000,404.0000,0.3402,0.2831,0.1667,0.0685,,,,,,
molecule,remaining training,True,1631.0000,0.1012,ok,1631.0000,0.0000,0.0000,14.0000,0.3294,0.0031,0.0000,0.0031,0.0000,0.0668,0.0840,0.0730,0.0657,1631.0000,0.0000,1462.0000,0.3397,0.2624,0.1447,0.0460,0.3294,0.0031,0.0000,0.0031,0.0000,0.0668,0.0840,0.0730,0.0657,1631.0000,0.0000,1462.0000,0.3397,0.2624,0.1447,0.0460,,,,,,
molecule,multi_real (recall),,,,,,,,,,,,,,,,,,,,,,,,,,,,,,,,,,,,,,,,,0.4412,90.0000,204.0000,2598.0000,19.0000,100.0000
molecule,multi_scrambled (recall),,,,,,,,,,,,,,,,,,,,,,,,,,,,,,,,,,,,,,,,,0.1912,39.0000,204.0000,2983.0000,11.0000,100.0000
molecule,activity_only (recall),,,,,,,,,,,,,,,,,,,,,,,,,,,,,,,,,,,,,,,,,0.5245,107.0000,204.0000,3398.0000,20.0000,100.0000
molecule,druglike_only (recall),,,,,,,,,,,,,,,,,,,,,,,,,,,,,,,,,,,,,,,,,0.2010,41.0000,204.0000,2972.0000,9.0000,100.0000
scaffold,multi_real,False,500.0000,0.0461,ok,428.0000,0.0000,0.0000,0.0000,0.3106,0.0000,0.0000,0.0000,0.0000,0.1640,0.0720,0.1660,0.7250,500.0000,0.0000,80.0000,0.1600,0.0240,0.0000,0.0000,0.3065,0.0000,0.0000,0.0000,0.0000,0.1612,0.0771,0.1636,0.7667,428.0000,0.0000,60.0000,0.1589,0.0280,0.0000,0.0000,,,,,,
scaffold,multi_scrambled,False,498.0000,0.0461,ok,495.0000,0.0000,0.0000,0.0000,0.1711,0.0000,0.0000,0.0000,0.0000,0.0000,0.0402,0.0000,0.0000,498.0000,0.0000,3.0000,0.0000,0.0000,0.0000,0.0000,0.1714,0.0000,0.0000,0.0000,0.0000,0.0000,0.0404,0.0000,0.0000,495.0000,0.0000,3.0000,0.0000,0.0000,0.0000,0.0000,,,,,,
scaffold,activity_only,False,494.0000,0.0461,ok,493.0000,0.0000,0.0000,34.0000,0.4621,0.0000,0.0000,0.0000,0.0000,0.1255,0.0040,0.1275,0.8811,494.0000,0.0000,412.0000,0.3968,0.1640,0.0263,0.0000,0.4493,0.0000,0.0000,0.0000,0.0000,0.1258,0.0020,0.1278,0.8802,493.0000,0.0000,384.0000,0.3753,0.1602,0.0264,0.0000,,,,,,
scaffold,druglike_only,False,500.0000,0.0461,ok,490.0000,0.0000,0.0000,0.0000,0.2024,0.0000,0.0000,0.0000,0.0000,0.0140,0.0360,0.0180,,500.0000,0.0000,0.0000,0.0000,0.0000,0.0000,0.0000,0.2012,0.0000,0.0000,0.0000,0.0000,0.0143,0.0367,0.0184,,490.0000,0.0000,0.0000,0.0000,0.0000,0.0000,0.0000,,,,,,
scaffold,start molecules,True,500.0000,0.0461,ok,437.0000,0.0000,0.0000,5.0000,0.2179,0.0000,0.0000,0.0000,0.0000,0.0100,0.0940,0.0120,0.0583,500.0000,0.0000,446.0000,0.1060,0.0820,0.0260,0.0020,0.2195,0.0000,0.0000,0.0000,0.0000,0.0092,0.0938,0.0114,0.0588,437.0000,0.0000,391.0000,0.1007,0.0801,0.0252,0.0023,,,,,,
scaffold,remaining training,True,1591.0000,0.0461,ok,1591.0000,0.0000,0.0000,16.0000,0.2150,0.0000,0.0000,0.0000,0.0000,0.0151,0.0893,0.0157,0.0766,1591.0000,0.0000,1410.0000,0.0867,0.0635,0.0207,0.0019,0.2150,0.0000,0.0000,0.0000,0.0000,0.0151,0.0893,0.0157,0.0766,1591.0000,0.0000,1410.0000,0.0867,0.0635,0.0207,0.0019,,,,,,
scaffold,multi_real (recall),,,,,,,,,,,,,,,,,,,,,,,,,,,,,,,,,,,,,,,,,0.3656,34.0000,93.0000,2626.0000,4.0000,9.0000
scaffold,multi_scrambled (recall),,,,,,,,,,,,,,,,,,,,,,,,,,,,,,,,,,,,,,,,,0.1720,16.0000,93.0000,3125.0000,2.0000,9.0000
scaffold,activity_only (recall),,,,,,,,,,,,,,,,,,,,,,,,,,,,,,,,,,,,,,,,,0.5054,47.0000,93.0000,4065.0000,4.0000,9.0000
scaffold,druglike_only (recall),,,,,,,,,,,,,,,,,,,,,,,,,,,,,,,,,,,,,,,,,0.1505,14.0000,93.0000,2963.0000,2.0000,9.0000
