experiment,arm,seed,pred_real,max_tanimoto,qed,sa,atoms,n_scaffolds,drift_lt_0.4
primary,activity_only,42,8.60082,0.691745,0.268035,3.201925,35.0,14,0.0
primary,activity_only,43,8.31362,0.74074,0.333405,2.80989,34.0,51,0.0
primary,activity_only,44,8.50335,0.68966,0.34267,2.97692,34.0,30,0.0
primary,activity_only,45,8.602129999999999,0.70149,0.29957999999999996,3.162995,35.0,14,0.0
primary,activity_only,46,8.58897,0.70968,0.29382,3.09423,36.0,27,0.0
primary,druglike_only,42,6.053135,0.34021500000000005,0.935865,1.74945,21.0,22,0.86
primary,druglike_only,43,6.192360000000001,0.393585,0.93799,1.660245,22.0,40,0.54
primary,druglike_only,44,5.914715,0.352395,0.93263,1.705535,21.0,30,0.77
primary,druglike_only,45,6.206815000000001,0.38061500000000004,0.926705,1.791325,22.0,74,0.68
primary,druglike_only,46,6.13446,0.36066,0.930835,1.68202,21.0,42,0.78
primary,multi_real,42,7.728875,0.36436,0.9078999999999999,1.994485,21.0,22,0.69
primary,multi_real,43,7.695819999999999,0.38776,0.901565,2.088255,21.0,39,0.56
primary,multi_real,44,7.622,0.37756999999999996,0.90569,2.0900749999999997,21.0,40,0.64
primary,multi_real,45,7.74255,0.48571,0.90788,2.53225,22.0,25,0.21212121212121213
primary,multi_real,46,7.698595,0.37807999999999997,0.91639,2.025685,21.0,39,0.68
primary,multi_scrambled,42,6.749375000000001,0.38647,0.91475,2.449485,23.0,69,0.53
primary,multi_scrambled,43,5.90951,0.35322,0.899025,2.5791500000000003,22.0,84,0.63
primary,multi_scrambled,44,6.752750000000001,0.37321499999999996,0.915485,2.26591,24.0,66,0.65
primary,multi_scrambled,45,6.182685,0.31646,0.92205,2.128725,23.0,41,0.91
primary,multi_scrambled,46,5.96285,0.37313,0.91374,1.77264,23.0,59,0.6464646464646465
split 42,activity_only,42,8.35366,0.50769,0.16595,3.90542,36.0,46,0.13131313131313133
split 42,activity_only,43,8.675,0.78947,0.25959,3.97258,35.0,26,0.0
split 42,activity_only,44,8.750395000000001,0.83333,0.258195,3.86197,36.0,35,0.0
split 42,activity_only,45,8.404409999999999,0.56944,0.140415,4.41708,36.0,24,0.0
split 42,activity_only,46,8.68772,0.775,0.2952,3.99938,35.0,47,0.0
split 42,druglike_only,42,6.3718900000000005,0.350325,0.933175,1.753425,21.0,43,0.83
split 42,druglike_only,43,6.297000000000001,0.36451,0.92689,1.7000899999999999,22.0,83,0.75
split 42,druglike_only,44,6.366725000000001,0.355495,0.927745,1.686645,22.0,60,0.84
split 42,druglike_only,45,6.3692,0.3709,0.9325749999999999,1.68973,22.0,71,0.73
split 42,druglike_only,46,6.434525000000001,0.366025,0.93103,1.68574,22.0,72,0.8
split 42,multi_real,42,7.596080000000001,0.35505,0.917225,1.834945,21.0,17,0.79
split 42,multi_real,43,7.634415000000001,0.34356,0.91524,1.892145,21.0,36,0.81
split 42,multi_real,44,7.57749,0.35088,0.916065,1.93967,21.0,33,0.81
split 42,multi_real,45,7.518205,0.342345,0.91535,1.85707,21.0,31,0.82
split 42,multi_real,46,7.58202,0.33846,0.90957,1.900695,21.0,35,0.85
split 42,multi_scrambled,42,5.966105000000001,0.32282999999999995,0.91346,2.097055,21.0,47,0.91
split 42,multi_scrambled,43,6.05607,0.35385,0.9073,2.02797,22.0,74,0.7474747474747475
split 42,multi_scrambled,44,6.160515,0.299255,0.91611,2.09826,22.0,71,0.92
split 42,multi_scrambled,45,5.939145,0.365765,0.9057999999999999,2.0933349999999997,22.0,69,0.69
split 42,multi_scrambled,46,5.668865,0.32894,0.92582,2.00151,22.0,53,0.94
split 43,activity_only,42,8.6183,0.68852,0.26018,3.13462,36.0,28,0.0
split 43,activity_only,43,8.65248,0.68116,0.27066,3.25591,36.0,21,0.0
split 43,activity_only,44,8.65293,0.69863,0.30792,3.01068,35.0,24,0.0
split 43,activity_only,45,8.64659,0.69118,0.27203,3.10854,35.0,19,0.0
split 43,activity_only,46,8.651145,0.67143,0.28549,3.261115,36.0,37,0.0
split 43,druglike_only,42,6.223190000000001,0.35849,0.93191,1.6538149999999998,21.0,19,0.79
split 43,druglike_only,43,6.288075,0.33333,0.932975,1.70652,22.0,36,0.93
split 43,druglike_only,44,6.4383,0.328115,0.935125,1.786335,21.0,26,0.9
split 43,druglike_only,45,6.251715,0.35136500000000004,0.9329449999999999,1.7303950000000001,22.0,54,0.82
split 43,druglike_only,46,6.1245899999999995,0.31791,0.927465,1.804525,21.0,27,0.86
split 43,multi_real,42,7.80644,0.37401,0.91184,1.96033,21.0,20,0.61
split 43,multi_real,43,7.800905,0.421215,0.90066,2.32885,21.0,42,0.3979591836734694
split 43,multi_real,44,7.775845,0.37037,0.907745,2.035775,21.0,27,0.6
split 43,multi_real,45,7.774789999999999,0.36364,0.9077,2.04157,21.0,33,0.67
split 43,multi_real,46,7.909765,0.4802,0.92103,2.687825,21.0,22,0.21
split 43,multi_scrambled,42,6.17789,0.304955,0.918485,2.145415,22.0,74,0.88
split 43,multi_scrambled,43,6.21129,0.30718,0.91772,2.2817600000000002,22.0,78,0.92
split 43,multi_scrambled,44,5.996465000000001,0.352395,0.87721,2.129345,22.0,50,0.68
split 43,multi_scrambled,45,6.113855,0.312875,0.9236949999999999,2.2000599999999997,23.0,89,0.91
split 43,multi_scrambled,46,5.870979999999999,0.3054,0.912885,2.253565,22.0,45,0.88
split 44,activity_only,42,8.521249999999998,0.7178,0.356375,3.18093,34.5,22,0.0
split 44,activity_only,43,8.42439,0.778595,0.317465,2.94659,33.0,20,0.0
split 44,activity_only,44,8.544015,0.7435700000000001,0.33238999999999996,3.524835,34.0,35,0.0
split 44,activity_only,45,8.5458,0.70968,0.27612,3.06699,35.0,24,0.0
split 44,activity_only,46,8.54587,0.71875,0.28049,3.22773,36.0,19,0.0
split 44,druglike_only,42,6.0312850000000005,0.35653500000000005,0.9355249999999999,1.769995,22.0,53,0.86
split 44,druglike_only,43,6.04014,0.352395,0.9356850000000001,1.711295,22.0,54,0.78
split 44,druglike_only,44,5.996175,0.36802500000000005,0.937605,1.685565,22.0,64,0.73
split 44,druglike_only,45,6.15582,0.36765,0.92944,1.780905,22.0,93,0.78
split 44,druglike_only,46,6.00656,0.35136500000000004,0.933155,1.6861000000000002,22.0,29,0.8
split 44,multi_real,42,7.705885,0.36842,0.90505,1.9200949999999999,21.0,31,0.73
split 44,multi_real,43,7.7349,0.372985,0.895575,2.04876,21.0,25,0.65
split 44,multi_real,44,7.714365,0.37288,0.90912,1.9866700000000002,21.0,22,0.63
split 44,multi_real,45,7.640415,0.35593,0.915285,1.8996650000000002,21.0,11,0.8
split 44,multi_real,46,7.70383,0.36603,0.906725,2.01178,21.0,26,0.65
split 44,multi_scrambled,42,6.218135,0.311145,0.93184,2.2799,23.0,23,0.97
split 44,multi_scrambled,43,6.191995,0.351165,0.92584,2.053045,21.0,76,0.77
split 44,multi_scrambled,44,6.21018,0.34043,0.908785,1.88865,22.0,55,0.87
split 44,multi_scrambled,45,6.269945,0.349605,0.92118,1.843455,22.0,46,0.78
split 44,multi_scrambled,46,6.06926,0.322555,0.907,1.868755,21.0,23,0.94
split 45,activity_only,42,8.451139999999999,0.76471,0.16636499999999999,3.459415,35.0,94,0.0
split 45,activity_only,43,8.48534,0.65152,0.18187,3.30774,34.0,81,0.0
split 45,activity_only,44,8.39704,0.72727,0.0995,3.56847,37.0,14,0.0
split 45,activity_only,45,8.49644,0.5,0.197175,2.73189,34.0,83,0.0
split 45,activity_only,46,8.40738,0.60656,0.14416,3.77494,35.0,72,0.010526315789473684
split 45,druglike_only,42,6.365605,0.36492,0.93563,1.6810450000000001,22.0,65,0.78
split 45,druglike_only,43,6.529555,0.355005,0.9369099999999999,1.684725,23.0,57,0.7
split 45,druglike_only,44,6.175225,0.341045,0.938515,1.80626,22.0,38,0.84
split 45,druglike_only,45,6.311355000000001,0.375,0.93576,1.714065,22.0,60,0.79
split 45,druglike_only,46,6.4089100000000006,0.36364,0.92808,1.65998,22.0,65,0.79
split 45,multi_real,42,7.733395,0.34615,0.90964,2.100215,21.0,34,0.76
split 45,multi_real,43,7.70838,0.34699,0.917265,1.8641299999999998,21.0,25,0.86
split 45,multi_real,44,7.87368,0.336155,0.92335,2.3416449999999998,21.0,12,0.98
split 45,multi_real,45,7.624135,0.33333,0.920795,1.9669,21.0,27,0.94
split 45,multi_real,46,7.74339,0.36701,0.908605,2.139065,21.0,28,0.72
split 45,multi_scrambled,42,6.59328,0.36737,0.8992899999999999,2.0136149999999997,22.0,52,0.7
split 45,multi_scrambled,43,6.41842,0.31148,0.91254,2.151655,22.0,45,0.9
split 45,multi_scrambled,44,6.13796,0.34968,0.915125,1.96415,22.0,94,0.91
split 45,multi_scrambled,45,6.2038899999999995,0.33898,0.914415,1.852585,23.0,61,0.93
split 45,multi_scrambled,46,6.30776,0.33871,0.927515,1.855645,23.0,64,0.88
split 46,activity_only,42,8.40873,0.75362,0.19796,3.35368,36.0,87,0.0
split 46,activity_only,43,8.42268,0.74513,0.26787,3.849145,34.0,61,0.0
split 46,activity_only,44,8.63586,0.68116,0.28634,3.02489,36.0,30,0.0
split 46,activity_only,45,8.500775,0.6375,0.26853499999999997,3.13225,36.0,23,0.0
split 46,activity_only,46,8.46861,0.69231,0.30046,3.170925,35.0,37,0.0
split 46,druglike_only,42,6.3891,0.35417,0.93375,1.67748,21.0,25,0.7
split 46,druglike_only,43,6.38202,0.357815,0.93856,1.753775,22.0,33,0.84
split 46,druglike_only,44,6.32976,0.376025,0.93143,1.65725,22.0,73,0.7
split 46,druglike_only,45,6.569660000000001,0.36523,0.9362550000000001,1.74959,22.0,25,0.74
split 46,druglike_only,46,6.3500700000000005,0.383975,0.9220550000000001,1.704955,21.5,70,0.58
split 46,multi_real,42,7.719060000000001,0.35505,0.90912,1.92217,21.0,14,0.8
split 46,multi_real,43,7.75915,0.4013,0.912365,2.091815,21.0,16,0.48
split 46,multi_real,44,7.923605,0.36207,0.912635,2.121245,21.0,11,0.64
split 46,multi_real,45,7.743705,0.38919000000000004,0.90635,2.10073,21.0,34,0.52
split 46,multi_real,46,7.950235,0.41223,0.90797,2.281065,21.0,50,0.4
split 46,multi_scrambled,42,6.27151,0.335895,0.90555,1.8228650000000002,22.0,41,0.83
split 46,multi_scrambled,43,6.18361,0.30769,0.90151,1.90981,21.0,28,0.8888888888888888
split 46,multi_scrambled,44,6.14702,0.35088,0.91245,1.773065,22.0,48,0.77
split 46,multi_scrambled,45,6.35359,0.31579,0.89986,1.83815,22.0,35,0.8686868686868687
split 46,multi_scrambled,46,6.096335,0.32028999999999996,0.914305,1.69597,22.0,37,0.81
