set,rows,completed,prep_failed,dock_failed,pose_export_failed,no_job
M:activity_only,100,100,0,0,0,0
M:decoys,100,100,0,0,0,0
M:druglike_only,100,100,0,0,0,0
M:heldout_actives,100,100,0,0,0,0
M:multi_real,100,100,0,0,0,0
M:multi_scrambled,100,100,0,0,0,0
M:random_remaining,100,100,0,0,0,0
P:activity_only,100,100,0,0,0,0
P:decoys,100,99,1,0,0,0
P:druglike_only,100,100,0,0,0,0
P:multi_real,100,100,0,0,0,0
P:multi_scrambled,100,100,0,0,0,0
P:pareto_front,124,124,0,0,0,0
P:random_training,100,100,0,0,0,0
P:training_top_decile,100,100,0,0,0,0
S:activity_only,100,100,0,0,0,0
S:decoys,93,93,0,0,0,0
S:druglike_only,100,100,0,0,0,0
S:heldout_actives,93,93,0,0,0,0
S:multi_real,100,100,0,0,0,0
S:multi_scrambled,100,100,0,0,0,0
S:random_remaining,100,100,0,0,0,0
