set,n_in_set,n_with_pose,n_contact,median_distance,share_of_set,share_of_posed
P:training_top_decile,100,100,90,3.0660364242711795,0.9,0.9
M:heldout_actives,100,100,88,3.068115155460808,0.88,0.88
S:heldout_actives,93,93,88,3.0512662945079065,0.946236559139785,0.946236559139785
P:random_training,100,100,65,3.149317862701075,0.65,0.65
M:random_remaining,100,100,69,3.1544621812613958,0.69,0.69
S:random_remaining,100,100,64,3.2468227766777775,0.64,0.64
P:multi_real,100,100,60,3.292953916122908,0.6,0.6
P:multi_scrambled,100,100,61,3.288211570892163,0.61,0.61
P:activity_only,100,100,92,3.049063526286277,0.92,0.92
P:druglike_only,100,100,40,3.6455656896281265,0.4,0.4
P:pareto_front,124,124,72,3.3582307888203227,0.5806451612903226,0.5806451612903226
P:decoys,100,99,61,3.279304042018668,0.61,0.6161616161616161
M:multi_real,100,100,45,3.6815856327355396,0.45,0.45
M:multi_scrambled,100,100,55,3.434247077311648,0.55,0.55
M:activity_only,100,100,86,3.025785088259165,0.86,0.86
M:druglike_only,100,100,45,3.5713837014907623,0.45,0.45
M:decoys,100,100,71,3.1905328314147035,0.71,0.71
S:multi_real,100,100,72,3.187943614476349,0.72,0.72
S:multi_scrambled,100,100,33,4.092265750215695,0.33,0.33
S:activity_only,100,100,77,3.050375549560255,0.77,0.77
S:druglike_only,100,100,55,3.355187496155859,0.55,0.55
S:decoys,93,93,69,3.1195502881024417,0.7419354838709677,0.7419354838709677
