arm,seed,n_generated,pred_real,pred_scrambled,max_tanimoto,size_pctile,qed,sa,n_heavy_atoms,tautomer_incomplete_share
multi_real,42,100,7.728875,6.502549999999999,0.36436,5.88235,0.9078999999999999,1.994485,21.0,0.0
multi_real,43,100,7.695819999999999,6.501265,0.38776,6.91244,0.901565,2.088255,21.0,0.0
multi_real,44,100,7.622,6.504555,0.37756999999999996,6.45161,0.90569,2.0900749999999997,21.0,0.0
multi_real,45,99,7.74255,6.56825,0.48571,10.90535,0.90788,2.53225,22.0,0.0
multi_real,46,100,7.698595,6.43003,0.37807999999999997,6.493779999999999,0.91639,2.025685,21.0,0.0
multi_scrambled,42,100,6.749375000000001,7.3342600000000004,0.38647,4.90624,0.91475,2.449485,23.0,0.0
multi_scrambled,43,100,5.90951,7.32257,0.35322,5.14894,0.899025,2.5791500000000003,22.0,0.0
multi_scrambled,44,100,6.752750000000001,7.296234999999999,0.37321499999999996,4.670400000000001,0.915485,2.26591,24.0,0.0
multi_scrambled,45,100,6.182685,7.168895,0.31646,2.71186,0.92205,2.128725,23.0,0.0
multi_scrambled,46,99,5.96285,7.15786,0.37313,4.35511,0.91374,1.77264,23.0,0.0
activity_only,42,100,8.60082,6.489525,0.691745,13.595215,0.268035,3.201925,35.0,0.0
activity_only,43,98,8.31362,6.911665,0.74074,21.023945,0.333405,2.80989,34.0,0.0
activity_only,44,95,8.50335,6.49352,0.68966,14.39024,0.34267,2.97692,34.0,0.0
activity_only,45,100,8.602129999999999,6.489155,0.70149,13.94765,0.29957999999999996,3.162995,35.0,0.0
activity_only,46,99,8.58897,6.46954,0.70968,14.12742,0.29382,3.09423,36.0,0.0
druglike_only,42,100,6.053135,6.576505,0.34021500000000005,4.77328,0.935865,1.74945,21.0,0.0
druglike_only,43,100,6.192360000000001,6.655115,0.393585,5.864895000000001,0.93799,1.660245,22.0,0.0
druglike_only,44,100,5.914715,6.64171,0.352395,4.93827,0.93263,1.705535,21.0,0.0
druglike_only,45,100,6.206815000000001,6.64121,0.38061500000000004,4.93827,0.926705,1.791325,22.0,0.0
druglike_only,46,100,6.13446,6.578765,0.36066,5.22876,0.930835,1.68202,21.0,0.0
