arm,seed,net_rise,fraction_nondecreasing,spearman_generation,n_qualified
multi_real,42,1.0682350000000005,0.88,0.9964244053493165,51
multi_real,43,1.1816649999999997,0.86,0.9973979020726654,51
multi_real,44,1.0269499999999994,0.82,0.994566893647229,51
multi_real,45,1.0239899999999995,0.8,0.9731889311161304,51
multi_real,46,1.2082100000000002,0.88,0.9980764752876394,51
multi_scrambled,42,0.08873500000000067,0.58,0.7026256944486464,51
multi_scrambled,43,-0.6046449999999997,0.46,-0.931851686114806,51
multi_scrambled,44,0.15770000000000017,0.58,0.699893684149123,51
multi_scrambled,45,-0.5358749999999999,0.58,-0.9453238761092234,51
multi_scrambled,46,-0.5275349999999994,0.42,0.14654686550505802,51
activity_only,42,1.9401800000000007,1.0,0.9999773753096726,51
activity_only,43,1.7994650000000005,1.0,0.9999773753096726,51
activity_only,44,1.9082999999999988,1.0,0.9999999999999999,51
activity_only,45,1.8835699999999989,1.0,0.9999999999999999,51
activity_only,46,2.098585,1.0,0.9999999999999999,51
druglike_only,42,-0.6075049999999997,0.56,-0.6295777083075053,51
druglike_only,43,-0.32179499999999894,0.58,0.37706476339721756,51
druglike_only,44,-0.6803350000000004,0.36,-0.9598751179214541,51
druglike_only,45,-0.5117449999999995,0.54,-0.4273683425579253,51
druglike_only,46,-0.35592500000000005,0.52,-0.7687433224313639,51
