set,n,n_vina,pActivity,basis,Vina,QED,SA,MW,cLogP,diversity,pct_PAINS,pct_PB_pass,max_Tanimoto
P:training_top_decile,100,100,8.398,measured,-8.312,0.530,2.781,405.167,3.355,0.831,15.000,99.000,0.778
M:heldout_actives,100,100,8.398,measured,-8.167,0.517,2.914,410.399,3.439,0.835,9.000,99.000,0.726
S:heldout_actives,93,93,8.398,measured,-8.175,0.537,3.025,428.356,3.377,0.752,8.602,100.000,0.672
P:random_training,100,100,6.588,measured,-8.234,0.519,2.857,428.026,3.874,0.865,13.000,99.000,0.781
M:random_remaining,100,100,6.278,measured,-8.282,0.546,2.928,417.325,3.454,0.870,7.000,96.000,0.778
S:random_remaining,100,100,6.008,measured,-8.439,0.536,2.780,418.499,3.628,0.871,7.000,99.000,0.794
P:multi_real,100,100,7.704,predicted,-7.782,0.902,2.061,305.403,2.738,0.718,1.000,99.000,0.379
P:multi_scrambled,100,100,6.165,predicted,-7.641,0.910,2.220,316.929,3.026,0.792,6.000,99.000,0.367
P:activity_only,100,100,8.580,predicted,-8.861,0.296,3.056,484.074,5.010,0.495,10.000,97.000,0.705
P:druglike_only,100,100,6.064,predicted,-7.543,0.931,1.720,298.364,3.146,0.781,11.000,99.000,0.376
P:pareto_front,124,124,7.592,predicted,-7.876,0.918,1.853,305.873,3.048,0.784,6.452,99.194,0.426
P:decoys,100,99,6.375,predicted,-8.113,0.618,2.951,396.459,3.239,0.859,7.000,94.000,0.476
M:multi_real,100,100,7.217,predicted,-7.973,0.910,1.886,304.415,2.680,0.671,2.000,97.000,0.345
M:multi_scrambled,100,100,6.053,predicted,-7.805,0.916,1.799,311.363,2.743,0.742,7.000,99.000,0.366
M:activity_only,100,100,7.841,predicted,-8.162,0.293,4.090,522.018,3.564,0.597,9.000,89.000,0.700
M:druglike_only,100,100,6.064,predicted,-7.548,0.929,1.715,298.364,2.944,0.763,23.000,100.000,0.357
M:decoys,100,100,6.251,predicted,-8.019,0.633,2.856,392.938,3.283,0.861,6.000,100.000,0.480
S:multi_real,100,100,7.431,predicted,-7.944,0.909,2.353,318.891,2.656,0.789,6.000,99.000,0.424
S:multi_scrambled,100,100,5.931,predicted,-7.385,0.920,2.119,308.429,2.924,0.815,15.000,99.000,0.319
S:activity_only,100,100,8.386,predicted,-8.529,0.190,3.311,505.516,3.974,0.683,84.000,98.000,0.683
S:druglike_only,100,100,6.092,predicted,-7.704,0.932,1.767,297.400,3.175,0.784,17.000,99.000,0.355
S:decoys,93,93,6.418,predicted,-8.082,0.617,2.898,400.232,3.335,0.859,5.376,97.849,0.493
